Transaction_Type,Channel,Device_Type,International_Transaction,Customer_Segment,Account_Status,Monthly_Income_Band,log_amount,hour_sin,hour_cos,is_overnight,Tenure_Months,Digital_Engagement_Score,cust_running_avg_amount,cust_prior_flag_rate,amount_vs_cust_avg_ratio,actual,predicted,proba,outcome
Card Purchase,Mobile App,Android,0,Everyday,Active,Below 100k,7.317172566928729,0.0,1.0,1,52,100.0,65913.985,0.5,0.6594351765921811,0,0,0.4954874123829671,TN
Transfer,Web,Android,0,Everyday,Active,250k-499k,10.829558699838543,0.0,1.0,1,94,72.4,105169.7125,0.0,0.9365424320851732,0,1,0.5645309264061565,FP
Transfer,Mobile App,POS Terminal,0,Everyday,Active,250k-499k,6.422272462887942,0.0,1.0,1,33,52.5,11712.813333333332,0.4444444444444444,0.6855159284223258,1,1,0.5743961229580419,TP
Transfer,Web,Android,1,Student,Active,100k-249k,11.487200599790423,0.0,1.0,1,69,53.7,30378.714,0.2,1.112935795069964,0,1,0.6258860864779096,FP
Bill Payment,Mobile App,Web Browser,1,Student,Active,500k-999k,9.912314975936916,0.0,1.0,1,88,47.4,45571.02428571428,0.1428571428571428,0.9240486078095456,0,1,0.5907355611141782,FP
Transfer,Mobile App,Android,0,SME,Dormant,250k-499k,6.590685589635764,0.2588190451025207,0.9659258262890684,1,20,74.7,23127.34,0.0,0.655867010761467,1,1,0.605907427434144,TP
Card Purchase,Web,Android,0,Everyday,Active,250k-499k,8.889775539049507,0.2588190451025207,0.9659258262890684,1,27,53.4,36107.92,0.2727272727272727,0.8471055335507126,0,0,0.4965901182931764,TN
Bill Payment,USSD,Android,0,Everyday,Active,100k-249k,8.356160216164932,0.2588190451025207,0.9659258262890684,1,89,77.4,11052.933333333334,0.0,0.897494536185764,0,1,0.5481885975730488,FP
Bill Payment,ATM,Android,0,SME,Active,Below 100k,7.053343692719871,0.2588190451025207,0.9659258262890684,1,14,23.6,14778.93,0.0,0.7346448276082272,0,0,0.4725263584333654,TN
Cash Withdrawal,Mobile App,iOS,0,Everyday,Active,Below 100k,7.758734924700538,0.2588190451025207,0.9659258262890684,1,38,96.2,41037.09375,0.0,0.7304225112496834,1,1,0.58839862314328,TP
Cash Withdrawal,Mobile App,Android,0,SME,Active,500k-999k,7.792695684793851,0.2588190451025207,0.9659258262890684,1,2,85.1,37103.91,0.3333333333333333,0.740644612369699,1,1,0.5668648637908426,TP
Transfer,POS,iOS,0,Everyday,Active,500k-999k,10.293782168426183,0.4999999999999999,0.8660254037844387,1,50,93.5,91817.87,0.3333333333333333,0.900784625782099,0,1,0.5842199639929392,FP
Transfer,Web,Web Browser,0,Everyday,Dormant,100k-249k,7.37917041158814,0.4999999999999999,0.8660254037844387,1,56,57.7,73074.3811111111,0.5555555555555556,0.6588988116674824,0,1,0.5715106584098109,FP
Card Purchase,Mobile App,Android,1,Everyday,Active,250k-499k,6.087297317610726,0.4999999999999999,0.8660254037844387,1,17,68.7,21435.967142857146,0.1428571428571428,0.6103855767633775,0,1,0.7147792084060419,FP
Card Purchase,ATM,Android,0,Student,Active,250k-499k,11.829342432383982,0.4999999999999999,0.8660254037844387,1,18,55.7,41000.01857142857,0.0,1.1137322463611536,0,0,0.48280415184773695,TN
Transfer,Mobile App,Android,0,Everyday,Active,100k-249k,6.482602636954296,0.4999999999999999,0.8660254037844387,1,8,57.7,20803.02833333333,0.3333333333333333,0.6519829614324881,1,1,0.5916647489226855,TP
Deposit,Mobile App,Android,0,Everyday,Restricted,250k-499k,11.257004557421986,0.7071067811865476,0.7071067811865476,1,54,56.4,34189.752,0.4,1.0782870446537665,0,0,0.47708551789593684,TN
Cash Withdrawal,POS,Web Browser,0,SME,Active,1m+,12.076030188058375,0.7071067811865476,0.7071067811865476,1,71,69.6,31927.956666666665,0.3333333333333333,1.1643734862832031,1,1,0.6332394690403963,TP
Card Purchase,Mobile App,iOS,1,Everyday,Active,100k-249k,5.949052747850943,0.7071067811865476,0.7071067811865476,1,3,45.5,25567.1325,0.375,0.5861654291966146,0,1,0.5990295964586871,FP
Transfer,Mobile App,POS Terminal,0,Everyday,Active,100k-249k,12.783900412597983,0.7071067811865476,0.7071067811865476,1,94,98.8,3294.5333333333333,0.0,1.5781963196583626,1,1,0.6620302688153954,TP
Cash Withdrawal,Mobile App,ATM Terminal,0,Everyday,Active,250k-499k,9.681463374489834,0.7071067811865476,0.7071067811865476,1,69,80.3,5753.5475,0.0,1.118242983828398,0,1,0.5533926197590255,FP
Card Purchase,Mobile App,iOS,0,Premium,Active,1m+,10.725939361776152,0.7071067811865476,0.7071067811865476,1,32,88.7,42759.258571428574,0.0,1.0058682182467793,1,0,0.470043286996256,FN
Transfer,POS,Android,0,Student,Active,Below 100k,10.466962740539772,0.8660254037844386,0.5000000000000001,1,13,93.2,24969.73,0.5,1.0337271724442525,0,1,0.598098052852145,FP
Bill Payment,POS,Android,0,Student,Active,250k-499k,9.482935202208637,0.8660254037844386,0.5000000000000001,1,66,93.1,13785.8225,0.25,0.9949080961330576,1,0,0.46019383435033584,FN
Card Purchase,ATM,iOS,0,Premium,Active,250k-499k,10.749436718128958,0.8660254037844386,0.5000000000000001,1,71,50.0,21833.074285714283,0.1428571428571428,1.0758875405146144,0,0,0.4759938602347311,TN
Transfer,POS,iOS,0,Premium,Active,Below 100k,6.661035991139221,0.8660254037844386,0.5000000000000001,1,24,62.5,70164.63125,0.25,0.5969411665925209,1,1,0.5072093777152568,TP
Card Purchase,Mobile App,Android,0,SME,Active,Below 100k,8.21414296484233,0.8660254037844386,0.5000000000000001,1,92,78.1,15831.97857142857,0.1428571428571428,0.8494591657757505,1,0,0.4696866890864388,FN
Deposit,Mobile App,Android,0,Everyday,Active,250k-499k,13.259475499060008,0.8660254037844386,0.5000000000000001,1,79,57.6,4117.4175,0.0,1.5930695935039738,0,1,0.6188888332130479,FP
Deposit,Mobile App,Android,1,Student,Active,250k-499k,7.266058895912689,0.9659258262890684,0.2588190451025207,0,31,69.4,16500.49090909091,0.3636363636363636,0.748213855775232,0,1,0.6237772307028285,FP
Deposit,ATM,iOS,0,Student,Active,250k-499k,8.629530313858655,0.9659258262890684,0.2588190451025207,0,61,69.0,13698.66,0.0,0.9059754220060642,1,0,0.4224083989286631,FN
Card Purchase,Web,POS Terminal,0,SME,Active,250k-499k,10.00324872106802,0.9659258262890684,0.2588190451025207,0,15,88.1,22404.755,0.3333333333333333,0.9986199158927996,0,0,0.4065217722867406,TN
Deposit,POS,Android,0,Premium,Active,100k-249k,7.566233372006789,0.9659258262890684,0.2588190451025207,0,4,70.2,26704.573333333334,0.2222222222222222,0.7423241285153513,1,0,0.4130112810090136,FN
Deposit,Web,ATM Terminal,0,Everyday,Active,1m+,10.423576637651063,0.9659258262890684,0.2588190451025207,0,38,100.0,22844.871666666662,0.0,1.0385642342697663,1,0,0.42485213000981004,FN
Card Purchase,Mobile App,Android,0,Everyday,Active,500k-999k,10.267197592056904,1.0,6.123233995736766e-17,0,89,52.1,25267.15,0.0,1.0128138265458109,0,0,0.3110454120048264,TN
Card Purchase,POS,Web Browser,0,Everyday,Active,Below 100k,10.548973518922711,1.0,6.123233995736766e-17,0,66,72.9,43122.67,0.3333333333333333,0.9884880263942428,0,0,0.3093889940946123,TN
Bill Payment,Web,iOS,0,Premium,Active,250k-499k,9.188071245369912,1.0,6.123233995736766e-17,0,11,60.0,42571.69125,0.25,0.8620038081792676,0,0,0.3640546965374376,TN
Airtime/Data,USSD,Android,1,Everyday,Active,500k-999k,7.716834895004848,1.0,6.123233995736766e-17,0,89,49.2,77310.21571428572,0.0,0.685599949448238,0,0,0.40084479109282944,TN
Airtime/Data,Web,Android,0,SME,Active,Below 100k,9.041827041313088,1.0,6.123233995736766e-17,0,92,69.2,12903.505,0.25,0.9552572774123248,0,0,0.3265389017189481,TN
Transfer,Mobile App,iOS,0,Premium,Active,250k-499k,7.202102589302679,1.0,6.123233995736766e-17,0,94,62.3,154059.46333333335,0.3333333333333333,0.6029336157945435,1,0,0.450606706897461,FN
Airtime/Data,POS,POS Terminal,0,Premium,Active,1m+,8.83446804611476,0.9659258262890684,-0.2588190451025206,0,16,96.9,3706.193333333333,0.0,1.0750103934986752,1,0,0.3420961939517993,FN
Card Purchase,POS,Android,0,SME,Active,1m+,11.584139467917383,0.9659258262890684,-0.2588190451025206,0,49,60.8,54544.678,0.0,1.062103100588911,0,0,0.29942083260138813,TN
Card Purchase,Web,Android,0,SME,Active,Below 100k,10.07134796587509,0.9659258262890684,-0.2588190451025206,0,84,66.4,91233.65333333334,0.3333333333333333,0.8818124818907646,0,0,0.32184828718638786,TN
Airtime/Data,Mobile App,POS Terminal,0,Everyday,Active,100k-249k,4.90163854572049,0.9659258262890684,-0.2588190451025206,0,89,70.6,83062.37000000001,0.0,0.4327256253657108,0,0,0.29802556793483537,TN
Deposit,Mobile App,ATM Terminal,0,Premium,Active,250k-499k,10.222547645234862,0.9659258262890684,-0.2588190451025206,0,88,64.1,48489.37833333333,0.0,0.9474866354418192,0,0,0.3211310414753633,TN
Bill Payment,Mobile App,Android,0,Everyday,Restricted,Below 100k,10.0626876056515,0.8660254037844387,-0.4999999999999998,0,79,76.2,89201.37,0.1666666666666666,0.8827954387957715,0,0,0.3537355913502711,TN
Deposit,ATM,Android,0,Everyday,Active,250k-499k,7.191805765199868,0.8660254037844387,-0.4999999999999998,0,44,87.4,9489.96,0.3333333333333333,0.7852949471902598,0,0,0.37940682287123634,TN
Bill Payment,Mobile App,iOS,0,Everyday,Active,250k-499k,10.253011740651957,0.8660254037844387,-0.4999999999999998,0,79,83.3,20411.71,0.1666666666666666,1.033162192653437,0,0,0.3413616626345056,TN
Card Purchase,Mobile App,iOS,0,Everyday,Active,100k-249k,7.505723271158007,0.8660254037844387,-0.4999999999999998,0,55,65.5,38022.0425,0.25,0.711716341656344,0,0,0.32333590084640973,TN
Airtime/Data,POS,Android,0,SME,Active,500k-999k,8.26442256052964,0.8660254037844387,-0.4999999999999998,0,33,39.9,9811.212857142858,0.1428571428571428,0.8991489606936288,0,0,0.34933326510369994,TN
Airtime/Data,USSD,Web Browser,0,Premium,Active,Below 100k,10.61064118319996,0.8660254037844387,-0.4999999999999998,0,23,65.7,77730.24857142857,0.2857142857142857,0.9422457408156596,0,0,0.37292762303524374,TN
Card Purchase,Mobile App,iOS,0,Premium,Active,100k-249k,12.068282138598516,0.7071067811865476,-0.7071067811865475,0,85,49.7,40225.826,0.6,1.1382713414600398,0,0,0.4912603317004336,TN
Card Purchase,Mobile App,Android,0,Everyday,Active,100k-249k,9.762101391832228,0.7071067811865476,-0.7071067811865475,0,10,95.6,82313.52200000001,0.2,0.862505761191044,0,0,0.32259085046172775,TN
Card Purchase,Mobile App,Android,1,SME,Active,500k-999k,8.847913201372085,0.7071067811865476,-0.7071067811865475,0,73,73.4,11669.41142857143,0.4285714285714285,0.9448041477362148,1,1,0.6591653172099369,TP
Deposit,POS,Android,0,Everyday,Active,500k-999k,8.072142823715811,0.7071067811865476,-0.7071067811865475,0,22,62.3,107494.45,0.125,0.696763126744922,0,0,0.32563092192181725,TN
Deposit,Web,ATM Terminal,1,Everyday,Active,250k-499k,8.27282089638506,0.7071067811865476,-0.7071067811865475,0,23,78.0,45694.995,0.25,0.7710159704800482,0,1,0.5498145121908818,FP
Airtime/Data,Mobile App,iOS,0,Everyday,Active,250k-499k,7.273175868035433,0.4999999999999999,-0.8660254037844387,0,60,77.8,7247.360000000001,0.5,0.8182652751727624,0,0,0.3385873054427967,TN
Card Purchase,Mobile App,Android,0,Student,Active,250k-499k,10.19629596283644,0.4999999999999999,-0.8660254037844387,0,83,66.9,2043.685,0.1666666666666666,1.337570152232496,0,0,0.31159496819017596,TN
Bill Payment,Mobile App,ATM Terminal,0,Everyday,Active,500k-999k,10.29065426142957,0.4999999999999999,-0.8660254037844387,0,47,87.5,73122.9425,0.125,0.9188157074208244,0,0,0.3457084722546536,TN
Deposit,Mobile App,Android,0,Everyday,Active,Below 100k,8.36172931639214,0.4999999999999999,-0.8660254037844387,0,78,90.5,16133.685714285715,0.1428571428571428,0.863036974759426,0,0,0.32100465474143913,TN
Transfer,Web,POS Terminal,0,Everyday,Active,250k-499k,9.856776899683496,0.4999999999999999,-0.8660254037844387,0,13,89.9,33965.465,0.1666666666666666,0.9447575033322572,0,1,0.5260305280613957,FP
Cash Withdrawal,ATM,POS Terminal,0,Everyday,Active,250k-499k,10.17431780228247,0.4999999999999999,-0.8660254037844387,0,44,65.7,36168.16428571429,0.5714285714285714,0.9693554139685062,0,0,0.4505008192765308,TN
Card Purchase,Mobile App,Web Browser,0,Everyday,Active,500k-999k,11.416750741555752,0.258819045102521,-0.9659258262890682,0,90,88.3,22434.54,0.0,1.1395780695819049,0,0,0.34604445773286263,TN
Bill Payment,POS,Android,0,Everyday,Active,Below 100k,10.85818693716252,0.258819045102521,-0.9659258262890682,0,60,70.3,274373.956,0.4,0.8671114340186729,0,0,0.35869964227991963,TN
Bill Payment,Web,POS Terminal,0,SME,Dormant,250k-499k,10.545400647481964,0.258819045102521,-0.9659258262890682,0,21,41.8,26904.76,0.0,1.0338531117376777,0,0,0.3495122238655005,TN
Deposit,Mobile App,ATM Terminal,0,Student,Active,Below 100k,10.29248006264094,0.258819045102521,-0.9659258262890682,0,70,64.3,31775.26571428572,0.2857142857142857,0.9928620995292462,0,0,0.3215102522317096,TN
Card Purchase,ATM,ATM Terminal,0,Everyday,Active,500k-999k,6.122317355526744,0.258819045102521,-0.9659258262890682,0,51,26.5,7529.152,0.0,0.6858455625823433,0,0,0.3204061602307449,TN
Transfer,Mobile App,Android,0,Everyday,Active,Below 100k,8.490033688552577,1.2246467991473532e-16,-1.0,0,37,67.9,95961.77,0.0,0.7400840464814955,1,0,0.4816631433026754,FN
Deposit,Mobile App,iOS,0,Everyday,Dormant,100k-249k,10.980713099861674,1.2246467991473532e-16,-1.0,0,72,66.8,10051.651428571427,0.1428571428571428,1.1915364150698942,0,0,0.3560206052174241,TN
Card Purchase,Mobile App,POS Terminal,0,Premium,Restricted,Below 100k,9.782567163027938,1.2246467991473532e-16,-1.0,0,69,87.7,61367.31499999999,0.1,0.8873359340070999,0,0,0.3801458490483114,TN
Transfer,Mobile App,iOS,1,Premium,Active,250k-499k,11.990343911389132,1.2246467991473532e-16,-1.0,0,55,69.0,124719.93,0.2,1.0218607108169244,0,0,0.4499256295187192,TN
Card Purchase,Mobile App,iOS,0,Student,Active,100k-249k,8.131033528206036,1.2246467991473532e-16,-1.0,0,5,63.4,68514.675,0.1,0.7302349847305943,1,0,0.31308009555584804,FN
Transfer,ATM,iOS,0,Student,Active,Below 100k,12.585885017777096,1.2246467991473532e-16,-1.0,0,95,77.8,22764.522,0.2,1.2544485109093284,1,1,0.6547503058372084,TP
Bill Payment,POS,Web Browser,0,Premium,Active,250k-499k,7.080321069327376,-0.2588190451025208,-0.9659258262890684,0,28,55.4,29417.74111111111,0.5555555555555556,0.6881188286182627,1,0,0.33000856037479676,FN
Bill Payment,Web,ATM Terminal,1,SME,Active,500k-999k,6.480351263355219,-0.2588190451025208,-0.9659258262890684,0,78,81.4,40861.6111111111,0.1111111111111111,0.6103191846749113,0,0,0.4186170635647747,TN
Cash Withdrawal,ATM,iOS,0,Premium,Active,250k-499k,7.883725244757893,-0.2588190451025208,-0.9659258262890684,0,17,59.8,74238.21571428572,0.2857142857142857,0.7029595756605459,0,0,0.44262307597723605,TN
Bill Payment,POS,POS Terminal,0,Premium,Active,1m+,8.664315803559958,-0.2588190451025208,-0.9659258262890684,0,73,81.1,56123.63,0.1666666666666666,0.7923232108892935,0,0,0.3074396427519987,TN
Card Purchase,POS,iOS,0,SME,Active,250k-499k,10.967887379131962,-0.2588190451025208,-0.9659258262890684,0,81,61.0,5126.81,0.0,1.2839300189980392,0,0,0.2975531992706622,TN
Transfer,Mobile App,Android,0,Everyday,Active,500k-999k,7.261765676167031,-0.2588190451025208,-0.9659258262890684,0,72,83.2,108946.25666666668,0.3333333333333333,0.6260888107281503,0,0,0.47775581302087083,TN
Deposit,Web,Android,0,Premium,Active,250k-499k,10.498996269942412,-0.4999999999999997,-0.8660254037844388,0,40,69.8,20659.730000000003,0.0,1.0566633208775678,0,0,0.36027411959022004,TN
Card Purchase,Mobile App,iOS,0,Everyday,Active,100k-249k,10.671606296533191,-0.4999999999999997,-0.8660254037844388,0,68,84.1,47820.73,0.25,0.99038265827712,0,0,0.3089335248607288,TN
Transfer,Web,ATM Terminal,0,Premium,Active,100k-249k,6.453325741521246,-0.4999999999999997,-0.8660254037844388,0,17,31.4,2450.2760000000003,0.0,0.8268868231304514,0,1,0.5002195034182764,FP
Bill Payment,Mobile App,ATM Terminal,0,Student,Active,1m+,6.436198444136847,-0.4999999999999997,-0.8660254037844388,0,43,73.3,22078.42,0.25,0.6434653334632239,1,0,0.3583118347949564,FN
Card Purchase,Mobile App,POS Terminal,0,Premium,Active,1m+,8.842204285053597,-0.4999999999999997,-0.8660254037844388,0,80,63.2,10377.62,0.0,0.956172070872577,0,0,0.31066950710699837,TN
Transfer,Mobile App,iOS,0,Everyday,Dormant,100k-249k,7.457615060039408,-0.7071067811865471,-0.7071067811865479,0,62,90.4,3342.346666666667,0.3333333333333333,0.919022232875644,0,0,0.48959244368704474,TN
Transfer,Web,Android,0,Premium,Active,250k-499k,9.27964999329261,-0.7071067811865471,-0.7071067811865479,0,88,64.1,45493.13571428572,0.0,0.8652081060688872,1,0,0.49081447282452473,FN
Airtime/Data,ATM,Web Browser,0,Student,Active,250k-499k,4.885827643502908,-0.7071067811865471,-0.7071067811865479,0,62,76.7,39136.513333333336,0.3333333333333333,0.4620239327748452,1,0,0.34027338954118597,FN
Card Purchase,Web,POS Terminal,0,Everyday,Active,100k-249k,11.952761725585454,-0.7071067811865471,-0.7071067811865479,0,96,68.7,7205.973333333332,0.0,1.3456067755349634,0,0,0.31872394078705324,TN
Transfer,Mobile App,Android,0,Everyday,Active,Below 100k,10.664682324613324,-0.7071067811865471,-0.7071067811865479,0,32,55.1,19151.15,0.0,1.0815921067856389,0,0,0.47976486665358314,TN
Bill Payment,POS,Android,0,Premium,Active,250k-499k,9.85299393831914,-0.7071067811865471,-0.7071067811865479,0,71,50.0,24929.28625,0.125,0.9732468355713628,0,0,0.3254161865749145,TN
Deposit,Mobile App,ATM Terminal,0,Everyday,Restricted,1m+,10.247064490887272,-0.8660254037844385,-0.5000000000000004,0,67,59.5,34604.09888888889,0.1111111111111111,0.9804155569814932,0,0,0.32144062756751,TN
Card Purchase,POS,Android,0,Premium,Active,250k-499k,10.980691815946072,-0.8660254037844385,-0.5000000000000004,0,93,65.3,28692.25625,0.125,1.0697822767474203,0,0,0.3163330908735497,TN
Transfer,POS,POS Terminal,0,Everyday,Active,Below 100k,11.883783738266262,-0.8660254037844385,-0.5000000000000004,0,61,58.2,67225.894,0.4,1.0690866247882718,1,1,0.5084349118584299,TP
Card Purchase,Mobile App,ATM Terminal,0,Everyday,Active,100k-249k,6.722677928474384,-0.8660254037844385,-0.5000000000000004,0,53,58.3,41196.97749999999,0.5,0.6326544838248955,0,0,0.363188333132259,TN
Transfer,Mobile App,iOS,0,Everyday,Active,100k-249k,11.441547501411163,-0.8660254037844385,-0.5000000000000004,0,91,48.5,14735.626666666663,0.0,1.192064876553768,0,0,0.4685606617363923,TN
Cash Withdrawal,Mobile App,POS Terminal,0,Everyday,Dormant,250k-499k,10.036671822420525,-0.9659258262890684,-0.2588190451025206,0,56,68.3,53838.100000000006,0.5,0.9213234182289032,1,0,0.46450787011975886,FN
Card Purchase,POS,Android,0,SME,Active,500k-999k,10.580731443491572,-0.9659258262890684,-0.2588190451025206,0,8,82.4,100571.93875,0.25,0.9185748334491348,0,0,0.3347045120081355,TN
Card Purchase,USSD,POS Terminal,0,Everyday,Active,1m+,11.58064822353848,-0.9659258262890684,-0.2588190451025206,0,27,100.0,89163.735,0.0,1.0160031124441886,0,0,0.3307201764080289,TN
Cash Withdrawal,Mobile App,Android,0,Student,Dormant,100k-249k,8.758132652031858,-0.9659258262890684,-0.2588190451025206,0,91,70.1,65695.25714285714,0.2857142857142857,0.7895332860887634,0,0,0.4405043548789912,TN
Cash Withdrawal,Mobile App,Web Browser,0,Student,Active,Below 100k,10.060063859578223,-0.9659258262890684,-0.2588190451025206,0,43,74.7,9131.271666666666,0.3333333333333333,1.1031292186647297,0,0,0.45687641814887975,TN
Airtime/Data,Mobile App,Web Browser,0,Everyday,Active,100k-249k,9.499142816576637,-0.9659258262890684,-0.2588190451025206,0,86,70.8,120406.57636363636,0.4545454545454545,0.8119870903388191,0,0,0.357851994582745,TN
Cash Withdrawal,Mobile App,Web Browser,0,Everyday,Active,100k-249k,12.356163796609316,-1.0,-1.8369701987210292e-16,0,7,70.6,31482.26,0.0,1.1930010397985555,0,1,0.6309056934669609,FP
Card Purchase,USSD,iOS,0,Everyday,Active,500k-999k,9.622455983050154,-1.0,-1.8369701987210292e-16,0,47,87.5,68270.95333333334,0.1111111111111111,0.8644538795712967,0,0,0.31580098923871847,TN
Deposit,USSD,Web Browser,0,Premium,Active,Below 100k,11.632586824360471,-1.0,-1.8369701987210292e-16,0,35,78.1,24358.76,0.3333333333333333,1.151662834708392,0,0,0.3444505824447352,TN
Transfer,Web,Android,0,Student,Active,100k-249k,11.9717876329986,-1.0,-1.8369701987210292e-16,0,68,88.5,1783.5549999999998,0.5,1.599026122328863,0,0,0.47612590024709,TN
Transfer,Mobile App,POS Terminal,0,SME,Active,100k-249k,11.32513228611715,-1.0,-1.8369701987210292e-16,0,36,62.5,29839.158,0.0,1.099142135842282,1,1,0.5025471565441061,TP
Bill Payment,Web,iOS,0,Everyday,Active,100k-249k,11.20739573302682,-0.9659258262890684,0.2588190451025203,0,85,64.2,4344.236666666667,0.3333333333333333,1.3379032841696203,0,0,0.35700047604804613,TN
Card Purchase,Mobile App,iOS,0,Student,Dormant,250k-499k,7.173981307998309,-0.9659258262890684,0.2588190451025203,0,3,59.3,10305.935,0.196,0.776356822389133,0,0,0.3683799355413217,TN
Card Purchase,POS,iOS,1,SME,Active,250k-499k,11.510898211479754,-0.9659258262890684,0.2588190451025203,0,41,73.8,73458.825,0.1666666666666666,1.0273465518458285,0,0,0.45668215268122625,TN
Deposit,POS,iOS,0,Everyday,Active,250k-499k,8.26477787166234,-0.9659258262890684,0.2588190451025203,0,33,28.4,101276.4225,0.375,0.7170788852054895,0,0,0.31954853787362525,TN
Cash Withdrawal,Mobile App,Web Browser,0,Everyday,Active,1m+,10.02813144305486,-0.9659258262890684,0.2588190451025203,0,4,33.4,19402.917500000003,0.25,1.015689007686149,0,0,0.4542300511373706,TN
Deposit,Mobile App,Android,0,Everyday,Active,250k-499k,10.333324571408824,-0.9659258262890684,0.2588190451025203,0,65,100.0,80557.84166666666,0.3333333333333333,0.914717138853606,0,0,0.35278406988350625,TN
Deposit,USSD,POS Terminal,0,SME,Active,250k-499k,12.353880394292252,-0.8660254037844386,0.5000000000000001,0,68,100.0,33912.04833333333,0.3333333333333333,1.1842798360544131,0,0,0.4888240649930507,TN
Transfer,ATM,POS Terminal,0,Everyday,Active,500k-999k,8.925815975480713,-0.8660254037844386,0.5000000000000001,0,80,97.1,113311.2525,0.25,0.7669608773244191,0,0,0.49238442239749197,TN
Cash Withdrawal,Mobile App,Android,0,Premium,Dormant,Below 100k,7.698786596601686,-0.8660254037844386,0.5000000000000001,0,51,62.4,5955.161666666667,0.5,0.885713967649002,1,0,0.47539083333547133,FN
Airtime/Data,Mobile App,iOS,0,Everyday,Restricted,250k-499k,8.997752166476475,-0.8660254037844386,0.5000000000000001,0,88,48.8,26305.234000000004,0.4,0.8840774295707473,0,0,0.39513477731230895,TN
Card Purchase,Mobile App,Web Browser,0,Everyday,Active,100k-249k,9.584433828958112,-0.8660254037844386,0.5000000000000001,0,56,44.2,65508.1425,0.125,0.8642453894804075,0,0,0.3441976457324251,TN
Bill Payment,Mobile App,Android,0,Everyday,Active,250k-499k,10.596703230750055,-0.7071067811865477,0.7071067811865474,0,95,58.3,11223.48,0.1428571428571428,1.136271816422595,0,0,0.3171440684592954,TN
Cash Withdrawal,Mobile App,iOS,0,Premium,Active,100k-249k,11.096520534623725,-0.7071067811865477,0.7071067811865474,0,16,90.8,25203.026363636363,0.3636363636363636,1.0948973225741565,0,0,0.4544601250504332,TN
Transfer,ATM,Web Browser,0,Premium,Active,250k-499k,12.301566990193292,-0.7071067811865477,0.7071067811865474,0,87,57.2,151383.715,0.5,1.031354838431762,0,1,0.6080866952903187,FP
Transfer,ATM,Android,0,Everyday,Active,500k-999k,11.922623800315192,-0.7071067811865477,0.7071067811865474,0,47,90.3,54119.005,0.125,1.0939231544257977,1,1,0.5050812309765279,TP
Card Purchase,POS,Android,0,Everyday,Active,100k-249k,10.09234975592326,-0.7071067811865477,0.7071067811865474,0,23,60.3,39870.92,0.0,0.9526991773650731,0,0,0.3157410810700878,TN
Card Purchase,Mobile App,Web Browser,0,Everyday,Active,250k-499k,8.68304824984235,-0.7071067811865477,0.7071067811865474,0,83,58.7,15166.938333333334,0.5,0.9019531656441446,0,0,0.3389034477724373,TN
Card Purchase,Mobile App,Web Browser,0,Student,Active,250k-499k,5.836972142232703,-0.5000000000000004,0.8660254037844384,0,88,66.3,14231.637692307691,0.2307692307692307,0.610351697966488,0,0,0.30576249464623445,TN
Airtime/Data,ATM,ATM Terminal,0,Everyday,Active,100k-249k,6.518217652423346,-0.5000000000000004,0.8660254037844384,0,3,43.0,75770.05666666667,0.1666666666666666,0.580146330243998,1,0,0.367864926631068,FN
Transfer,Web,POS Terminal,0,Everyday,Active,1m+,11.163516488412045,-0.5000000000000004,0.8660254037844384,0,70,52.2,21808.936,0.0,1.1174555916281754,0,1,0.5387809758604789,FP
Card Purchase,POS,Android,0,Everyday,Active,100k-249k,6.086683813688916,-0.5000000000000004,0.8660254037844384,0,26,92.8,187185.295,1.0,0.5013800817523394,0,0,0.2675859275060813,TN
Card Purchase,Web,ATM Terminal,0,Premium,Active,250k-499k,10.543691657514978,-0.5000000000000004,0.8660254037844384,0,57,76.9,12813.3925,0.25,1.1147526135252808,1,0,0.38082003112863705,FN
Airtime/Data,Web,Web Browser,0,Everyday,Active,Below 100k,7.81469442072212,-0.5000000000000004,0.8660254037844384,0,75,66.8,30834.07888888889,0.4444444444444444,0.756035775179959,0,0,0.3614316983989429,TN
Card Purchase,Web,iOS,0,Everyday,Active,250k-499k,11.25496024052253,-0.2588190451025215,0.965925826289068,0,91,86.2,6180.058,0.0,1.2893395230063134,1,0,0.3658108878377411,FN
Bill Payment,POS,Android,1,Everyday,Restricted,500k-999k,9.710583397049817,-0.2588190451025215,0.965925826289068,0,38,52.1,42678.66333333334,0.3333333333333333,0.9108102613468322,1,0,0.4160022186070672,FN
Bill Payment,Mobile App,ATM Terminal,0,Everyday,Active,500k-999k,10.445035670123938,-0.2588190451025215,0.965925826289068,0,21,42.5,92602.105,0.0,0.9133407200022414,0,0,0.3371822460701225,TN
Cash Withdrawal,POS,POS Terminal,0,Student,Active,500k-999k,7.85509884211154,-0.2588190451025215,0.965925826289068,0,18,66.7,52080.52285714285,0.0,0.7232679393797005,0,0,0.4251251597719713,TN
Transfer,ATM,Android,0,Everyday,Active,500k-999k,7.391452225359875,-0.2588190451025215,0.965925826289068,0,17,17.1,41017.17428571429,0.4285714285714285,0.6958776043544114,0,1,0.5464918841613337,FP
Transfer,POS,Web Browser,0,SME,Active,500k-999k,7.651010802151493,0.0,1.0,1,8,82.4,93771.49,0.2222222222222222,0.6682906981071651,0,1,0.5522336016730501,FP
Transfer,USSD,Android,0,Student,Active,250k-499k,8.482133728240397,0.0,1.0,1,38,100.0,6390.998,0.2,0.9679704687240864,0,1,0.6496697675823202,FP
Transfer,Mobile App,Android,0,Everyday,Active,100k-249k,12.36688600887655,0.0,1.0,1,8,76.5,127365.40333333334,0.5,1.0520690713248173,1,1,0.705038913061728,TP
Card Purchase,Web,Android,0,SME,Active,500k-999k,10.65699649683894,0.0,1.0,1,28,92.4,35413.455,0.0,1.0173864739826797,0,1,0.5195052849979042,FP
Cash Withdrawal,Web,Android,0,Everyday,Active,100k-249k,8.921250642573405,0.0,1.0,1,51,57.8,121855.7375,0.25,0.7618097803213049,0,1,0.5432194947309676,FP
Transfer,Web,ATM Terminal,0,Everyday,Active,Below 100k,12.462482215945348,0.0,1.0,1,11,74.4,112551.288,0.2,1.0714725014042732,1,1,0.6491745976846788,TP
Transfer,Mobile App,iOS,0,Everyday,Restricted,500k-999k,11.513179732641465,0.2588190451025207,0.9659258262890684,1,38,69.8,83756.33666666666,0.0,1.0156585841970134,1,1,0.5836489150614462,TP
Bill Payment,POS,POS Terminal,0,Everyday,Active,100k-249k,9.69067049893922,0.2588190451025207,0.9659258262890684,1,82,64.4,136149.3,0.0,0.8197486315072074,0,0,0.4272314545629064,TN
Transfer,USSD,POS Terminal,0,Student,Active,500k-999k,9.184410068762674,0.2588190451025207,0.9659258262890684,1,88,28.9,60217.28,0.1666666666666666,0.8345115711750577,0,1,0.5241337833450089,FP
Transfer,ATM,Android,0,Everyday,Active,Below 100k,10.647479689495166,0.2588190451025207,0.9659258262890684,1,63,82.5,58527.670000000006,0.6666666666666666,0.9699568062827318,1,1,0.5871072607423047,TP
Airtime/Data,Mobile App,iOS,0,Premium,Active,100k-249k,8.292107755864686,0.2588190451025207,0.9659258262890684,1,62,59.0,52963.90833333333,0.3333333333333333,0.762325490710079,0,1,0.5235212748332903,FP
Transfer,POS,Android,0,Everyday,Active,500k-999k,11.533178579017308,0.4999999999999999,0.8660254037844387,1,38,81.8,31746.58142857143,0.1428571428571428,1.112642772891114,1,1,0.6246806313242934,TP
Card Purchase,POS,Android,0,Everyday,Active,500k-999k,7.147582874372738,0.4999999999999999,0.8660254037844387,1,36,77.4,26545.096,0.2,0.7016625989495089,0,0,0.45142042228784096,TN
Transfer,Web,Android,0,Everyday,Active,100k-249k,12.238662529011789,0.4999999999999999,0.8660254037844387,1,88,100.0,41097.618,0.2,1.152011844112958,0,1,0.7682256027318047,FP
Deposit,Mobile App,ATM Terminal,0,SME,Active,100k-249k,10.785163650966012,0.4999999999999999,0.8660254037844387,1,88,70.5,49310.954,0.0,0.9980790019869082,0,0,0.49603431420124783,TN
Cash Withdrawal,Mobile App,Android,0,Premium,Active,100k-249k,11.362252796510004,0.4999999999999999,0.8660254037844387,1,62,59.0,45967.81285714286,0.2857142857142857,1.0583597953345625,1,1,0.5512095123272177,TP
Transfer,ATM,POS Terminal,0,Premium,Dormant,Below 100k,8.577286848766574,0.4999999999999999,0.8660254037844387,1,24,67.5,4311.01,0.5,1.024868377615409,0,1,0.5151466705995486,FP
Cash Withdrawal,Mobile App,Android,0,Everyday,Dormant,250k-499k,9.07180907204988,0.7071067811865476,0.7071067811865476,1,77,100.0,29563.154,0.1,0.8812443103472604,0,1,0.6011585843701849,FP
Transfer,ATM,Android,0,Everyday,Active,100k-249k,12.590415473983883,0.7071067811865476,0.7071067811865476,1,21,63.9,59426.10857142857,0.0,1.145363553339228,1,1,0.7371150176948563,TP
Card Purchase,Mobile App,iOS,1,Everyday,Active,Below 100k,9.68244803618712,0.7071067811865476,0.7071067811865476,1,33,39.9,57392.91142857143,0.0,0.8836209949333819,0,1,0.5976875080669143,FP
Cash Withdrawal,POS,POS Terminal,0,Everyday,Active,500k-999k,8.662302549973045,0.7071067811865476,0.7071067811865476,1,95,54.2,46205.44333333333,0.1111111111111111,0.8064801914414452,1,0,0.4732171194266013,FN
Transfer,POS,Web Browser,0,Student,Active,100k-249k,6.7746238063789415,0.7071067811865476,0.7071067811865476,1,92,73.7,84011.28749999999,0.25,0.5974770339222144,1,0,0.4678761962901616,FN
Card Purchase,Mobile App,Android,0,Student,Active,1m+,8.482514786343941,0.8660254037844386,0.5000000000000001,1,21,60.0,111832.932,0.0,0.7296931094118497,0,0,0.43738823129394094,TN
Card Purchase,Mobile App,iOS,0,Premium,Active,1m+,11.135320143778602,0.8660254037844386,0.5000000000000001,1,48,90.9,146793.75142857144,0.1428571428571428,0.9359936204232098,0,0,0.4600891128811496,TN
Airtime/Data,ATM,POS Terminal,0,Student,Active,500k-999k,6.169819915632058,0.8660254037844386,0.5000000000000001,1,74,69.8,888.86,0.25,0.9085203411565532,1,0,0.4809435860072344,FN
Airtime/Data,Web,Android,0,Student,Active,Below 100k,9.951564605359236,0.8660254037844386,0.5000000000000001,1,92,75.8,47718.357142857145,0.2857142857142857,0.9237426201817036,0,1,0.5234894752759061,FP
Cash Withdrawal,Mobile App,Android,0,Everyday,Active,500k-999k,7.8006914027385745,0.8660254037844386,0.5000000000000001,1,90,75.8,34519.932499999995,0.125,0.746526141236297,0,1,0.5455501912046352,FP
Deposit,Web,Android,1,Everyday,Active,100k-249k,7.759379481526022,0.8660254037844386,0.5000000000000001,1,7,70.6,98450.51666666666,0.0,0.6748859583035828,0,1,0.5717993530480714,FP
Cash Withdrawal,USSD,Unknown,0,Everyday,Active,100k-249k,10.25209584837684,0.9659258262890684,0.2588190451025207,0,61,68.8,10305.935,0.196,1.1094654716762111,0,0,0.48708742663191523,TN
Deposit,Mobile App,ATM Terminal,0,Student,Active,Below 100k,12.179008030715512,0.9659258262890684,0.2588190451025207,0,19,93.0,73802.13222222222,0.2222222222222222,1.086523154812683,0,1,0.5309788065073057,FP
Card Purchase,Mobile App,Android,0,Premium,Dormant,Below 100k,10.693748739571868,0.9659258262890684,0.2588190451025207,0,79,74.2,67674.45,0.375,0.9614537340625968,0,0,0.3815991506841384,TN
Cash Withdrawal,Web,Android,0,Everyday,Active,500k-999k,9.909319016451423,0.9659258262890684,0.2588190451025207,0,72,83.2,98194.008,0.3,0.8620764203001219,1,0,0.47762727220543333,FN
Deposit,POS,ATM Terminal,0,Everyday,Restricted,100k-249k,11.091891336193164,0.9659258262890684,0.2588190451025207,0,46,43.4,30648.581666666665,0.3333333333333333,1.0737163070841815,0,0,0.4280002834296279,TN
Airtime/Data,Mobile App,Android,0,Everyday,Dormant,100k-249k,6.21178411473109,1.0,6.123233995736766e-17,0,71,86.9,2231.1266666666666,0.3333333333333333,0.8056046792804774,0,0,0.3115305878971818,TN
Transfer,POS,ATM Terminal,0,Student,Dormant,500k-999k,9.96427733718302,1.0,6.123233995736766e-17,0,29,78.0,25575.161666666667,0.3333333333333333,0.9817586869675576,0,0,0.4845342690094985,TN
Transfer,Mobile App,Android,0,Premium,Active,100k-249k,7.627962998088937,1.0,6.123233995736766e-17,0,79,46.9,23416.80666666667,0.3333333333333333,0.7581524657949401,1,1,0.504170103590386,TP
Airtime/Data,POS,Android,0,Everyday,Active,250k-499k,10.374585582706649,1.0,6.123233995736766e-17,0,35,100.0,65867.25374999999,0.25,0.9350338413369758,0,0,0.33090522875379297,TN
Cash Withdrawal,ATM,iOS,0,Everyday,Active,100k-249k,10.651642669649684,1.0,6.123233995736766e-17,0,82,57.3,61489.555,0.0,0.9659917949872056,0,0,0.4286712604831727,TN
Airtime/Data,Web,Android,0,Student,Dormant,100k-249k,8.114510209603166,1.0,6.123233995736766e-17,0,56,45.7,70511.24666666667,0.0,0.7268759716541902,0,0,0.3455897919885848,TN
Deposit,POS,Android,0,Premium,Active,250k-499k,8.527002918325728,0.9659258262890684,-0.2588190451025206,0,16,61.5,29545.244,0.2,0.8283700762568555,0,0,0.34420411962131653,TN
Deposit,POS,Android,0,Everyday,Active,Below 100k,9.58707261666141,0.9659258262890684,-0.2588190451025206,0,11,63.6,56967.87666666667,0.3333333333333333,0.8755109274992403,0,0,0.34703156112913275,TN
Card Purchase,POS,iOS,0,Everyday,Active,100k-249k,10.694796751630818,0.9659258262890684,-0.2588190451025206,0,60,66.1,10532.355,0.5,1.1546585889557448,0,0,0.2992701537487081,TN
Transfer,Mobile App,ATM Terminal,0,Everyday,Restricted,Below 100k,7.843550554514271,0.9659258262890684,-0.2588190451025206,0,70,100.0,76906.84714285714,0.1428571428571428,0.6971819859883451,1,0,0.4801370493091083,FN
Cash Withdrawal,ATM,Web Browser,0,Premium,Active,100k-249k,7.61972421378267,0.9659258262890684,-0.2588190451025206,0,47,77.5,77083.77249999999,0.0,0.6771486485607162,0,0,0.48088884661599934,TN
Deposit,Mobile App,iOS,0,Everyday,Active,1m+,8.921386824876324,0.9659258262890684,-0.2588190451025206,0,89,50.5,6438.675,0.2,1.0172348290887427,0,0,0.3274269447106792,TN
Bill Payment,POS,Web Browser,0,Premium,Restricted,500k-999k,10.424001294562748,0.8660254037844387,-0.4999999999999998,0,27,66.9,42984.64599999999,0.0,0.9770710555381408,0,0,0.3649678773056288,TN
Card Purchase,Web,iOS,0,Everyday,Dormant,100k-249k,11.353025690724111,0.8660254037844387,-0.4999999999999998,0,62,90.4,2939.7625,0.25,1.4215405335617255,0,0,0.3310780003312942,TN
Bill Payment,POS,iOS,0,Premium,Active,500k-999k,8.410258103436457,0.8660254037844387,-0.4999999999999998,0,31,44.8,74838.3075,0.25,0.7493704241301661,0,0,0.35413169011798623,TN
Bill Payment,Mobile App,Android,0,Premium,Active,100k-249k,10.353991352387771,0.8660254037844387,-0.4999999999999998,0,27,54.1,86190.362,0.2,0.9110960071241408,0,0,0.3665064567030831,TN
Airtime/Data,Mobile App,Android,0,Premium,Active,250k-499k,6.671083127438101,0.8660254037844387,-0.4999999999999998,0,88,64.1,41146.07875,0.125,0.627872071316696,0,0,0.3421094745228475,TN
Transfer,ATM,iOS,0,Everyday,Active,100k-249k,9.67566557443,0.7071067811865476,-0.7071067811865475,0,45,74.6,206467.06,0.0,0.7906311359645497,0,0,0.48716482082067575,TN
Transfer,Mobile App,iOS,0,Everyday,Active,250k-499k,6.35365674298268,0.7071067811865476,-0.7071067811865475,0,20,49.4,34683.44909090909,0.0909090909090909,0.6077700738982624,1,1,0.5280918721700729,TP
Card Purchase,Mobile App,iOS,0,Everyday,Active,100k-249k,10.258405053075489,0.7071067811865476,-0.7071067811865475,0,25,72.9,39066.664,0.0,0.9702408168620228,0,0,0.31239242468622386,TN
Card Purchase,POS,Web Browser,0,SME,Active,100k-249k,10.301359236769146,0.7071067811865476,-0.7071067811865475,0,43,89.8,4693.925,0.5,1.21848473476329,0,0,0.32317676702203246,TN
Airtime/Data,Mobile App,Android,0,Everyday,Active,1m+,5.2332453698043215,0.7071067811865476,-0.7071067811865475,0,29,65.4,38657.4425,0.0,0.4954542229980339,0,0,0.3203348709052426,TN
Transfer,Mobile App,Android,0,Everyday,Active,100k-249k,8.655515837631869,0.7071067811865476,-0.7071067811865475,0,32,91.0,4586.323333333334,0.3333333333333333,1.0266234696401817,0,1,0.5000706867500436,FP
Airtime/Data,USSD,Android,0,Student,Active,100k-249k,7.61071911809517,0.4999999999999999,-0.8660254037844387,0,43,56.1,104606.27714285711,0.2857142857142857,0.6584824300544223,0,0,0.3456537518926521,TN
Airtime/Data,Mobile App,iOS,0,Everyday,Active,250k-499k,9.416019504253452,0.4999999999999999,-0.8660254037844387,0,11,70.1,8649.872,0.2,1.038674907274692,0,0,0.34561174803742367,TN
Transfer,Web,iOS,0,Everyday,Active,100k-249k,11.817112232513097,0.4999999999999999,-0.8660254037844387,0,6,88.8,113401.594,0.2,1.015329263121944,0,1,0.5088943701209484,FP
Deposit,POS,Android,0,Student,Active,100k-249k,11.61903080317886,0.4999999999999999,-0.8660254037844387,0,35,70.3,8688.713333333333,0.3333333333333333,1.2810545777035518,1,0,0.37287584255731226,FN
Card Purchase,POS,Android,0,Everyday,Active,500k-999k,7.085374128695874,0.4999999999999999,-0.8660254037844387,0,89,51.7,45387.8,0.25,0.6607628908838005,0,0,0.2891156775038247,TN
Bill Payment,POS,iOS,0,Everyday,Active,100k-249k,8.102916373979317,0.258819045102521,-0.9659258262890682,0,86,64.4,7503.035,0.0,0.9080733218636317,0,0,0.32542338771356333,TN
Transfer,POS,Android,0,SME,Active,100k-249k,7.897233273572846,0.258819045102521,-0.9659258262890682,0,3,63.1,30575.254285714287,0.1428571428571428,0.7646445918028336,0,1,0.5532654275985556,FP
Airtime/Data,Mobile App,Android,0,Everyday,Active,250k-499k,8.565217347991034,0.258819045102521,-0.9659258262890682,0,47,88.3,50892.49,0.3333333333333333,0.7903321814960537,0,0,0.3490305891929691,TN
Cash Withdrawal,Mobile App,Android,0,SME,Active,250k-499k,10.482098639164557,0.258819045102521,-0.9659258262890682,0,78,73.7,92283.584,0.2,0.9168578403728382,1,0,0.4214897126579488,FN
Deposit,POS,POS Terminal,0,Student,Active,Below 100k,7.014580721111031,0.258819045102521,-0.9659258262890682,0,95,77.8,67703.94333333333,0.3333333333333333,0.6306423318476913,0,0,0.32113920607718566,TN
Bill Payment,POS,Web Browser,0,Premium,Active,500k-999k,10.091487954124492,0.258819045102521,-0.9659258262890682,0,35,79.8,51933.00714285714,0.2857142857142857,0.929428968330018,1,0,0.3422128101759556,FN
Card Purchase,ATM,iOS,0,Everyday,Active,100k-249k,7.172716169296894,1.2246467991473532e-16,-1.0,0,83,50.1,8921.727499999999,0.5,0.7885262426319154,0,0,0.33134484466918124,TN
Transfer,POS,Unknown,0,Everyday,Active,Below 100k,11.665891757973949,1.2246467991473532e-16,-1.0,0,42,95.1,2144.7825,0.0,1.520727027489691,0,0,0.45967112981568825,TN
Transfer,POS,iOS,0,Premium,Active,250k-499k,11.87974856177822,1.2246467991473532e-16,-1.0,0,11,59.9,18494.67,0.2222222222222222,1.2090987877894817,0,1,0.5714887275450591,FP
Card Purchase,Web,Android,0,Everyday,Active,250k-499k,10.802002629417032,1.2246467991473532e-16,-1.0,0,69,66.5,15474.916666666666,0.1666666666666666,1.1197219311467506,0,0,0.3232282603013874,TN
Deposit,USSD,ATM Terminal,0,SME,Restricted,100k-249k,9.581405183366376,1.2246467991473532e-16,-1.0,0,58,38.9,21154.74,0.25,0.9620206803637577,0,0,0.3745408820111879,TN
Transfer,ATM,Android,0,SME,Active,1m+,8.584085190949652,-0.2588190451025208,-0.9659258262890684,0,71,69.6,67848.625,0.5,0.771599755129051,0,0,0.48424994066007715,TN
Airtime/Data,Web,Web Browser,0,Premium,Active,1m+,7.309948373219882,-0.2588190451025208,-0.9659258262890684,0,17,55.9,9346.666666666666,0.6666666666666666,0.7995234264010057,0,0,0.33440044428981847,TN
Deposit,Mobile App,Android,0,Everyday,Active,250k-499k,10.3617566633372,-0.2588190451025208,-0.9659258262890684,0,60,77.8,5311.613333333334,0.3333333333333333,1.2079681708370844,0,0,0.36390494077790686,TN
Card Purchase,POS,Web Browser,0,Premium,Active,Below 100k,7.3031767852208604,-0.2588190451025208,-0.9659258262890684,0,62,53.9,109170.1175,0.5,0.6295477452806677,0,0,0.3024175550804437,TN
Transfer,ATM,Android,1,Premium,Active,1m+,12.551970145902304,-0.2588190451025208,-0.9659258262890684,0,30,54.7,53744.97,0.3333333333333333,1.1524001585548118,1,1,0.6434515509096346,TP
Airtime/Data,POS,POS Terminal,0,Everyday,Active,500k-999k,7.738174347782313,-0.2588190451025208,-0.9659258262890684,0,79,69.2,52861.880000000005,0.0,0.7115263829770703,0,0,0.3363250043313468,TN
Transfer,POS,POS Terminal,0,Everyday,Active,250k-499k,6.713733541239946,-0.4999999999999997,-0.8660254037844388,0,22,51.4,17626.390833333335,0.1666666666666666,0.686671764590547,0,1,0.5428386973038495,FP
Card Purchase,Web,POS Terminal,0,Student,Active,100k-249k,12.082819733589284,-0.4999999999999997,-0.8660254037844388,0,25,47.2,17706.683333333334,0.1666666666666666,1.2352406167158276,1,0,0.48468812704629677,FN
Transfer,USSD,Android,0,Student,Active,500k-999k,9.507749483026538,-0.4999999999999997,-0.8660254037844388,0,52,71.8,155022.098,0.2,0.7955390702997371,1,0,0.45626907305670933,FN
Airtime/Data,ATM,Android,0,Everyday,Active,250k-499k,10.490362691013123,-0.4999999999999997,-0.8660254037844388,0,39,59.6,35319.90857142857,0.1428571428571428,1.0017314661708203,0,0,0.3502128817195435,TN
Cash Withdrawal,Mobile App,POS Terminal,0,Premium,Active,500k-999k,9.062807413315843,-0.4999999999999997,-0.8660254037844388,0,57,73.0,52680.215,0.1666666666666666,0.8335904672721133,0,0,0.42289771987014757,TN
Card Purchase,ATM,iOS,0,Everyday,Active,250k-499k,7.142352980341463,-0.7071067811865471,-0.7071067811865479,0,33,52.5,10602.972,0.5,0.7705648253007661,0,0,0.33115723673327335,TN
Transfer,Mobile App,POS Terminal,0,Everyday,Active,500k-999k,11.227170867078636,-0.7071067811865471,-0.7071067811865479,0,84,86.3,112667.858,0.4,0.9651796583625628,0,0,0.452836197737949,TN
Card Purchase,Web,iOS,0,SME,Dormant,250k-499k,8.470627650935581,-0.7071067811865471,-0.7071067811865479,0,16,92.7,49586.27,0.5,0.7834838768964719,0,0,0.3117572604673899,TN
Transfer,POS,iOS,0,Everyday,Dormant,100k-249k,12.210642537648791,-0.7071067811865471,-0.7071067811865479,0,62,90.4,19396.194,0.2,1.2367858180401303,1,1,0.6411285205639622,TP
Deposit,POS,Web Browser,0,Student,Active,250k-499k,9.950721267972172,-0.7071067811865471,-0.7071067811865479,0,56,93.2,100050.25,0.2,0.8642702042353969,0,0,0.32298992184060404,TN
Card Purchase,ATM,iOS,0,Everyday,Active,Below 100k,7.868506816864495,-0.7071067811865471,-0.7071067811865479,0,66,72.9,41876.32,0.25,0.7393476213692317,0,0,0.3303805825482853,TN
Bill Payment,POS,POS Terminal,0,Premium,Active,250k-499k,11.336386596161116,-0.8660254037844385,-0.5000000000000004,0,56,46.2,9329.88,0.0,1.240157714463767,0,0,0.32382173381451484,TN
Transfer,Web,Android,0,Everyday,Dormant,500k-999k,11.863151046408062,-0.8660254037844385,-0.5000000000000004,0,41,67.3,85762.17333333332,0.1666666666666666,1.0443516830654769,0,0,0.4898557894945382,TN
Card Purchase,Web,ATM Terminal,0,Everyday,Active,250k-499k,7.019877880119085,-0.8660254037844385,-0.5000000000000004,0,61,79.5,11252.73,0.0,0.7525231079716654,0,0,0.3798439913497217,TN
Transfer,POS,Web Browser,0,Everyday,Active,Below 100k,9.540066332132596,-0.8660254037844385,-0.5000000000000004,0,29,53.7,61210.78199999999,0.0,0.8655402045882783,0,1,0.5163093936453553,FP
Deposit,Web,Android,0,Student,Restricted,500k-999k,7.650577945983788,-0.8660254037844385,-0.5000000000000004,0,41,58.0,63307.238333333335,0.5,0.6919986060658656,0,0,0.33551683303405366,TN
Bill Payment,Mobile App,iOS,0,Everyday,Active,100k-249k,6.786604077417986,-0.8660254037844385,-0.5000000000000004,0,20,46.1,156019.38,0.0,0.5675489673172244,0,0,0.3298941147845965,TN
Transfer,POS,iOS,0,Everyday,Active,250k-499k,12.019778307681587,-0.9659258262890684,-0.2588190451025206,0,22,51.4,16333.794615384615,0.1538461538461538,1.2390179310024287,0,1,0.6608008349559281,FP
Transfer,Mobile App,Android,0,Everyday,Active,500k-999k,12.553258606128606,-0.9659258262890684,-0.2588190451025206,0,18,26.6,25145.11,0.1428571428571428,1.2389153744414072,0,1,0.6609205006458659,FP
Deposit,USSD,iOS,0,Everyday,Active,250k-499k,11.747915370331269,-0.9659258262890684,-0.2588190451025206,0,79,100.0,39451.04571428571,0.1428571428571428,1.1100908697032594,0,0,0.314539868650177,TN
Transfer,Mobile App,Android,0,Everyday,Active,100k-249k,12.943789046979846,-0.9659258262890684,-0.2588190451025206,0,74,37.7,10262.235,0.0,1.401400592727166,1,1,0.6360736660924097,TP
Card Purchase,ATM,iOS,0,Everyday,Active,100k-249k,5.995929564067141,-0.9659258262890684,-0.2588190451025206,0,91,48.5,34329.2175,0.0,0.5741148188203744,0,0,0.2986498887818106,TN
Card Purchase,ATM,Android,0,Student,Active,1m+,7.824825706814384,-1.0,-1.8369701987210292e-16,0,43,73.3,19694.48777777778,0.3333333333333333,0.7913340502288685,0,0,0.34272635862330875,TN
Transfer,Mobile App,ATM Terminal,0,Student,Active,250k-499k,7.114183911119325,-1.0,-1.8369701987210292e-16,0,90,47.0,3150.1975,0.0,0.8831420162848622,0,0,0.4693077728027087,TN
Cash Withdrawal,POS,Android,0,Everyday,Active,Below 100k,11.225653175212717,-1.0,-1.8369701987210292e-16,0,56,45.5,26975.40142857143,0.2857142857142857,1.1002610735171354,0,0,0.4639814366130535,TN
Card Purchase,Web,Android,0,Student,Active,100k-249k,11.399703126008252,-1.0,-1.8369701987210292e-16,0,76,74.7,34404.621666666666,0.0,1.091300989383961,1,0,0.33180324413637907,FN
Card Purchase,Mobile App,iOS,0,Everyday,Active,100k-249k,8.564158835016965,-1.0,-1.8369701987210292e-16,0,65,90.9,56564.07857142857,0.0,0.7826047449250522,0,0,0.3283630709226508,TN
Card Purchase,POS,iOS,0,Everyday,Active,100k-249k,11.008163917471602,-1.0,-1.8369701987210292e-16,0,19,68.6,52208.426,0.0,1.0133614416131975,1,0,0.3202773893225067,FN
Deposit,ATM,POS Terminal,0,Premium,Active,250k-499k,12.460596446039922,-0.9659258262890684,0.2588190451025203,0,73,83.0,8205.042,0.0,1.3825711239114051,1,1,0.5513977408563178,TP
Transfer,POS,Android,0,Everyday,Active,100k-249k,7.165609387971742,-0.9659258262890684,0.2588190451025203,0,83,50.1,7397.858,0.4,0.8043039943009023,0,1,0.5322820215588457,FP
Card Purchase,USSD,Android,1,Everyday,Active,500k-999k,8.115631455230046,-0.9659258262890684,0.2588190451025203,0,42,34.9,20168.116,0.4,0.8187759225490061,0,1,0.5482059214716604,FP
Transfer,Mobile App,Web Browser,0,Premium,Active,Below 100k,7.494207720871119,-0.9659258262890684,0.2588190451025203,0,22,72.2,4057.486666666666,0.3333333333333333,0.901985760859637,0,1,0.5241468233842402,FP
Deposit,POS,Android,0,Everyday,Active,500k-999k,11.29732538996114,-0.9659258262890684,0.2588190451025203,0,86,59.0,4599.382,0.4,1.339514648405966,0,0,0.3591903798934838,TN
Transfer,POS,Android,0,Everyday,Active,100k-249k,8.849531179511239,-0.8660254037844386,0.5000000000000001,0,89,70.6,72696.26250000001,0.0,0.7905560595253005,0,1,0.5109183627382743,FP
Bill Payment,POS,ATM Terminal,0,Everyday,Active,500k-999k,9.752748961573884,-0.8660254037844386,0.5000000000000001,0,74,53.7,9773.46,0.1666666666666666,1.0615204451706657,0,0,0.35068561726194086,TN
Cash Withdrawal,Mobile App,Android,0,Everyday,Active,500k-999k,11.74387987197312,-0.8660254037844386,0.5000000000000001,0,46,85.4,9213.824444444444,0.1111111111111111,1.2864973803683095,1,0,0.48710095208849374,FN
Deposit,POS,Android,0,Student,Active,100k-249k,9.611796119997829,-0.8660254037844386,0.5000000000000001,0,76,74.7,42245.99142857143,0.1428571428571428,0.90240689573605,0,0,0.3237325294854823,TN
Cash Withdrawal,ATM,Android,1,Everyday,Active,250k-499k,12.27419898835625,-0.8660254037844386,0.5000000000000001,0,22,51.4,27024.58428571429,0.1428571428571428,1.2028175572318132,1,1,0.5907752512369859,TP
Cash Withdrawal,Mobile App,POS Terminal,0,Everyday,Active,1m+,9.164006339045434,-0.8660254037844386,0.5000000000000001,0,54,65.8,71341.272,0.0,0.8200273826863917,1,0,0.4689286579440262,FN
Deposit,Mobile App,ATM Terminal,0,Student,Active,500k-999k,8.308194133443248,-0.7071067811865477,0.7071067811865474,0,91,50.6,45956.75333333333,0.3333333333333333,0.7739007290893737,0,0,0.3274516000252654,TN
Cash Withdrawal,Web,iOS,0,Premium,Active,250k-499k,9.830168192423097,-0.7071067811865477,0.7071067811865474,0,71,50.0,24272.05444444444,0.1111111111111111,0.9735613824155708,0,0,0.47536400845400417,TN
Deposit,POS,ATM Terminal,0,Everyday,Restricted,Below 100k,9.521962090683491,-0.7071067811865477,0.7071067811865474,0,79,76.2,79808.38142857143,0.1428571428571428,0.8435924286970122,0,0,0.3216099779081596,TN
Transfer,Mobile App,Web Browser,0,Everyday,Active,250k-499k,7.06577560491923,-0.7071067811865477,0.7071067811865474,0,72,46.6,31561.20083333333,0.0833333333333333,0.6820434016605088,0,1,0.5049349860971281,FP
Card Purchase,POS,Android,0,SME,Dormant,Below 100k,5.855014613970084,-0.7071067811865477,0.7071067811865474,0,39,34.3,54116.10249999999,0.0,0.5372112448522884,0,0,0.2392906963402039,TN
Deposit,Web,Android,0,Premium,Active,Below 100k,11.781793992322726,-0.5000000000000004,0.8660254037844384,0,49,62.3,77301.5775,0.625,1.0467604485667956,0,0,0.329716975371708,TN
Deposit,Mobile App,Android,0,Student,Active,250k-499k,13.01899494290129,-0.5000000000000004,0.8660254037844384,0,3,53.2,67806.938,0.2,1.1703062199002707,0,0,0.4703571237186343,TN
Deposit,USSD,iOS,0,Premium,Active,100k-249k,9.793395304312032,-0.5000000000000004,0.8660254037844384,0,90,74.8,29385.65111111112,0.1111111111111111,0.9518967464213977,1,0,0.2922863247661955,FN
Cash Withdrawal,Web,Android,0,Everyday,Active,100k-249k,7.269595858025039,-0.5000000000000004,0.8660254037844384,0,49,61.8,42816.3275,0.5,0.6816504093502044,0,0,0.4385389149544911,TN
Airtime/Data,ATM,Android,0,Everyday,Active,100k-249k,9.2080768120563,-0.5000000000000004,0.8660254037844384,0,86,80.6,2854.37,0.0,1.157236007009165,0,0,0.34694486012262377,TN
Transfer,Mobile App,iOS,0,Premium,Active,1m+,12.112779415314815,-0.5000000000000004,0.8660254037844384,0,86,29.7,51151.33181818182,0.0909090909090909,1.1171509001302853,1,1,0.5419701852349937,TP
Transfer,Mobile App,Web Browser,0,Everyday,Active,100k-249k,8.416446460311064,-0.2588190451025215,0.965925826289068,0,7,70.6,74423.5,0.0,0.7502933895851751,0,1,0.5429925690266275,FP
Transfer,Web,iOS,0,Everyday,Active,250k-499k,7.725285886832114,-0.2588190451025215,0.965925826289068,0,13,89.9,31839.86571428572,0.1428571428571428,0.7450722422458175,0,1,0.5693741539279386,FP
Airtime/Data,POS,POS Terminal,0,Premium,Active,Below 100k,6.701075453698592,-0.2588190451025215,0.965925826289068,0,57,79.3,54922.159,0.0,0.6140063737788493,0,0,0.3727651972945447,TN
Card Purchase,Mobile App,Android,0,Everyday,Active,100k-249k,11.514221225110346,-0.2588190451025215,0.965925826289068,0,31,50.5,5899.22,0.0,1.3261038225507893,0,0,0.32972625131895117,TN
Bill Payment,POS,POS Terminal,0,Everyday,Active,500k-999k,8.429316713061578,-0.2588190451025215,0.965925826289068,0,62,56.3,9202.325,0.0,0.9235259211627548,0,0,0.32384611360955784,TN
Transfer,Web,Android,0,Student,Active,1m+,10.664471870312722,0.0,1.0,1,91,68.0,93968.90666666668,0.3333333333333333,0.931335556170446,0,1,0.5717263677469465,FP
Transfer,Web,Web Browser,1,Premium,Active,250k-499k,6.721606407353796,0.0,1.0,1,50,100.0,3332.281666666667,0.0,0.8286297546198523,1,1,0.5870993868373399,TP
Cash Withdrawal,POS,POS Terminal,0,Everyday,Active,100k-249k,8.462472979216004,0.0,1.0,1,50,68.0,24257.756666666668,0.0,0.8381563292252789,0,1,0.5413791257006133,FP
Card Purchase,Mobile App,ATM Terminal,0,Everyday,Active,100k-249k,7.163226610910403,0.0,1.0,1,90,83.9,14365.2,0.0,0.7483026073958159,0,1,0.5365920978918236,FP
Transfer,USSD,iOS,0,Student,Active,250k-499k,6.641912973134812,0.0,1.0,1,2,78.1,67900.0875,0.25,0.5969825628251615,1,1,0.5407556865109006,TP
Card Purchase,POS,Android,0,Premium,Active,Below 100k,6.476864664782758,0.0,1.0,1,22,72.2,3492.265,0.25,0.7938703858566416,0,0,0.4601767815604188,TN
Transfer,Mobile App,POS Terminal,0,Premium,Active,1m+,9.04863287788152,0.2588190451025207,0.9659258262890684,1,37,87.3,30921.516000000003,0.4,0.8751738997321218,1,1,0.6219203873515191,TP
Card Purchase,Web,Web Browser,0,Premium,Active,100k-249k,9.273394041266677,0.2588190451025207,0.9659258262890684,1,26,69.4,82696.224,0.8,0.8189916192838228,0,0,0.4993030176175566,TN
Transfer,Mobile App,ATM Terminal,0,SME,Active,250k-499k,8.336642066482506,0.2588190451025207,0.9659258262890684,1,77,73.6,112120.40666666668,0.2222222222222222,0.7169863289608905,0,1,0.5882955909120613,FP
Cash Withdrawal,Web,iOS,0,Everyday,Active,500k-999k,9.224116050117248,0.2588190451025207,0.9659258262890684,1,90,75.8,30955.63888888889,0.1111111111111111,0.8920512854640352,0,1,0.5735865998294097,FP
Transfer,Web,iOS,0,Everyday,Active,Below 100k,11.380987887261949,0.2588190451025207,0.9659258262890684,1,61,58.2,80171.04,0.5,1.0078868520966746,0,1,0.5781596926487789,FP
Card Purchase,POS,Android,0,SME,Active,100k-249k,7.285705295049659,0.2588190451025207,0.9659258262890684,1,53,56.9,7710.469999999998,0.0,0.814003073541365,0,0,0.4804695744497003,TN
Transfer,Mobile App,Android,0,Everyday,Active,100k-249k,6.4483037796701925,0.4999999999999999,0.8660254037844387,1,60,47.5,6187.772000000001,0.2,0.7385956951911946,1,1,0.5964156118592204,TP
Card Purchase,Web,iOS,0,Everyday,Active,1m+,7.348368716770731,0.4999999999999999,0.8660254037844387,1,90,72.8,51688.94,0.3333333333333333,0.6770806431039057,0,0,0.4746075987214154,TN
Card Purchase,POS,Android,0,Everyday,Active,100k-249k,11.597931098467225,0.4999999999999999,0.8660254037844387,1,20,46.1,104307.88666666666,0.0,1.0037056550174055,0,0,0.44398970248915154,TN
Bill Payment,ATM,Web Browser,0,Premium,Active,1m+,6.311934426251689,0.4999999999999999,0.8660254037844387,1,48,90.9,137013.17,0.125,0.5336506601069286,1,0,0.4638229235289674,FN
Cash Withdrawal,Mobile App,POS Terminal,0,Everyday,Active,1m+,7.620180439430955,0.4999999999999999,0.8660254037844387,1,93,84.9,9745.086666666668,0.0,0.8296673693200469,0,1,0.5485499213851639,FP
Airtime/Data,Mobile App,Android,0,Everyday,Active,Below 100k,5.016285965605071,0.7071067811865476,0.7071067811865476,1,61,58.2,81237.83,0.4285714285714285,0.4437169414538922,0,0,0.45797537582190223,TN
Airtime/Data,Mobile App,Web Browser,0,Everyday,Active,250k-499k,6.948580473497272,0.7071067811865476,0.7071067811865476,1,60,77.8,11890.1325,0.25,0.7405067145997594,1,1,0.5454823431640218,TP
Bill Payment,Mobile App,POS Terminal,0,Everyday,Active,250k-499k,9.64664630807602,0.7071067811865476,0.7071067811865476,1,40,79.5,30632.65555555556,0.4444444444444444,0.933860808233948,0,1,0.5064170116382098,FP
Bill Payment,Mobile App,ATM Terminal,0,Student,Active,250k-499k,11.037916530055671,0.7071067811865476,0.7071067811865476,1,54,77.8,43229.996666666666,0.0,1.0340634096620327,0,0,0.4972822068195567,TN
Cash Withdrawal,POS,Android,0,Everyday,Active,100k-249k,11.292175920732925,0.7071067811865476,0.7071067811865476,1,77,60.7,35243.494999999995,0.0,1.078520173874839,0,1,0.5087221442587518,FP
Bill Payment,Mobile App,Web Browser,0,Everyday,Restricted,250k-499k,7.543458710880378,0.7071067811865476,0.7071067811865476,1,88,48.8,23268.34333333333,0.3333333333333333,0.7502277183621722,0,0,0.4896007021987441,TN
Cash Withdrawal,POS,Android,0,Student,Active,1m+,10.413029152296014,0.8660254037844386,0.5000000000000001,1,36,53.5,73892.04857142856,0.1428571428571428,0.928874372770019,1,0,0.4926578808468942,FN
Card Purchase,Mobile App,POS Terminal,0,Student,Active,100k-249k,9.950397378548718,0.8660254037844386,0.5000000000000001,1,32,27.6,7662.5525,0.0,1.112493344432744,0,0,0.4648885866004221,TN
Card Purchase,ATM,Android,0,Everyday,Active,250k-499k,6.28465641273336,0.8660254037844386,0.5000000000000001,1,2,78.9,59555.82,0.25,0.5716085351684159,0,0,0.39795487844946625,TN
Cash Withdrawal,Web,Android,0,Everyday,Active,250k-499k,9.266254623277913,0.8660254037844386,0.5000000000000001,1,82,50.8,106721.88499999998,0.3,0.80033355596833,0,1,0.5290884177773455,FP
Bill Payment,Mobile App,iOS,0,SME,Active,100k-249k,7.864093305373976,0.8660254037844386,0.5000000000000001,1,93,87.8,30205.77333333333,0.0,0.7623332116861137,1,1,0.5015159796383669,TP
Card Purchase,Mobile App,Android,0,Student,Active,100k-249k,6.71004796613905,0.9659258262890684,0.2588190451025207,0,39,58.8,160669.18,0.0,0.5597720002528599,0,0,0.3796620908894864,TN
Transfer,Mobile App,Android,0,SME,Active,Below 100k,6.615060664706812,0.9659258262890684,0.2588190451025207,0,90,79.7,63147.55499999999,0.1666666666666666,0.5984722602084642,1,1,0.5087092443983131,TP
Card Purchase,ATM,iOS,0,Everyday,Active,250k-499k,5.880169791961964,0.9659258262890684,0.2588190451025207,0,5,59.0,18060.9925,0.25,0.5999215128838096,0,0,0.3471160841567599,TN
Airtime/Data,POS,Android,0,Student,Active,Below 100k,9.941880519355763,0.9659258262890684,0.2588190451025207,0,19,57.3,7360.256666666665,0.0,1.1165651637883838,0,0,0.4458469624122024,TN
Transfer,USSD,Android,0,Everyday,Active,500k-999k,8.463980160776803,0.9659258262890684,0.2588190451025207,0,50,70.5,7769.355,0.125,0.9448440447872116,0,1,0.5873218524940168,FP
Cash Withdrawal,Mobile App,Android,0,Everyday,Active,100k-249k,9.63031109642013,0.9659258262890684,0.2588190451025207,0,52,77.6,15712.223333333332,0.0,0.9966936515951555,1,1,0.52196214191329,TP
Airtime/Data,USSD,iOS,0,Everyday,Restricted,Below 100k,6.419180264150966,1.0,6.123233995736766e-17,0,79,76.2,71539.25625,0.125,0.5742683224725312,0,0,0.3209936524725583,TN
Card Purchase,Web,iOS,0,Student,Active,250k-499k,6.765903654741896,1.0,6.123233995736766e-17,0,74,40.8,18561.06375,0.125,0.6883700852318815,0,0,0.323082548906534,TN
Deposit,Mobile App,Web Browser,1,Everyday,Active,250k-499k,8.619735339203853,1.0,6.123233995736766e-17,0,55,60.5,6096.5225,0.0,0.988996504570793,1,0,0.48858264408982793,FN
Deposit,Mobile App,Web Browser,0,Premium,Active,250k-499k,8.021676453064908,1.0,6.123233995736766e-17,0,95,45.6,16778.7675,0.25,0.8246026827184911,0,0,0.32336516834537166,TN
Card Purchase,Mobile App,iOS,0,SME,Active,250k-499k,10.551898054940647,1.0,6.123233995736766e-17,0,41,73.8,77221.34714285714,0.1428571428571428,0.9375761166297354,0,0,0.30811829979638367,TN
Transfer,Web,Android,0,Premium,Active,100k-249k,12.387878777849084,0.9659258262890684,-0.2588190451025206,0,52,55.6,14882.075,0.5,1.289332289916284,0,1,0.6434923807934991,FP
Transfer,USSD,iOS,0,SME,Active,250k-499k,9.170363853273832,0.9659258262890684,-0.2588190451025206,0,49,72.8,39935.85,0.1666666666666666,0.8655324660568313,0,1,0.5184727618857824,FP
Card Purchase,Mobile App,iOS,0,Student,Active,250k-499k,10.96798878482536,0.9659258262890684,-0.2588190451025206,0,85,42.0,1550.212,0.2,1.4928949974247443,1,0,0.31722230528589707,FN
Airtime/Data,Web,iOS,0,Everyday,Active,250k-499k,7.25197598991946,0.9659258262890684,-0.2588190451025206,0,67,91.3,40814.268,0.0,0.6830653427131362,0,0,0.33308170494507083,TN
Transfer,Mobile App,Android,0,Premium,Active,Below 100k,9.253890162675267,0.9659258262890684,-0.2588190451025206,0,24,62.5,62455.26777777778,0.3333333333333333,0.8380460261728448,0,1,0.5183400341995866,FP
Airtime/Data,Mobile App,POS Terminal,0,SME,Active,250k-499k,7.620464861908131,0.9659258262890684,-0.2588190451025206,0,10,60.7,56636.4025,0.5,0.6962873750029326,0,0,0.3632620632479013,TN
Transfer,POS,POS Terminal,0,Premium,Active,100k-249k,11.794186894135992,0.8660254037844387,-0.4999999999999998,0,19,92.4,4467.705714285715,0.2857142857142857,1.4032589690430692,0,1,0.5139090291660171,FP
Airtime/Data,Mobile App,POS Terminal,0,Premium,Active,500k-999k,10.424091017032197,0.8660254037844387,-0.4999999999999998,0,68,85.1,4486.702499999999,0.5,1.2396208608219932,0,0,0.34754960545057106,TN
Transfer,Mobile App,Android,0,Everyday,Active,100k-249k,11.27861668886798,0.8660254037844387,-0.4999999999999998,0,86,70.8,111484.96833333334,0.4166666666666667,0.9704829168002264,0,0,0.4758700653604735,TN
Cash Withdrawal,POS,Web Browser,0,SME,Active,Below 100k,11.813267658820749,0.8660254037844387,-0.4999999999999998,0,84,66.4,74338.8475,0.25,1.0532136103424905,1,0,0.4404745235093623,FN
Transfer,Mobile App,Android,0,SME,Active,500k-999k,10.586707116984924,0.8660254037844387,-0.4999999999999998,0,73,73.4,11080.59125,0.5,1.136761624040833,0,0,0.4795160764729433,TN
Transfer,Mobile App,POS Terminal,0,Premium,Active,500k-999k,11.923574645856329,0.7071067811865476,-0.7071067811865475,0,46,76.3,8050.376666666666,0.0,1.3257846475836943,0,0,0.4718219905859276,TN
Transfer,ATM,Android,0,Premium,Active,100k-249k,10.002387644524331,0.7071067811865476,-0.7071067811865475,0,12,68.2,151301.1133333333,0.6666666666666666,0.8386316124890674,0,0,0.494086379309881,TN
Transfer,Web,iOS,0,Everyday,Active,100k-249k,11.47086843727704,0.7071067811865476,-0.7071067811865475,0,80,100.0,117801.8275,0.25,0.982366771090012,0,0,0.45539755000975796,TN
Transfer,POS,iOS,0,Premium,Active,500k-999k,11.01202393408943,0.7071067811865476,-0.7071067811865475,0,67,73.0,95562.11666666668,0.1111111111111111,0.9602776015109742,0,0,0.494280856066488,TN
Cash Withdrawal,Web,Android,0,Student,Active,250k-499k,11.04479224541719,0.7071067811865476,-0.7071067811865475,0,43,31.3,73131.43400000001,0.0,0.9861397662568814,0,0,0.4459445535478427,TN
Card Purchase,Mobile App,Android,0,Everyday,Active,250k-499k,7.20381466356337,0.7071067811865476,-0.7071067811865475,0,72,74.1,6007.418,0.2,0.8279374298353296,0,0,0.3030277475032559,TN
Bill Payment,Mobile App,ATM Terminal,0,Everyday,Active,500k-999k,7.030114494603409,0.4999999999999999,-0.8660254037844387,0,89,53.3,1899.24,0.0,0.9311736179070084,0,0,0.3201279119679915,TN
Bill Payment,POS,ATM Terminal,0,Everyday,Active,500k-999k,9.674628322808534,0.4999999999999999,-0.8660254037844387,0,86,59.0,17266.945,0.3333333333333333,0.9915976068998392,0,0,0.36029149301656865,TN
Deposit,Mobile App,iOS,0,Everyday,Active,250k-499k,10.07123086116834,0.4999999999999999,-0.8660254037844387,0,84,49.5,17193.366666666665,0.1666666666666666,1.0326992154246963,0,0,0.32885042816108356,TN
Deposit,USSD,Android,0,SME,Active,Below 100k,11.917111421980012,0.4999999999999999,-0.8660254037844387,0,2,100.0,16744.57,0.5,1.225297902511849,0,0,0.3668017480882431,TN
Deposit,Mobile App,Web Browser,0,Everyday,Active,250k-499k,7.867898289424667,0.4999999999999999,-0.8660254037844387,0,14,72.6,13698.29,0.1666666666666666,0.8260174569805557,0,0,0.347861907599745,TN
Card Purchase,POS,POS Terminal,0,Everyday,Active,250k-499k,11.76611321526503,0.4999999999999999,-0.8660254037844387,0,44,39.1,18562.20333333333,0.3333333333333333,1.1970891371315522,1,0,0.33660586423723166,FN
Card Purchase,POS,ATM Terminal,0,Everyday,Active,500k-999k,10.20749525865916,0.258819045102521,-0.9659258262890682,0,95,38.4,6153.746666666666,0.0,1.1699163287873957,0,0,0.32486735562578867,TN
Card Purchase,Web,iOS,0,Premium,Active,1m+,5.8537243097094045,0.258819045102521,-0.9659258262890682,0,85,55.7,26276.975,0.375,0.5752205693682172,0,0,0.2982574768556281,TN
Card Purchase,Mobile App,Android,0,Premium,Active,250k-499k,9.391912481337888,0.258819045102521,-0.9659258262890682,0,9,90.4,24724.22,0.3333333333333333,0.928460193024693,0,0,0.32572583116393655,TN
Card Purchase,ATM,POS Terminal,1,SME,Active,250k-499k,7.7040410084591535,0.258819045102521,-0.9659258262890682,0,8,23.2,22326.15,0.6666666666666666,0.7693609469802762,0,1,0.569765483045983,FP
Card Purchase,Web,POS Terminal,0,Everyday,Active,250k-499k,7.461439222550029,0.258819045102521,-0.9659258262890682,0,88,97.1,6013.963333333333,0.3333333333333333,0.8574390345613053,0,0,0.3277828573289757,TN
Transfer,ATM,Android,0,Everyday,Active,100k-249k,12.351492681098357,1.2246467991473532e-16,-1.0,0,31,64.2,38219.92,0.2,1.170631295237583,0,1,0.654734874635669,FP
Transfer,Web,Web Browser,0,Everyday,Active,Below 100k,11.901067321588195,1.2246467991473532e-16,-1.0,0,60,60.2,8878.385,0.0,1.3090341070164444,0,0,0.48152330298512264,TN
Bill Payment,Web,Android,0,Everyday,Active,250k-499k,6.267124644332438,1.2246467991473532e-16,-1.0,0,64,69.4,68448.376,0.0,0.5628892795411637,0,0,0.3065045413028015,TN
Transfer,Mobile App,Android,0,Everyday,Active,Below 100k,7.45099194416508,1.2246467991473532e-16,-1.0,0,43,77.9,49188.560000000005,0.1428571428571428,0.6896871950589059,0,0,0.4996364850720289,TN
Transfer,Mobile App,Android,0,Student,Active,250k-499k,11.109162657126458,1.2246467991473532e-16,-1.0,0,83,59.4,5961.186666666667,0.0,1.2779151676286238,1,0,0.4634050362545218,FN
Transfer,Mobile App,Android,0,SME,Active,250k-499k,11.984341845812317,1.2246467991473532e-16,-1.0,0,58,88.2,91062.05875,0.0,1.04948061404394,0,0,0.4631444545867377,TN
Card Purchase,Web,Android,0,Student,Active,250k-499k,10.29427716710575,-0.2588190451025208,-0.9659258262890684,0,55,48.5,16232.990000000002,0.25,1.0618280762154773,0,0,0.321792799515698,TN
Card Purchase,POS,Android,0,Student,Active,1m+,9.064231933128829,-0.2588190451025208,-0.9659258262890684,0,68,77.0,13544.325,0.0,0.9527460143317208,0,0,0.2916459591040501,TN
Card Purchase,Mobile App,iOS,0,Student,Active,100k-249k,12.002059498071567,-0.2588190451025208,-0.9659258262890684,0,26,50.0,62037.96333333334,0.3333333333333333,1.0875846153005109,0,0,0.3295984216538555,TN
Transfer,Web,Android,0,Everyday,Dormant,500k-999k,11.638027694304332,-0.2588190451025208,-0.9659258262890684,0,41,67.3,93787.25857142857,0.1428571428571428,1.0165286165996417,0,0,0.4727990351686371,TN
Transfer,ATM,iOS,0,Everyday,Active,250k-499k,9.397724094362404,-0.2588190451025208,-0.9659258262890684,0,55,60.5,5985.002,0.2,1.0805485399372012,1,1,0.5034812432039212,TP
Transfer,Mobile App,iOS,0,Everyday,Active,250k-499k,10.183683423173571,-0.4999999999999997,-0.8660254037844388,0,83,58.7,13843.234285714285,0.4285714285714285,1.0679619169760857,1,0,0.47229626893646953,FN
Card Purchase,POS,Android,0,SME,Active,100k-249k,5.992988385476324,-0.4999999999999997,-0.8660254037844388,0,86,73.8,30023.02666666667,0.0,0.5812930971638588,0,0,0.28354304375114114,TN
Card Purchase,Mobile App,Android,0,Student,Active,250k-499k,11.875133532906087,-0.4999999999999997,-0.8660254037844388,0,5,50.7,88787.92285714285,0.2857142857142857,1.042225349213113,0,0,0.3126339967694735,TN
Deposit,USSD,iOS,0,Student,Active,Below 100k,9.284178950703897,-0.4999999999999997,-0.8660254037844388,0,19,93.0,85887.786,0.2,0.8172111085194095,0,0,0.29274431848925164,TN
Card Purchase,Mobile App,ATM Terminal,0,Premium,Active,Below 100k,9.935521444554118,-0.4999999999999997,-0.8660254037844388,0,55,43.2,6023.4925,0.0,1.1415431024721676,0,0,0.34052333509689137,TN
Cash Withdrawal,Web,Web Browser,0,Premium,Active,250k-499k,10.590320087621992,-0.4999999999999997,-0.8660254037844388,0,17,56.0,51538.594,0.2,0.9760568672240604,0,0,0.44733606908150186,TN
Cash Withdrawal,POS,Android,0,Everyday,Active,100k-249k,7.222887135142018,-0.7071067811865471,-0.7071067811865479,0,8,76.5,142726.36714285714,0.5714285714285714,0.6085664198917381,0,0,0.41615697128249235,TN
Card Purchase,Web,iOS,0,SME,Active,Below 100k,7.405033550362753,-0.7071067811865471,-0.7071067811865479,0,70,94.9,2925.88,0.5,0.9277523215559622,0,0,0.3337221509837132,TN
Airtime/Data,ATM,Web Browser,0,SME,Active,Below 100k,8.683315919424487,-0.7071067811865471,-0.7071067811865479,0,90,79.7,54232.94,0.2857142857142857,0.7965568645985223,0,0,0.3744187501748813,TN
Transfer,Mobile App,Android,0,SME,Active,500k-999k,12.419467633634756,-0.7071067811865471,-0.7071067811865479,0,59,37.4,13543.20625,0.5,1.3054278734273017,0,1,0.6184344990886447,FP
Transfer,Mobile App,iOS,0,Student,Active,100k-249k,11.511187355332437,-0.7071067811865471,-0.7071067811865479,0,45,50.4,40065.03,0.0,1.0861368899633903,0,1,0.5120020794467461,FP
Transfer,Web,Android,0,Everyday,Active,Below 100k,10.160977263339982,-0.8660254037844385,-0.5000000000000004,0,43,78.1,57508.51,0.25,0.9271213689578964,0,1,0.5033557116944948,FP
Deposit,Mobile App,POS Terminal,0,Everyday,Active,Below 100k,8.430998935038067,-0.8660254037844385,-0.5000000000000004,0,81,37.4,20058.28,0.1111111111111111,0.851061817783173,0,0,0.306383357715732,TN
Airtime/Data,Mobile App,Android,0,Everyday,Active,500k-999k,10.501882197779157,-0.8660254037844385,-0.5000000000000004,0,1,100.0,28314.301111111112,0.3333333333333333,1.0244581728645104,0,0,0.3375329771827255,TN
Deposit,POS,POS Terminal,0,Student,Active,500k-999k,9.552290435016417,-0.8660254037844385,-0.5000000000000004,0,88,28.9,53006.67285714286,0.1428571428571428,0.878113796514684,0,0,0.3058196398798618,TN
Card Purchase,POS,Android,0,Everyday,Active,250k-499k,6.663988013372059,-0.8660254037844385,-0.5000000000000004,0,55,67.2,63917.49375,0.0,0.6022384807229979,0,0,0.319628298131985,TN
Airtime/Data,USSD,POS Terminal,0,Student,Dormant,500k-999k,4.748317695206576,-0.8660254037844385,-0.5000000000000004,0,37,52.2,20016.0,0.0,0.4794180169154666,0,0,0.32646959948960635,TN
Transfer,ATM,iOS,0,Everyday,Active,250k-499k,12.677913117996011,-0.9659258262890684,-0.2588190451025206,0,21,45.9,21677.905,0.0,1.269810952863084,1,1,0.7020392722717543,TP
Cash Withdrawal,Mobile App,Android,0,SME,Active,500k-999k,11.202998328901586,-0.9659258262890684,-0.2588190451025206,0,8,82.4,84604.51800000001,0.2,0.9874176339899442,0,0,0.4209226688390432,TN
Airtime/Data,Mobile App,Android,0,Everyday,Active,250k-499k,5.952515796969407,-0.9659258262890684,-0.2588190451025206,0,81,44.3,76045.28000000001,0.0,0.5296257871091554,0,0,0.2989945023444564,TN
Bill Payment,POS,ATM Terminal,0,Everyday,Active,250k-499k,6.966731484082434,-0.9659258262890684,-0.2588190451025206,0,67,91.3,34246.871666666666,0.0,0.6672232677885667,0,0,0.36390065519225456,TN
Transfer,Web,POS Terminal,0,Everyday,Active,100k-249k,12.741358328018713,-0.9659258262890684,-0.2588190451025206,0,19,90.7,91242.65125,0.5,1.1155797449605818,1,1,0.6408690295809553,TP
Bill Payment,Web,POS Terminal,0,Everyday,Active,100k-249k,7.490953655994216,-1.0,-1.8369701987210292e-16,0,17,55.2,9697.9825,0.25,0.8160279120239787,0,0,0.34626589315034706,TN
Transfer,Mobile App,POS Terminal,0,Everyday,Active,500k-999k,9.356971709416236,-1.0,-1.8369701987210292e-16,0,54,95.7,115409.484,0.0,0.8027428483075589,0,0,0.47076398677482795,TN
Transfer,Web,Android,0,Everyday,Dormant,250k-499k,10.36990632635906,-1.0,-1.8369701987210292e-16,0,77,100.0,27666.99090909091,0.0909090909090909,1.0138711799771818,0,0,0.47823279696427307,TN
Bill Payment,POS,iOS,0,SME,Active,500k-999k,6.546555829171959,-1.0,-1.8369701987210292e-16,0,67,74.5,45805.776666666665,0.2222222222222222,0.6099926914406583,1,0,0.33395741704846704,FN
Transfer,ATM,ATM Terminal,0,Student,Active,100k-249k,8.557770676046387,-1.0,-1.8369701987210292e-16,0,23,46.1,77961.59285714287,0.4285714285714285,0.7597463173882518,0,1,0.5260382984415207,FP
Transfer,USSD,Android,0,SME,Active,Below 100k,12.633624339342132,-1.0,-1.8369701987210292e-16,0,74,64.8,66438.12,0.0,1.1377501196949524,0,1,0.5781224037046645,FP
Cash Withdrawal,Web,Web Browser,0,Everyday,Active,100k-249k,10.774718364221815,-0.9659258262890684,0.2588190451025203,0,19,61.7,48050.362,0.2,0.9995076639549122,1,0,0.45645828054931836,FN
Cash Withdrawal,Web,iOS,0,Student,Active,250k-499k,8.938598575574895,-0.9659258262890684,0.2588190451025203,0,74,80.2,124854.64,0.6666666666666666,0.7617097986505503,0,0,0.4183346860091123,TN
Transfer,Mobile App,ATM Terminal,0,Everyday,Dormant,Below 100k,11.60027861688149,-0.9659258262890684,0.2588190451025203,0,90,67.3,50930.71,0.0,1.0703100828294516,0,0,0.45245854922670503,TN
Transfer,Mobile App,Android,0,SME,Active,Below 100k,11.909490013688966,-0.9659258262890684,0.2588190451025203,0,80,85.6,18041.0175,0.5,1.2151972140101537,0,1,0.5226192463960153,FP
Deposit,POS,POS Terminal,0,SME,Dormant,250k-499k,7.902443057479866,-0.9659258262890684,0.2588190451025203,0,83,64.5,38746.39,0.0,0.7479960895286702,0,0,0.34349521204892325,TN
Transfer,Mobile App,Android,0,Student,Active,100k-249k,10.20489204049684,-0.9659258262890684,0.2588190451025203,0,55,66.5,20114.125,0.0,1.029837315559923,1,1,0.551776342328845,TP
Cash Withdrawal,POS,POS Terminal,0,Everyday,Active,250k-499k,8.93290825545249,-0.8660254037844386,0.5000000000000001,0,80,49.1,109709.97166666666,0.5,0.7697064065062711,0,0,0.4190534555996184,TN
Airtime/Data,USSD,iOS,0,Premium,Active,100k-249k,7.755553014410991,-0.8660254037844386,0.5000000000000001,0,44,66.1,7844.933999999999,0.4,0.8648270074688499,0,0,0.3971022976871192,TN
Card Purchase,Mobile App,Android,0,Student,Active,100k-249k,8.704510581560818,-0.8660254037844386,0.5000000000000001,0,48,39.8,39820.801666666666,0.3333333333333333,0.821787294572299,0,0,0.3528985819922278,TN
Transfer,Mobile App,ATM Terminal,0,Student,Active,100k-249k,9.641883149300954,-0.8660254037844386,0.5000000000000001,0,29,78.8,42438.14166666667,0.1666666666666666,0.90484612046169,0,1,0.5427157156750724,FP
Card Purchase,Web,iOS,1,Everyday,Active,250k-499k,9.04276515154536,-0.8660254037844386,0.5000000000000001,0,62,56.9,55599.75333333333,0.0,0.8276409348392916,0,0,0.48724227120876673,TN
Cash Withdrawal,Mobile App,iOS,0,Everyday,Active,100k-249k,7.290831618611891,-0.7071067811865477,0.7071067811865474,0,25,71.7,40636.78666666667,0.0,0.6870071597465083,0,0,0.4715472267349141,TN
Bill Payment,Mobile App,iOS,0,Student,Active,500k-999k,7.156870624385099,-0.7071067811865477,0.7071067811865474,0,76,69.6,107121.9,0.25,0.6179447592104211,0,0,0.33530520303570654,TN
Cash Withdrawal,Web,Android,0,Premium,Active,100k-249k,10.034036752842184,-0.7071067811865477,0.7071067811865474,0,1,79.0,21827.196000000004,0.2,1.0043117933348824,1,0,0.45453007187921607,FN
Transfer,Web,Web Browser,0,SME,Active,Below 100k,12.581890175456326,-0.7071067811865477,0.7071067811865474,0,38,83.6,54664.325,0.5,1.153351143066698,1,1,0.6567381816322072,TP
Transfer,ATM,Android,0,Everyday,Active,1m+,11.292715980070296,-0.7071067811865477,0.7071067811865474,0,70,52.2,29925.69166666667,0.0,1.0956880940425178,1,1,0.5053244848745263,TP
Card Purchase,POS,iOS,0,Premium,Active,100k-249k,7.231091616210209,-0.7071067811865477,0.7071067811865474,0,52,100.0,65007.449,0.0,0.652491770065027,0,0,0.30505121744892894,TN
Bill Payment,Mobile App,Web Browser,0,Everyday,Active,500k-999k,8.131398348903653,-0.5000000000000004,0.8660254037844384,0,95,97.6,44787.57666666667,0.1666666666666666,0.759254878341896,0,0,0.3293019031721076,TN
Cash Withdrawal,Mobile App,Android,0,Premium,Active,100k-249k,8.75970005785689,-0.5000000000000004,0.8660254037844384,0,40,89.9,7770.906666666667,0.0,0.9778338087732203,1,0,0.46868798876432227,FN
Transfer,Mobile App,Android,1,Premium,Active,250k-499k,11.449175006562973,-0.5000000000000004,0.8660254037844384,0,17,59.8,65290.03125000001,0.25,1.032702967718158,0,1,0.553106527921953,FP
Deposit,Web,Android,0,Everyday,Dormant,250k-499k,13.276696554863596,-0.5000000000000004,0.8660254037844384,0,63,61.8,46179.624,0.3,1.2361551611059118,1,1,0.5057925418468023,TP
Cash Withdrawal,POS,iOS,0,Everyday,Active,500k-999k,8.870255618064688,-0.5000000000000004,0.8660254037844384,0,78,78.4,30877.727000000003,0.1,0.8580390482138637,0,0,0.40166025545601947,TN
Deposit,USSD,iOS,0,Student,Active,100k-249k,7.005362817835145,-0.2588190451025215,0.965925826289068,0,35,93.1,2852.2533333333336,0.3333333333333333,0.8804893648797631,0,0,0.35763742764754286,TN
Card Purchase,Mobile App,Android,1,Everyday,Dormant,1m+,11.696961967071166,-0.2588190451025215,0.965925826289068,0,71,71.8,11218.895,0.5,1.2543061962425506,0,1,0.5595261755811826,FP
Card Purchase,Mobile App,Android,0,Student,Active,100k-249k,10.522156846378548,-0.2588190451025215,0.965925826289068,0,71,53.2,90240.004,0.4,0.9221679465968328,0,0,0.3358279095013458,TN
Card Purchase,Mobile App,iOS,0,Student,Active,1m+,11.041113161058144,-0.2588190451025215,0.965925826289068,0,52,77.6,36029.530000000006,0.2857142857142857,1.0523241391952165,0,0,0.3457580129271729,TN
Bill Payment,Web,iOS,0,Premium,Dormant,100k-249k,7.320923971475334,-0.2588190451025215,0.965925826289068,0,63,81.3,57098.072,0.2,0.6684222902092344,0,0,0.38145331723796694,TN
Bill Payment,POS,Web Browser,0,Premium,Dormant,500k-999k,9.635570851784584,-0.2588190451025215,0.965925826289068,0,64,84.3,12514.112857142858,0.1428571428571428,1.021291487362976,0,0,0.3810384401017891,TN
Bill Payment,POS,Web Browser,0,Premium,Active,250k-499k,7.448153297130308,0.0,1.0,1,28,55.4,26594.702,0.6,0.7310349622649182,0,0,0.4545582306120712,TN
Transfer,POS,Android,0,SME,Active,250k-499k,6.295487379147815,0.0,1.0,1,49,72.8,35603.17428571429,0.1428571428571428,0.600701939589624,1,0,0.49521841080464035,FN
Cash Withdrawal,POS,Web Browser,0,SME,Active,100k-249k,7.775410234768407,0.0,1.0,1,52,70.1,67160.36666666667,0.2222222222222222,0.6995513042498943,0,1,0.5165651638851764,FP
Card Purchase,Web,Android,0,Everyday,Dormant,500k-999k,11.606923329519985,0.0,1.0,1,1,70.4,31882.06142857143,0.4285714285714285,1.1192973416745742,0,0,0.4823206679757171,TN
Deposit,Mobile App,iOS,0,SME,Active,500k-999k,8.318576385278623,0.0,1.0,1,86,48.8,6762.886666666666,1.0,0.9432184456375552,1,1,0.5272898002562071,TP
Transfer,Mobile App,Android,0,SME,Active,1m+,10.195013228869628,0.2588190451025207,0.9659258262890684,1,93,66.6,36688.3075,0.25,0.9700075931026108,1,1,0.6180883682209122,TP
Transfer,ATM,Android,0,Premium,Active,Below 100k,12.79941893813262,0.2588190451025207,0.9659258262890684,1,88,58.4,46617.41857142857,0.0,1.1906712024899313,1,1,0.681682577146881,TP
Transfer,Web,iOS,0,Everyday,Active,100k-249k,6.730648103640738,0.2588190451025207,0.9659258262890684,1,6,67.8,7756.278,0.4,0.7514914518696674,0,1,0.6029575129997683,FP
Transfer,Mobile App,POS Terminal,0,Everyday,Active,100k-249k,11.710523736276503,0.2588190451025207,0.9659258262890684,1,7,70.6,60442.762,0.0,1.0636774671019509,0,1,0.5859055198486055,FP
Transfer,Mobile App,Android,0,Everyday,Active,250k-499k,10.279460339526162,0.2588190451025207,0.9659258262890684,1,74,69.9,14310.91125,0.125,1.0742631671248746,1,1,0.6151412099368277,TP
Transfer,Mobile App,Web Browser,0,SME,Dormant,250k-499k,8.414721831459104,0.2588190451025207,0.9659258262890684,1,83,64.5,26731.88666666667,0.0,0.8254866509232275,0,1,0.6061796089456557,FP
Card Purchase,Mobile App,iOS,0,Everyday,Active,100k-249k,8.034216170469985,0.4999999999999999,0.8660254037844387,1,60,66.7,110116.67,0.3333333333333333,0.6920497229312651,0,0,0.47527148505595485,TN
Transfer,POS,Android,0,Student,Active,250k-499k,6.401170649473401,0.4999999999999999,0.8660254037844387,1,56,65.5,16354.08,0.1428571428571428,0.6597584819309965,0,1,0.5640085704858354,FP
Deposit,ATM,POS Terminal,0,Everyday,Active,100k-249k,8.58393927409581,0.4999999999999999,0.8660254037844387,1,66,65.8,55421.585,0.0,0.7858776588970173,0,0,0.4925727688770331,TN
Transfer,Web,iOS,0,Student,Active,Below 100k,9.094857688479838,0.4999999999999999,0.8660254037844387,1,95,53.3,75896.91333333333,0.3333333333333333,0.8093566574854482,0,1,0.5671187155200825,FP
Airtime/Data,Mobile App,Android,0,Everyday,Active,250k-499k,9.060622685233202,0.4999999999999999,0.8660254037844387,1,33,77.1,52799.57166666666,0.1666666666666666,0.8332160784624761,0,1,0.5524770955508169,FP
Deposit,POS,iOS,0,Student,Active,500k-999k,8.708016836146191,0.7071067811865476,0.7071067811865476,1,9,58.9,37734.5475,0.0,0.8263162983807075,1,0,0.44309048016951263,FN
Transfer,Web,Android,0,SME,Active,Below 100k,10.162144955072293,0.7071067811865476,0.7071067811865476,1,92,69.2,12012.444,0.2,1.0817948883558444,0,1,0.5944777526816472,FP
Transfer,ATM,ATM Terminal,0,SME,Active,100k-249k,11.19185122832431,0.7071067811865476,0.7071067811865476,1,12,31.7,5786.25,0.3333333333333333,1.2918525150614035,0,1,0.6336636015232293,FP
Transfer,Mobile App,Android,0,Premium,Active,100k-249k,10.966308228626168,0.7071067811865476,0.7071067811865476,1,52,55.6,89879.82666666666,0.3333333333333333,0.9614306118386176,1,1,0.6120167012282304,TP
Cash Withdrawal,POS,iOS,0,Everyday,Dormant,1m+,10.167065311190862,0.7071067811865476,0.7071067811865476,1,33,73.2,2911.365,0.0,1.2745921082584764,0,1,0.5066241118324181,FP
Cash Withdrawal,POS,Web Browser,0,Everyday,Active,Below 100k,10.111299777373212,0.7071067811865476,0.7071067811865476,1,37,50.2,10015.1675,0.0,1.0976279064783474,0,1,0.5298438354833473,FP
Card Purchase,POS,Android,0,SME,Active,Below 100k,10.317350962641012,0.8660254037844386,0.5000000000000001,1,57,62.7,44922.825,0.3333333333333333,0.9630931768305954,0,0,0.42304035557017783,TN
Transfer,Web,iOS,0,Student,Dormant,500k-999k,8.497096600917109,0.8660254037844386,0.5000000000000001,1,37,52.2,16699.065,0.0,0.873902075590052,0,1,0.6312585536279672,FP
Card Purchase,Mobile App,iOS,0,Premium,Active,1m+,8.583961724228454,0.8660254037844386,0.5000000000000001,1,31,79.9,57056.30333333332,0.0,0.7837937889316492,0,0,0.4632920709187869,TN
Card Purchase,Mobile App,iOS,0,SME,Active,100k-249k,11.884290794860576,0.8660254037844386,0.5000000000000001,1,2,79.1,58437.263333333336,0.0,1.0827794566161015,1,0,0.45937367425822656,FN
Airtime/Data,Mobile App,Android,0,Everyday,Active,1m+,8.760424819478134,0.8660254037844386,0.5000000000000001,1,54,63.6,122974.8442857143,0.4285714285714285,0.7474928972151897,0,1,0.5102536669686701,FP
Card Purchase,Mobile App,iOS,0,Everyday,Active,Below 100k,9.02961553973882,0.8660254037844386,0.5000000000000001,1,11,100.0,47340.96666666667,0.0,0.8387819496382005,0,0,0.47543844075302977,TN
Transfer,Mobile App,Android,0,Everyday,Active,250k-499k,10.14855422640451,0.9659258262890684,0.2588190451025207,0,4,80.3,105598.006,0.2,0.8773406736882525,0,1,0.5918200112381713,FP
Transfer,Mobile App,iOS,0,Everyday,Active,Below 100k,6.925958588836011,0.9659258262890684,0.2588190451025207,0,33,58.5,165538.49625,0.25,0.576348398703504,0,1,0.5201822244747734,FP
Cash Withdrawal,POS,iOS,0,SME,Active,250k-499k,10.176435991109352,0.9659258262890684,0.2588190451025207,0,2,63.3,155222.40249999997,0.5,0.8513978880958802,0,0,0.44396139705707593,TN
Card Purchase,Web,Android,0,SME,Active,100k-249k,11.054823370651176,0.9659258262890684,0.2588190451025207,0,39,68.8,46005.264,0.0,1.0296455601894627,0,0,0.3844748644943991,TN
Transfer,POS,Android,0,Student,Active,Below 100k,9.776505523077192,0.9659258262890684,0.2588190451025207,0,13,93.2,27002.652,0.4,0.958130803040953,0,1,0.5967455457435387,FP
Transfer,Mobile App,Android,0,Premium,Active,250k-499k,7.418534901690095,1.0,6.123233995736766e-17,0,87,82.4,29546.44333333333,0.0,0.7206832398934531,0,0,0.4677603818199561,TN
Card Purchase,Mobile App,Android,0,Everyday,Active,250k-499k,8.571139563279255,1.0,6.123233995736766e-17,0,33,77.2,157076.21749999997,0.25,0.7163813552652465,0,0,0.3060802919661471,TN
Cash Withdrawal,Mobile App,Android,0,Premium,Dormant,Below 100k,8.443068603739864,1.0,6.123233995736766e-17,0,79,74.2,65052.67111111112,0.3333333333333333,0.761805742517371,1,0,0.45727248502809903,FN
Transfer,POS,Android,0,Premium,Active,100k-249k,8.66188037615228,1.0,6.123233995736766e-17,0,52,96.7,50345.955,0.1666666666666666,0.8000485504122314,0,1,0.5119742982192972,FP
Bill Payment,Mobile App,iOS,0,Student,Active,Below 100k,7.407384455814713,1.0,6.123233995736766e-17,0,19,57.3,10715.64,0.0,0.7982479860403688,0,0,0.34347727115884463,TN
Card Purchase,Mobile App,iOS,1,Student,Active,1m+,7.840183104756439,1.0,6.123233995736766e-17,0,68,77.0,13098.444545454544,0.0,0.826995173279306,0,1,0.5181659266844306,FP
Card Purchase,Mobile App,Android,0,SME,Active,Below 100k,10.960146130145445,0.9659258262890684,-0.2588190451025206,0,26,88.1,7978.717500000001,0.0,1.2198734529269826,0,0,0.34078158619936966,TN
Cash Withdrawal,ATM,Android,0,Everyday,Active,100k-249k,11.09141542258589,0.9659258262890684,-0.2588190451025206,0,77,42.0,33113.577999999994,0.0,1.0656902713950902,0,0,0.46009127045432185,TN
Card Purchase,Web,Android,0,SME,Active,250k-499k,8.841871870914554,0.9659258262890684,-0.2588190451025206,0,8,23.2,17298.684999999998,0.5,0.9060739866425408,0,0,0.3327807995362011,TN
Cash Withdrawal,Mobile App,Web Browser,0,Student,Active,Below 100k,11.22832184920455,0.9659258262890684,-0.2588190451025206,0,1,67.4,16235.97625,0.125,1.1581503976665617,0,0,0.430034529196792,TN
Card Purchase,Web,Android,0,Premium,Active,Below 100k,11.94441082429166,0.9659258262890684,-0.2588190451025206,0,81,72.6,31608.464,0.2,1.1528005603059372,0,0,0.3342712436342889,TN
Airtime/Data,ATM,Android,0,SME,Active,Below 100k,7.130002428648411,0.8660254037844387,-0.4999999999999998,0,30,53.8,25711.66333333333,0.0,0.7021354766998484,1,0,0.37486923866737615,FN
Card Purchase,Mobile App,Android,0,SME,Active,250k-499k,11.972697933933905,0.8660254037844387,-0.4999999999999998,0,10,79.9,1466.98,0.0,1.6419754251797352,0,0,0.34039313430669016,TN
Card Purchase,ATM,iOS,0,Everyday,Active,500k-999k,7.277517213467992,0.8660254037844387,-0.4999999999999998,0,50,93.5,76250.2325,0.25,0.6473629157437936,1,0,0.34300177967417034,FN
Transfer,Mobile App,ATM Terminal,0,Everyday,Active,100k-249k,12.70775418933538,0.8660254037844387,-0.4999999999999998,0,21,47.0,3638.135,0.0,1.5498203771296697,0,1,0.5725962820245305,FP
Transfer,USSD,Android,0,Everyday,Active,500k-999k,12.094833551505848,0.8660254037844387,-0.4999999999999998,0,3,53.1,33347.47625,0.125,1.1613157675715031,1,1,0.534713062623967,TP
Bill Payment,POS,Android,0,Student,Active,500k-999k,7.27036159748829,0.8660254037844387,-0.4999999999999998,0,87,64.2,18835.275,0.0,0.7385921870701065,0,0,0.325206789325021,TN
Transfer,ATM,POS Terminal,0,Everyday,Active,100k-249k,8.594567110269592,0.7071067811865476,-0.7071067811865475,0,25,72.9,37308.93,0.0,0.8164296604200223,1,1,0.5236941458006906,TP
Airtime/Data,Mobile App,iOS,0,Student,Active,100k-249k,9.004745684650338,0.7071067811865476,-0.7071067811865475,0,3,59.9,62136.48,0.5,0.8158612233654904,0,0,0.33915770849955984,TN
Transfer,ATM,Android,0,Everyday,Active,1m+,7.518634360855101,0.7071067811865476,-0.7071067811865475,0,65,66.7,30324.44,0.0,0.7285680382006039,0,0,0.4941699334168096,TN
Card Purchase,POS,iOS,0,SME,Active,100k-249k,9.48256661609772,0.7071067811865476,-0.7071067811865475,0,69,83.6,32062.86,0.0,0.9139396165366352,0,0,0.2939687462613861,TN
Bill Payment,POS,Android,0,SME,Active,Below 100k,9.0483036791248,0.7071067811865476,-0.7071067811865475,0,26,88.1,17889.744,0.0,0.9240469628456088,0,0,0.3799658151889545,TN
Deposit,POS,Android,0,Premium,Active,250k-499k,8.819993406667919,0.4999999999999999,-0.8660254037844387,0,28,55.4,24332.97363636364,0.5454545454545454,0.8732987745799422,0,0,0.34219759508307346,TN
Transfer,Mobile App,Android,0,Everyday,Active,Below 100k,8.259214894515633,0.4999999999999999,-0.8660254037844387,0,83,89.5,14398.7,0.25,0.8625845546017468,0,0,0.46108715353398744,TN
Airtime/Data,Mobile App,Web Browser,0,SME,Active,Below 100k,7.814225951517422,0.4999999999999999,-0.8660254037844387,0,2,100.0,61098.79666666667,0.3333333333333333,0.7090779387029865,0,0,0.350038137933257,TN
Airtime/Data,Web,Web Browser,0,SME,Active,250k-499k,6.4701646273686135,0.4999999999999999,-0.8660254037844387,0,22,60.6,95866.245,0.0,0.564059172000621,0,0,0.343091175982947,TN
Airtime/Data,Mobile App,POS Terminal,0,Premium,Active,500k-999k,5.728637675654378,0.4999999999999999,-0.8660254037844387,0,11,71.8,42687.1025,0.25,0.5373112002247433,0,0,0.3411130628758683,TN
Deposit,Mobile App,Android,0,Everyday,Active,250k-499k,11.97409651407166,0.4999999999999999,-0.8660254037844387,0,22,51.4,39496.21933333333,0.2,1.1313409731601722,0,0,0.37339081983513833,TN
Deposit,Web,iOS,0,Student,Active,500k-999k,10.718944396983556,0.258819045102521,-0.9659258262890682,0,88,88.2,43383.8025,0.25,1.0038472028826528,0,0,0.32068168654286483,TN
Cash Withdrawal,Mobile App,iOS,0,Student,Active,100k-249k,9.324234968553764,0.258819045102521,-0.9659258262890682,0,26,85.0,105639.0525,0.5,0.8060513426091784,1,0,0.4496348577544788,FN
Deposit,POS,iOS,0,Everyday,Active,1m+,8.095427955094555,0.258819045102521,-0.9659258262890682,0,44,90.6,121527.18375,0.25,0.6914499553147117,0,0,0.31414072842973023,TN
Card Purchase,POS,ATM Terminal,0,Premium,Active,250k-499k,9.505971268651924,0.258819045102521,-0.9659258262890682,0,40,69.8,23262.786666666667,0.0,0.9454300481514384,1,0,0.32867909483077273,FN
Card Purchase,Web,ATM Terminal,0,Everyday,Active,100k-249k,9.724994657055651,0.258819045102521,-0.9659258262890682,0,1,56.1,67431.69428571429,0.1428571428571428,0.8746375586807466,1,0,0.3454528583134279,FN
Cash Withdrawal,POS,Unknown,0,Student,Active,Below 100k,9.55677779082543,1.2246467991473532e-16,-1.0,0,66,83.8,28332.32857142857,0.0,0.9322053991161232,1,0,0.4343102034679892,FN
Airtime/Data,ATM,ATM Terminal,0,Everyday,Active,500k-999k,6.922584776428135,1.2246467991473532e-16,-1.0,0,92,92.3,17122.128000000004,0.0,0.710140865468421,0,0,0.3522777140766522,TN
Transfer,ATM,Android,0,Everyday,Active,100k-249k,12.113968211826608,1.2246467991473532e-16,-1.0,0,66,65.8,38729.096666666665,0.0,1.1466813080831704,1,1,0.6076377421588294,TP
Deposit,Mobile App,iOS,0,Premium,Active,250k-499k,11.525030798868125,1.2246467991473532e-16,-1.0,0,6,36.5,21213.69090909091,0.1818181818181818,1.1568471348048528,0,0,0.35574946870159907,TN
Transfer,POS,Android,0,Student,Active,500k-999k,8.63760388287044,1.2246467991473532e-16,-1.0,0,6,57.5,138021.53166666665,0.1666666666666666,0.7298249420934326,1,1,0.5091603085198197,TP
Card Purchase,ATM,ATM Terminal,0,Everyday,Active,250k-499k,9.497815172948714,1.2246467991473532e-16,-1.0,0,4,34.2,101088.395,0.5,0.8241940788491748,0,0,0.3554625558871758,TN
Transfer,ATM,iOS,0,Everyday,Active,500k-999k,7.804948814685058,-0.2588190451025208,-0.9659258262890684,0,32,84.2,56349.74166666667,0.0,0.7134745966340929,0,1,0.507936834085567,FP
Card Purchase,Mobile App,Android,0,Student,Active,Below 100k,5.780249566659046,-0.2588190451025208,-0.9659258262890684,0,28,83.6,6249.195,0.5,0.6613279446420193,0,0,0.3052073288502907,TN
Airtime/Data,Mobile App,iOS,0,Everyday,Active,250k-499k,10.004760826791124,-0.2588190451025208,-0.9659258262890684,0,54,86.8,79779.44333333333,0.3333333333333333,0.886394167707548,1,0,0.3358972587013229,FN
Card Purchase,POS,Web Browser,0,SME,Dormant,250k-499k,10.942175723977163,-0.2588190451025208,-0.9659258262890684,0,16,92.7,40623.318,0.4,1.03110156367211,0,0,0.32904837917208385,TN
Cash Withdrawal,USSD,Android,0,Everyday,Active,500k-999k,10.438224410525178,-0.2588190451025208,-0.9659258262890684,0,95,97.6,38874.85857142857,0.1428571428571428,0.9877079161871952,0,0,0.35923371002772314,TN
Transfer,POS,Android,0,Everyday,Active,Below 100k,11.733491697850782,-0.2588190451025208,-0.9659258262890684,0,77,54.9,68085.386,0.2,1.0543610879796408,1,0,0.4975546400324016,FN
Airtime/Data,POS,iOS,0,Everyday,Dormant,100k-249k,9.457754983625462,-0.4999999999999997,-0.8660254037844388,0,69,81.8,67561.875,0.0,0.8504552857007257,0,0,0.3394417912224663,TN
Deposit,Mobile App,iOS,1,Premium,Active,Below 100k,12.543366508809456,-0.4999999999999997,-0.8660254037844388,0,22,72.2,2923.598,0.2,1.5716707582788343,1,1,0.5424292580406259,TP
Card Purchase,Mobile App,iOS,0,Student,Active,100k-249k,11.408985051600771,-0.4999999999999997,-0.8660254037844388,0,92,50.4,23185.1425,0.5,1.1350744299555886,0,0,0.33849274503386445,TN
Card Purchase,POS,Android,0,Everyday,Active,500k-999k,10.94162699953528,-0.4999999999999997,-0.8660254037844388,0,61,88.6,4061.9725,0.5,1.3167342182738109,0,0,0.32777916380102456,TN
Card Purchase,Mobile App,Web Browser,0,Everyday,Dormant,500k-999k,11.152373443441396,-0.4999999999999997,-0.8660254037844388,0,59,72.7,63671.178,0.3,1.0082150195634445,0,0,0.33672140225148633,TN
Card Purchase,Mobile App,Android,0,Everyday,Active,500k-999k,8.913229992393138,-0.7071067811865471,-0.7071067811865479,0,1,98.3,44571.942,0.2,0.8326322294516961,0,0,0.30524946212257975,TN
Transfer,POS,Web Browser,0,Student,Active,500k-999k,11.030770384983343,-0.7071067811865471,-0.7071067811865479,0,57,52.5,43850.9375,0.5,1.0320151404318585,0,1,0.5004191259425049,FP
Airtime/Data,Web,ATM Terminal,0,Premium,Active,100k-249k,6.677423453820944,-0.7071067811865471,-0.7071067811865479,0,85,75.8,72205.84333333334,0.3333333333333333,0.5968758646735991,1,0,0.3892824427109046,FN
Deposit,Mobile App,Web Browser,0,Premium,Active,250k-499k,12.54910290267868,-0.7071067811865471,-0.7071067811865479,0,9,90.4,22905.047142857144,0.2857142857142857,1.250015701031516,0,1,0.6035931043334267,FP
Transfer,Web,Web Browser,0,Everyday,Active,100k-249k,12.055086370355893,-0.7071067811865471,-0.7071067811865479,0,51,61.6,31088.318,0.2,1.165348449294074,0,1,0.6574076236784738,FP
Airtime/Data,POS,iOS,0,Everyday,Active,Below 100k,5.022827334861618,-0.7071067811865471,-0.7071067811865479,0,92,36.2,2952.6666666666665,0.3333333333333333,0.6285760738470283,0,0,0.3415826249880956,TN
Transfer,POS,Android,0,Student,Active,250k-499k,8.57536209453988,-0.8660254037844385,-0.5000000000000004,0,43,31.3,71378.86333333333,0.0,0.767317264402388,1,1,0.5137138507518412,TP
Card Purchase,ATM,POS Terminal,0,Student,Active,Below 100k,6.80161668292047,-0.8660254037844385,-0.5000000000000004,0,43,74.7,11168.09,0.2857142857142857,0.7297163071671394,0,0,0.3553016040393809,TN
Cash Withdrawal,USSD,ATM Terminal,0,Everyday,Active,Below 100k,7.658043373228904,-0.8660254037844385,-0.5000000000000004,0,32,55.1,25067.275,0.0,0.7560245264158605,0,0,0.46045486108928446,TN
Transfer,Web,Unknown,0,Everyday,Active,500k-999k,9.036991242300788,-0.8660254037844385,-0.5000000000000004,0,13,83.6,10876.29,0.0,0.9723015720717372,0,1,0.5043038696744973,FP
Transfer,Mobile App,Android,0,SME,Active,250k-499k,10.470632354749206,-0.8660254037844385,-0.5000000000000004,0,23,85.9,16021.234,0.0,1.0814833171641485,0,0,0.4932471169812526,TN
Transfer,Mobile App,Android,0,Student,Active,250k-499k,8.552959869328774,-0.9659258262890684,-0.2588190451025206,0,59,81.0,31831.455,0.1666666666666666,0.824919032707527,0,0,0.49362266249921255,TN
Bill Payment,Mobile App,Android,0,Student,Active,250k-499k,7.853317393155906,-0.9659258262890684,-0.2588190451025206,0,77,71.0,6492.44,0.1666666666666666,0.8946032587248062,0,0,0.3383396523395992,TN
Airtime/Data,Mobile App,POS Terminal,0,Premium,Active,250k-499k,5.197723251312334,-0.9659258262890684,-0.2588190451025206,0,56,78.1,53633.357777777775,0.2222222222222222,0.4772956320802864,0,0,0.33796314860433746,TN
Cash Withdrawal,Mobile App,Android,0,Student,Active,250k-499k,9.022152441611397,-0.9659258262890684,-0.2588190451025206,0,18,55.7,53027.42,0.0,0.829349945057026,0,0,0.4418539690864184,TN
Cash Withdrawal,Mobile App,iOS,0,Everyday,Active,250k-499k,9.50831454855316,-0.9659258262890684,-0.2588190451025206,0,5,59.0,14520.168,0.2,0.9921689098588692,0,0,0.437963741979538,TN
Card Purchase,Web,Android,0,Everyday,Active,250k-499k,8.254536684250008,-0.9659258262890684,-0.2588190451025206,0,4,34.2,83536.62999999999,0.4,0.7283595225164217,0,0,0.32360796583365536,TN
Card Purchase,Mobile App,ATM Terminal,0,SME,Active,100k-249k,10.05427716171692,-1.0,-1.8369701987210292e-16,0,22,53.0,35854.36,0.5,0.958714510167391,0,0,0.3602723226090949,TN
Deposit,Mobile App,iOS,0,SME,Active,500k-999k,8.795653372638276,-1.0,-1.8369701987210292e-16,0,12,86.2,28541.41,0.0,0.8573474916343955,0,0,0.3203359431347801,TN
Card Purchase,Mobile App,ATM Terminal,0,Everyday,Active,100k-249k,10.284291047573433,-1.0,-1.8369701987210292e-16,0,36,100.0,124760.60428571427,0.4285714285714285,0.8764403265013022,0,0,0.3582589339697092,TN
Transfer,Mobile App,POS Terminal,0,SME,Active,1m+,12.219558353230754,-1.0,-1.8369701987210292e-16,0,90,75.2,140606.64,0.5,1.030861998809409,0,1,0.5524065881585409,FP
Transfer,Mobile App,iOS,0,SME,Active,500k-999k,10.236493789514167,-1.0,-1.8369701987210292e-16,0,58,72.5,15649.703333333331,0.0,1.0598681321908971,0,0,0.4871682814739114,TN
Airtime/Data,Mobile App,Android,0,Premium,Active,500k-999k,7.021539217788396,-0.9659258262890684,0.2588190451025203,0,93,45.4,158970.73200000002,0.8,0.5862772895952915,0,0,0.3776410598426105,TN
Transfer,Web,iOS,0,SME,Active,100k-249k,7.437536112263733,-0.9659258262890684,0.2588190451025203,0,39,68.8,48878.935,0.0,0.688844298542642,0,1,0.5466576768621156,FP
Airtime/Data,Mobile App,iOS,0,Everyday,Active,100k-249k,10.39984856640656,-0.9659258262890684,0.2588190451025203,0,69,54.6,57981.27,0.0,0.948208465392784,0,0,0.35970768100586126,TN
Transfer,Web,Web Browser,0,Student,Active,Below 100k,11.329038804039511,-0.9659258262890684,0.2588190451025203,0,7,88.8,12369.746666666668,0.3333333333333333,1.2022636963938798,0,1,0.5474326451279877,FP
Cash Withdrawal,POS,Android,0,Student,Active,1m+,8.26872670389946,-0.9659258262890684,0.2588190451025203,0,9,74.5,32208.416666666668,0.0,0.796600717385622,0,1,0.5046140949202146,FP
Card Purchase,Mobile App,Android,0,Premium,Active,1m+,6.6686474743799815,-0.9659258262890684,0.2588190451025203,0,56,53.4,45891.47714285715,0.2857142857142857,0.6212607026161054,0,0,0.33580372729403557,TN
Deposit,Mobile App,iOS,0,Everyday,Active,500k-999k,7.2315112917637565,-0.8660254037844386,0.5000000000000001,0,24,80.1,25797.07666666667,0.0,0.7118991908306221,0,0,0.34495811017113487,TN
Card Purchase,Web,Android,0,Everyday,Active,1m+,6.923717206892379,-0.8660254037844386,0.5000000000000001,0,71,79.8,328550.455,1.0,0.5450694860604024,0,0,0.33646140547665127,TN
Transfer,POS,iOS,0,Everyday,Active,100k-249k,11.196527132571772,-0.8660254037844386,0.5000000000000001,0,60,47.5,5261.581666666667,0.3333333333333333,1.3067267158267826,0,1,0.5552273655401846,FP
Transfer,USSD,Android,0,Student,Active,100k-249k,10.4969718439821,-0.8660254037844386,0.5000000000000001,0,24,60.3,46631.89399999999,0.2,0.976456915330268,0,1,0.5309087628891382,FP
Card Purchase,Mobile App,Android,0,Everyday,Active,250k-499k,11.892413539305512,-0.8660254037844386,0.5000000000000001,0,32,68.3,16905.02,0.0,1.2215607924272995,0,0,0.3592751323242329,TN
Deposit,Mobile App,Android,0,Everyday,Active,500k-999k,9.017134192013888,-0.7071067811865477,0.7071067811865474,0,57,86.7,37610.146,0.0,0.8559170858023311,0,0,0.3256090082794509,TN
Bill Payment,Mobile App,iOS,0,Premium,Active,250k-499k,10.38229667438942,-0.7071067811865477,0.7071067811865474,0,19,59.1,51749.93666666667,0.1666666666666666,0.9565236284948024,0,0,0.3226309176104968,TN
Deposit,Web,Android,0,Premium,Active,1m+,7.697343817504908,-0.7071067811865477,0.7071067811865474,0,73,97.2,86959.44750000001,0.375,0.6767961480633115,0,0,0.32909849051347595,TN
Transfer,Web,iOS,0,Everyday,Active,250k-499k,10.041561113876108,-0.7071067811865477,0.7071067811865474,0,61,88.2,35842.99222222222,0.0,0.9575309376520204,1,1,0.5416390204306208,TP
Cash Withdrawal,USSD,Android,0,Everyday,Dormant,500k-999k,9.485198568897047,-0.7071067811865477,0.7071067811865474,0,59,72.7,64221.810000000005,0.2727272727272727,0.8568293701984737,0,0,0.43491372785433263,TN
Airtime/Data,POS,POS Terminal,0,Everyday,Active,500k-999k,9.814306004245474,-0.7071067811865477,0.7071067811865474,0,78,78.4,28717.57909090909,0.0909090909090909,0.9560662072197368,1,0,0.33512110043600607,FN
Bill Payment,Web,ATM Terminal,0,SME,Active,Below 100k,9.931973449323314,-0.5000000000000004,0.8660254037844384,0,67,73.9,18086.766666666663,0.3333333333333333,1.013157446930825,0,0,0.357847250532795,TN
Transfer,Mobile App,Android,0,Student,Active,250k-499k,7.536950433049565,-0.5000000000000004,0.8660254037844384,0,33,86.9,18391.457142857143,0.2857142857142857,0.7675339942475943,0,1,0.5578133120790959,FP
Bill Payment,Mobile App,POS Terminal,0,Everyday,Active,100k-249k,11.427551110963378,-0.5000000000000004,0.8660254037844384,0,87,60.7,133995.6733333333,0.3333333333333333,0.9679795949117608,0,0,0.31075418619552286,TN
Bill Payment,Web,Android,0,Student,Active,Below 100k,10.575908419332867,-0.5000000000000004,0.8660254037844384,0,1,67.4,22790.89444444444,0.1111111111111111,1.053990384964717,0,0,0.3514772566172061,TN
Card Purchase,ATM,Android,0,Student,Active,Below 100k,7.97267289112615,-0.5000000000000004,0.8660254037844384,0,48,37.3,44378.725,0.5,0.7450721534879089,0,0,0.33751243357504496,TN
Transfer,Web,Android,0,SME,Active,100k-249k,11.833599202776652,-0.5000000000000004,0.8660254037844384,0,75,85.2,51403.605,0.0,1.0909073708963843,0,1,0.5100341281923887,FP
Transfer,Mobile App,ATM Terminal,0,SME,Active,Below 100k,12.723895014884782,-0.2588190451025215,0.965925826289068,0,38,83.6,101978.516,0.6,1.103305003373249,0,1,0.5827491168464024,FP
Airtime/Data,ATM,Android,0,SME,Active,1m+,10.137963054085166,-0.2588190451025215,0.965925826289068,0,53,66.8,7201.743333333333,0.0,1.141377515056481,0,0,0.36361520665895775,TN
Transfer,Web,POS Terminal,0,SME,Dormant,Below 100k,9.998213470783815,-0.2588190451025215,0.965925826289068,0,39,34.3,43362.478,0.0,0.9363926516246596,0,1,0.5038316623815757,FP
Card Purchase,Mobile App,iOS,0,Student,Dormant,250k-499k,9.395839375335877,-0.2588190451025215,0.965925826289068,0,3,59.3,1304.03,0.0,1.3097106016794895,0,0,0.35169930671752136,TN
Deposit,POS,Android,0,SME,Active,500k-999k,7.6065912476595505,-0.2588190451025215,0.965925826289068,0,25,92.4,53678.1275,0.375,0.6984432322071951,0,0,0.3492598727481442,TN
Bill Payment,Mobile App,Android,0,SME,Active,250k-499k,7.088108232681247,0.0,1.0,1,25,49.5,2796.78,0.3333333333333333,0.8930933564737004,0,1,0.5286668798479157,FP
Airtime/Data,Web,iOS,0,Everyday,Active,500k-999k,10.711720133403904,0.0,1.0,1,25,94.5,28091.17875,0.375,1.0457348804429942,0,1,0.5662555760436083,FP
Transfer,USSD,Web Browser,0,Everyday,Active,250k-499k,11.451035380293312,0.0,1.0,1,4,40.4,32092.369999999995,0.0,1.1035648339571875,0,1,0.602773621453816,FP
Bill Payment,ATM,iOS,0,Everyday,Active,100k-249k,6.351496350484314,0.0,1.0,1,27,34.5,48749.41625,0.375,0.5884028516591132,0,0,0.4712185562045848,TN
Transfer,Mobile App,Android,0,Premium,Dormant,500k-999k,9.9392585723335,0.0,1.0,1,64,84.3,12862.1525,0.125,1.050425946651615,1,1,0.6075728549421296,TP
Transfer,Web,iOS,0,Premium,Active,100k-249k,8.563645386569554,0.0,1.0,1,71,84.0,112012.75857142857,0.0,0.7365704205236429,0,1,0.5799550408767877,FP
Transfer,Mobile App,Android,0,Everyday,Active,1m+,8.333883146228567,0.2588190451025207,0.9659258262890684,1,57,72.7,12844.79,0.0,0.880888331923814,1,1,0.6316175749767132,TP
Cash Withdrawal,Mobile App,Android,0,Everyday,Active,250k-499k,9.981067846340183,0.2588190451025207,0.9659258262890684,1,55,37.8,17130.435,0.4,1.0238388907216518,1,1,0.5766447615422172,TP
Bill Payment,Mobile App,Android,0,Student,Active,250k-499k,7.911236038553601,0.2588190451025207,0.9659258262890684,1,61,60.1,48733.32333333333,0.3333333333333333,0.7329196100755332,1,1,0.5020801747583805,TP
Card Purchase,POS,POS Terminal,1,SME,Active,100k-249k,7.31362697109049,0.2588190451025207,0.9659258262890684,1,57,56.9,11949.503333333334,0.3333333333333333,0.7789960730973398,0,1,0.7246855000946058,FP
Transfer,Web,ATM Terminal,0,Premium,Active,Below 100k,12.5940054911125,0.2588190451025207,0.9659258262890684,1,55,43.2,8948.804,0.0,1.3840498940730233,0,1,0.6574330069194648,FP
Cash Withdrawal,ATM,iOS,0,Premium,Active,250k-499k,7.12862424538833,0.4999999999999999,0.8660254037844387,1,87,57.2,165114.876,0.4,0.5933398748855613,0,0,0.49335950915327337,TN
Transfer,Mobile App,Android,0,Student,Dormant,Below 100k,9.181718650537244,0.4999999999999999,0.8660254037844387,1,27,37.5,66527.99428571429,0.0,0.8267801543054637,0,1,0.5473923409478259,FP
Transfer,Mobile App,iOS,0,Everyday,Active,100k-249k,9.691959405466712,0.4999999999999999,0.8660254037844387,1,59,49.6,73698.08333333333,0.3333333333333333,0.8647554750552567,0,1,0.6111186905347477,FP
Card Purchase,POS,Android,0,Everyday,Active,250k-499k,8.518322553446795,0.4999999999999999,0.8660254037844387,1,83,68.9,13433.768333333332,0.1666666666666666,0.8961371621714196,0,0,0.447566819624163,TN
Card Purchase,Mobile App,Android,0,Everyday,Active,500k-999k,9.908222325785554,0.4999999999999999,0.8660254037844387,1,10,79.1,106072.354,0.6,0.8562322680245017,0,0,0.461733123426924,TN
Card Purchase,Mobile App,Web Browser,0,Premium,Active,250k-499k,5.870849379750005,0.4999999999999999,0.8660254037844387,1,66,37.1,59189.94142857142,0.1428571428571428,0.5342709803860095,0,0,0.4539592840498164,TN
Cash Withdrawal,Mobile App,Android,0,Premium,Active,500k-999k,11.7942471278337,0.7071067811865476,0.7071067811865476,1,64,49.3,803.43,0.0,1.7629313870710517,0,0,0.4992610708586802,TN
Transfer,Mobile App,Android,0,Student,Active,500k-999k,9.61731567250285,0.7071067811865476,0.7071067811865476,1,9,58.9,34214.067777777775,0.1111111111111111,0.9211616370696908,0,1,0.6149540156919634,FP
Deposit,ATM,Web Browser,0,SME,Active,100k-249k,10.534947609524506,0.7071067811865476,0.7071067811865476,1,60,79.0,47625.5875,0.25,0.978071151767935,1,0,0.49725271174312896,FN
Cash Withdrawal,ATM,POS Terminal,0,Student,Active,Below 100k,9.463005443283564,0.7071067811865476,0.7071067811865476,1,13,93.2,25437.875,0.3333333333333333,0.9328641480034158,0,1,0.5411181690716114,FP
Transfer,ATM,Android,0,Student,Active,Below 100k,9.23842818993802,0.7071067811865476,0.7071067811865476,1,77,77.1,59009.7175,0.0,0.8409676166988016,0,1,0.59835363655943,FP
Cash Withdrawal,Web,ATM Terminal,0,Everyday,Active,Below 100k,7.938966286054735,0.8660254037844386,0.5000000000000001,1,70,83.4,717.7,0.0,1.206998684673586,0,1,0.5180746661873312,FP
Card Purchase,Web,POS Terminal,0,Premium,Active,500k-999k,8.930496831141303,0.8660254037844386,0.5000000000000001,1,67,73.0,92065.646,0.1,0.7813024879046905,0,0,0.43846360622410413,TN
Bill Payment,Mobile App,Android,0,Premium,Active,500k-999k,8.447253443211556,0.8660254037844386,0.5000000000000001,1,64,49.3,66645.2,0.0,0.7605237100502831,0,0,0.4482533224719458,TN
Bill Payment,POS,POS Terminal,0,Everyday,Active,500k-999k,8.695021334597852,0.8660254037844386,0.5000000000000001,1,42,34.9,17364.325,0.3333333333333333,0.8906797656082208,0,0,0.41349761853868183,TN
Airtime/Data,Web,Android,0,SME,Active,100k-249k,4.700298531079668,0.8660254037844386,0.5000000000000001,1,66,95.7,26810.77555555556,0.1111111111111111,0.460967397423112,0,0,0.4779498165866621,TN
Airtime/Data,Mobile App,Android,0,Everyday,Active,250k-499k,5.423053947949363,0.8660254037844386,0.5000000000000001,1,55,67.2,56902.513333333336,0.0,0.4952962183308426,0,0,0.49085298535058663,TN
Card Purchase,Mobile App,Android,0,Everyday,Active,250k-499k,10.585760825877523,0.9659258262890684,0.2588190451025207,0,73,100.0,49421.798,0.0,0.9794223880082368,1,0,0.38975873999709687,FN
Cash Withdrawal,Web,Android,0,Premium,Active,1m+,9.221920067762374,0.9659258262890684,0.2588190451025207,0,31,79.9,44128.2875,0.0,0.8622743749731558,1,1,0.5052642287762963,TP
Transfer,Mobile App,iOS,0,Everyday,Active,500k-999k,11.268167623789772,0.9659258262890684,0.2588190451025207,0,90,75.8,28873.846,0.1,1.097114994421606,1,1,0.5594365072684299,TP
Deposit,POS,iOS,0,Student,Active,250k-499k,8.02904514328652,0.9659258262890684,0.2588190451025207,0,3,53.2,131655.17,0.1666666666666666,0.6811231642162555,0,0,0.3925059361285925,TN
Transfer,Web,Web Browser,0,Premium,Active,500k-999k,10.964127601716612,0.9659258262890684,0.2588190451025207,0,67,43.8,14646.631666666666,0.1666666666666666,1.1430451215919442,0,1,0.5878625265845385,FP
Cash Withdrawal,USSD,Web Browser,0,Everyday,Active,250k-499k,8.504276124149337,1.0,6.123233995736766e-17,0,73,48.7,15425.384444444444,0.1111111111111111,0.8818355434968093,0,0,0.4298519843269532,TN
Transfer,POS,Android,0,SME,Active,250k-499k,11.01114035235636,1.0,6.123233995736766e-17,0,58,66.4,13096.775,0.5,1.1614884796558245,0,0,0.46756337175879736,TN
Transfer,POS,Android,0,SME,Active,Below 100k,6.806054724155798,1.0,6.123233995736766e-17,0,44,72.1,88787.87,0.0,0.5973358625911678,1,0,0.4834471052013096,FN
Transfer,Mobile App,ATM Terminal,0,Student,Active,100k-249k,8.48437656823412,1.0,6.123233995736766e-17,0,39,53.6,15575.927500000002,0.0,0.8788870418560074,0,0,0.47633282615249084,TN
Transfer,Mobile App,Android,0,SME,Active,250k-499k,7.027403241248033,1.0,6.123233995736766e-17,0,15,88.1,22360.81,0.2857142857142857,0.7016800944755176,0,0,0.4983263469026424,TN
Transfer,ATM,Web Browser,0,Premium,Active,250k-499k,10.49772420480841,1.0,6.123233995736766e-17,0,16,61.5,25462.41833333333,0.1666666666666666,1.0347684715593606,0,1,0.5184066220998227,FP
Card Purchase,Mobile App,Web Browser,0,Everyday,Active,Below 100k,8.215474396842376,0.9659258262890684,-0.2588190451025206,0,25,48.1,151296.5,0.0,0.6888129513950026,0,0,0.3353389075844299,TN
Card Purchase,USSD,Web Browser,0,Everyday,Active,100k-249k,6.180989265398516,0.9659258262890684,-0.2588190451025206,0,15,75.8,24790.06,0.25,0.6108760271555693,0,0,0.33005015198918114,TN
Card Purchase,Mobile App,Android,0,Everyday,Dormant,250k-499k,9.071023130706829,0.9659258262890684,-0.2588190451025206,0,18,53.8,46347.61625,0.0,0.8442915225041727,0,0,0.3370414355927978,TN
Card Purchase,ATM,Android,0,Student,Active,250k-499k,5.865872979059716,0.9659258262890684,-0.2588190451025206,0,27,59.4,7145.283333333333,0.0,0.6609920172093865,0,0,0.3030747442091376,TN
Card Purchase,POS,iOS,0,Student,Active,100k-249k,10.939544241666407,0.9659258262890684,-0.2588190451025206,0,47,56.6,41679.83142857143,0.0,1.0283656125603349,1,0,0.29197283722093254,FN
Deposit,Mobile App,Android,0,Student,Active,Below 100k,13.054939417389024,0.9659258262890684,-0.2588190451025206,0,48,37.3,36082.9,0.4,1.2440856191159049,1,1,0.5874463835716012,TP
Cash Withdrawal,USSD,ATM Terminal,0,Everyday,Active,100k-249k,11.380540843124104,0.8660254037844387,-0.4999999999999998,0,86,70.8,108994.64384615383,0.3846153846153846,0.9811603446858173,0,0,0.4276984965696373,TN
Transfer,Mobile App,Web Browser,0,Premium,Restricted,Below 100k,12.68712949351172,0.8660254037844387,-0.4999999999999998,0,69,87.7,57399.47636363637,0.0909090909090909,1.157816383619299,0,1,0.6272264307849545,FP
Transfer,ATM,POS Terminal,0,Premium,Active,100k-249k,12.31712051747304,0.8660254037844387,-0.4999999999999998,0,12,68.2,118995.365,0.5,1.0539300485390164,0,1,0.6511267851160996,FP
Card Purchase,POS,Android,0,Everyday,Active,250k-499k,11.428600150011128,0.8660254037844387,-0.4999999999999998,0,94,72.4,94233.854,0.0,0.9978220506169782,0,0,0.29003353945738414,TN
Airtime/Data,Mobile App,POS Terminal,0,SME,Active,100k-249k,6.132660243774759,0.8660254037844387,-0.4999999999999998,0,73,53.1,33730.836,0.2,0.5881972144504538,0,0,0.30781465808734204,TN
Transfer,Mobile App,Web Browser,0,SME,Active,250k-499k,7.787523095372191,0.7071067811865476,-0.7071067811865475,0,58,66.4,22586.198,0.4,0.7767995469791473,0,0,0.4896707992591996,TN
Bill Payment,Mobile App,Android,0,Everyday,Active,100k-249k,10.503215963447294,0.7071067811865476,-0.7071067811865475,0,12,62.3,11926.785999999998,0.3,1.118955422131218,0,0,0.3623918395393225,TN
Transfer,Mobile App,Android,0,Student,Active,1m+,9.55727129677802,0.7071067811865476,-0.7071067811865475,0,69,86.4,4157.6625,0.25,1.146925481113333,1,0,0.46216751089600205,FN
Card Purchase,Mobile App,POS Terminal,0,Everyday,Active,500k-999k,11.731697635707256,0.7071067811865476,-0.7071067811865475,0,38,46.8,58694.93444444445,0.0,1.068448386633723,0,0,0.3269980441470747,TN
Bill Payment,Mobile App,iOS,0,Everyday,Active,500k-999k,10.96858683472475,0.7071067811865476,-0.7071067811865475,0,67,67.3,73216.836,0.2,0.979233687956584,0,0,0.3183834017359464,TN
Card Purchase,Web,POS Terminal,0,Everyday,Active,Below 100k,11.417391950228511,0.7071067811865476,-0.7071067811865475,0,60,77.8,68720.825,0.1666666666666666,1.025100942898421,1,0,0.3392354363916976,FN
Card Purchase,Mobile App,iOS,0,Everyday,Active,100k-249k,7.790360987460809,0.4999999999999999,-0.8660254037844387,0,33,93.2,78101.47,0.375,0.6915067655004843,0,0,0.33167696580694245,TN
Airtime/Data,USSD,Web Browser,0,Premium,Dormant,500k-999k,5.435467204695271,0.4999999999999999,-0.8660254037844387,0,44,54.0,10864.628333333334,0.1666666666666666,0.5848764459039678,0,0,0.3470584892498509,TN
Transfer,ATM,iOS,0,Everyday,Active,500k-999k,10.826269967764436,0.4999999999999999,-0.8660254037844387,0,9,37.1,43812.005,0.25,1.0129666981281762,0,1,0.5135256302502036,FP
Card Purchase,Mobile App,iOS,0,Everyday,Dormant,250k-499k,8.522320026708034,0.4999999999999999,-0.8660254037844387,0,63,61.8,95021.36727272728,0.3636363636363636,0.7435367719432588,0,0,0.32689236026595875,TN
Card Purchase,ATM,ATM Terminal,0,SME,Active,1m+,11.678155201907217,0.4999999999999999,-0.8660254037844387,0,93,66.6,34704.31800000001,0.4,1.1170299532394805,0,0,0.3840953771741997,TN
Airtime/Data,POS,iOS,0,SME,Active,Below 100k,9.911636757384748,0.258819045102521,-0.9659258262890682,0,22,72.9,45549.2175,0.375,0.9240266116026647,0,0,0.3510112846783964,TN
Deposit,Mobile App,iOS,0,Student,Active,100k-249k,12.992591195798038,0.258819045102521,-0.9659258262890682,0,48,39.8,34993.40857142857,0.2857142857142857,1.2417720793040996,0,1,0.5139838742899037,FP
Transfer,POS,Android,0,Everyday,Active,100k-249k,10.077500521745296,0.258819045102521,-0.9659258262890682,0,49,61.8,34540.056,0.4,0.9643629831022682,0,1,0.5519912256271821,FP
Airtime/Data,ATM,Android,0,Everyday,Active,1m+,7.875848775441859,0.258819045102521,-0.9659258262890682,0,62,66.8,50415.97125,0.125,0.7273539260786748,0,0,0.3416022806102772,TN
Transfer,POS,ATM Terminal,0,Premium,Active,100k-249k,11.97681116781058,0.258819045102521,-0.9659258262890682,0,14,57.3,55042.3975,0.25,1.097191819766567,0,1,0.5518326242018204,FP
Transfer,ATM,Android,0,Student,Active,Below 100k,9.696747475585038,0.258819045102521,-0.9659258262890682,0,33,87.0,142164.2325,0.5,0.817273970533522,0,1,0.5011177304703464,FP
Card Purchase,ATM,Android,0,Student,Active,100k-249k,11.461214188503495,1.2246467991473532e-16,-1.0,0,68,88.5,53931.12333333333,0.3333333333333333,1.051923600239982,0,0,0.3326958156804329,TN
Bill Payment,Mobile App,iOS,0,Everyday,Active,100k-249k,6.398678125750263,1.2246467991473532e-16,-1.0,0,10,90.0,13057.265555555556,0.2222222222222222,0.67516713086742,0,0,0.3752310663341431,TN
Bill Payment,Mobile App,Android,0,SME,Active,250k-499k,8.11588841710549,1.2246467991473532e-16,-1.0,0,41,73.8,72349.8,0.125,0.725327020079521,0,0,0.3510789228960677,TN
Card Purchase,Web,Android,0,Everyday,Active,Below 100k,11.044170495823897,1.2246467991473532e-16,-1.0,0,17,68.0,117219.5475,0.0,0.9462258353608493,0,0,0.3045521001273968,TN
Card Purchase,Mobile App,Android,0,Everyday,Active,Below 100k,7.047691119279654,1.2246467991473532e-16,-1.0,0,40,60.0,20546.41,0.0,0.709702239568313,0,0,0.30435519505454744,TN
Airtime/Data,Web,ATM Terminal,0,Everyday,Active,1m+,7.085432735282434,-0.2588190451025208,-0.9659258262890684,0,57,72.7,11108.142,0.2,0.7606048784831826,0,0,0.37175803769281607,TN
Deposit,Web,iOS,0,Student,Active,100k-249k,6.974478911025045,-0.2588190451025208,-0.9659258262890684,0,31,51.1,65266.2575,0.125,0.6291109771377518,0,0,0.31793141889293397,TN
Bill Payment,Mobile App,Android,0,Student,Dormant,100k-249k,7.813611762934144,-0.2588190451025208,-0.9659258262890684,0,80,36.3,9179.901428571427,0.4285714285714285,0.8562974182793514,0,0,0.3475303568127176,TN
Transfer,Mobile App,Web Browser,0,Premium,Dormant,100k-249k,8.382337493715282,-0.2588190451025208,-0.9659258262890684,0,45,51.9,36006.235555555555,0.2222222222222222,0.79896652720314,1,1,0.5044322349820551,TP
Deposit,Mobile App,Web Browser,0,Everyday,Active,500k-999k,11.706729923505002,-0.2588190451025208,-0.9659258262890684,0,69,63.8,3901.075,0.5,1.4156919272235056,0,0,0.3496574264781798,TN
Bill Payment,ATM,Android,0,Everyday,Active,100k-249k,9.80338596223582,-0.2588190451025208,-0.9659258262890684,0,66,65.8,74647.0675,0.25,0.8737000212434366,0,0,0.33682847766706514,TN
Airtime/Data,Mobile App,iOS,0,Premium,Active,100k-249k,7.371036362467046,-0.4999999999999997,-0.8660254037844388,0,40,89.9,7420.98,0.25,0.8270724864653575,0,0,0.3526542962258472,TN
Transfer,Mobile App,Web Browser,0,Student,Active,250k-499k,11.17018822412983,-0.4999999999999997,-0.8660254037844388,0,56,65.2,145732.56,0.1666666666666666,0.939497460618282,0,0,0.45480617081900265,TN
Bill Payment,Mobile App,Android,0,Everyday,Active,1m+,8.484269092912005,-0.4999999999999997,-0.8660254037844388,0,14,51.0,66276.845,0.0,0.7642376521248297,0,0,0.32498938363192587,TN
Airtime/Data,POS,iOS,0,Student,Active,100k-249k,7.306779690260314,-0.4999999999999997,-0.8660254037844388,0,13,23.7,266490.75,0.0,0.5848652879901266,0,0,0.3365860314707804,TN
Card Purchase,ATM,iOS,0,Everyday,Active,250k-499k,9.83340194136944,-0.4999999999999997,-0.8660254037844388,0,27,75.0,11008.126666666669,0.6666666666666666,1.0566188335461846,0,0,0.3175831258292557,TN
Bill Payment,Mobile App,Web Browser,0,Everyday,Active,500k-999k,10.04471537650343,-0.7071067811865471,-0.7071067811865479,0,16,59.6,36935.514,0.0,0.9550972250016754,0,0,0.32751465900748383,TN
Airtime/Data,Mobile App,Android,0,Everyday,Active,100k-249k,9.868400643429416,-0.7071067811865471,-0.7071067811865479,0,94,82.2,125657.252,0.2,0.8404846833219553,0,0,0.3297865438625337,TN
Card Purchase,ATM,Android,0,SME,Active,Below 100k,10.51047889911604,-0.7071067811865471,-0.7071067811865479,0,86,72.6,18125.48,0.2857142857142857,1.071936815730851,0,0,0.3562124923842204,TN
Bill Payment,POS,Android,0,Everyday,Active,250k-499k,9.76620800147654,-0.7071067811865471,-0.7071067811865479,0,46,71.0,16652.0675,0.25,1.0047177612080116,0,0,0.3489221627914576,TN
Transfer,Mobile App,ATM Terminal,0,Everyday,Active,100k-249k,10.034043334920373,-0.7071067811865471,-0.7071067811865479,0,38,33.4,64853.338,0.6,0.905607827487108,0,0,0.4917670829844727,TN
Card Purchase,ATM,iOS,0,Everyday,Active,100k-249k,7.675197914119876,-0.7071067811865471,-0.7071067811865479,0,68,84.1,46879.212,0.2,0.713616687391412,0,0,0.32481446779881584,TN
Transfer,Mobile App,Android,0,Everyday,Active,100k-249k,7.990942544647433,-0.8660254037844385,-0.5000000000000004,0,16,65.5,21704.751666666667,0.1666666666666666,0.800268042961482,0,1,0.5163249153457017,FP
Transfer,Mobile App,ATM Terminal,0,Everyday,Active,Below 100k,11.950740750884576,-0.8660254037844385,-0.5000000000000004,0,14,82.1,26935.56833333334,0.1666666666666666,1.1714988256895975,0,1,0.5154752777610686,FP
Bill Payment,ATM,ATM Terminal,0,SME,Active,100k-249k,10.015370103408886,-0.8660254037844385,-0.5000000000000004,0,93,87.8,26262.255714285715,0.1428571428571428,0.9842219749978852,1,0,0.3636739827267534,FN
Transfer,Mobile App,Web Browser,0,Everyday,Active,100k-249k,10.741023996367591,-0.8660254037844385,-0.5000000000000004,0,1,31.4,29808.214,0.4,1.0425574450889823,0,1,0.5153782275999853,FP
Airtime/Data,ATM,Android,0,Student,Active,Below 100k,6.215747449115618,-0.8660254037844385,-0.5000000000000004,0,89,87.0,111769.06285714284,0.1428571428571428,0.5347247955065815,0,0,0.3138811008218749,TN
Card Purchase,Mobile App,Android,0,SME,Active,500k-999k,11.907516194090883,-0.8660254037844385,-0.5000000000000004,0,67,74.5,41294.783,0.3,1.1203367024089503,0,0,0.35561312544094537,TN
Cash Withdrawal,Web,POS Terminal,0,SME,Active,Below 100k,7.357358477282692,-0.9659258262890684,-0.2588190451025206,0,1,74.9,14836.04875,0.25,0.7660019142383586,0,0,0.46431786885346205,TN
Transfer,Mobile App,Android,0,Everyday,Active,100k-249k,11.916743617591449,-0.9659258262890684,-0.2588190451025206,0,26,92.8,124936.51666666668,0.6666666666666666,1.0154380748447929,0,0,0.4897908687640217,TN
Transfer,Mobile App,Web Browser,0,SME,Active,100k-249k,7.648897069246725,-0.9659258262890684,-0.2588190451025206,0,16,66.7,28404.145714285714,0.2857142857142857,0.7459190756612044,0,1,0.502341594317327,FP
Transfer,Mobile App,Android,0,Everyday,Active,500k-999k,8.883074427103443,-0.9659258262890684,-0.2588190451025206,0,50,70.5,7432.747777777778,0.1111111111111111,0.9965546629713204,0,0,0.46713130523533486,TN
Transfer,Web,Android,0,Everyday,Active,500k-999k,9.12532155397627,-0.9659258262890684,-0.2588190451025206,0,90,100.0,157245.892,0.2,0.7626314263585185,0,0,0.4412949169732147,TN
Deposit,Mobile App,Web Browser,0,Everyday,Active,100k-249k,11.249177473594075,-1.0,-1.8369701987210292e-16,0,89,77.4,9353.53,0.0,1.2302766736231416,0,0,0.3441780854511389,TN
Bill Payment,Mobile App,Android,0,Everyday,Dormant,500k-999k,9.111108813607066,-1.0,-1.8369701987210292e-16,0,80,56.2,1387.495,0.0,1.259140326630666,0,0,0.3057706458752523,TN
Deposit,Mobile App,Web Browser,0,Student,Active,Below 100k,8.127103276909423,-1.0,-1.8369701987210292e-16,0,38,92.5,41045.13333333333,0.1666666666666666,0.7650873207892421,0,0,0.3189819875748627,TN
Bill Payment,POS,Android,0,Student,Active,100k-249k,6.375348447182542,-1.0,-1.8369701987210292e-16,0,48,39.8,85512.57625,0.25,0.5613866511237279,0,0,0.34510172881972767,TN
Cash Withdrawal,ATM,Android,0,Premium,Active,500k-999k,10.86783999284406,-1.0,-1.8369701987210292e-16,0,68,71.0,49076.14833333334,0.5,1.0061744541615472,0,0,0.4372960467638406,TN
Card Purchase,Mobile App,POS Terminal,0,Everyday,Active,100k-249k,8.933871199338467,-1.0,-1.8369701987210292e-16,0,82,64.4,76157.18999999999,0.0,0.7947882416701649,0,0,0.3482877273053341,TN
Transfer,Web,Android,0,Premium,Active,100k-249k,8.675788834882153,-0.9659258262890684,0.2588190451025203,0,14,58.6,45146.6775,0.25,0.8094827804808761,0,1,0.5541622799405099,FP
Bill Payment,ATM,POS Terminal,0,Student,Active,100k-249k,7.722628821169967,-0.9659258262890684,0.2588190451025203,0,64,41.7,27325.868,0.2,0.7559623921587668,1,0,0.3600423218471522,FN
Transfer,POS,POS Terminal,0,Student,Active,250k-499k,11.813287876034344,-0.9659258262890684,0.2588190451025203,0,66,93.1,13713.251111111113,0.3333333333333333,1.2400851637585053,0,1,0.5611413890936209,FP
Card Purchase,Mobile App,iOS,0,Everyday,Active,Below 100k,10.792760570866426,-0.9659258262890684,0.2588190451025203,0,41,66.3,39425.41666666666,0.1666666666666666,1.0198984519955638,0,0,0.3532013760600738,TN
Transfer,Mobile App,Web Browser,0,Premium,Active,500k-999k,11.833735762657865,-0.9659258262890684,0.2588190451025203,0,2,58.8,33422.75375,0.0,1.1359998693034532,0,1,0.5694122736852859,FP
Card Purchase,ATM,Android,0,Everyday,Active,250k-499k,7.106204417704356,-0.8660254037844386,0.5000000000000001,0,55,60.5,6997.485000000001,0.3333333333333333,0.8026481472852239,0,0,0.36277484648697866,TN
Transfer,Mobile App,Web Browser,0,Student,Active,500k-999k,12.009981846313964,-0.8660254037844386,0.5000000000000001,0,18,66.7,45892.68875,0.0,1.1188642731008474,0,1,0.5564692299897623,FP
Transfer,Mobile App,ATM Terminal,0,Everyday,Active,500k-999k,12.91864260184007,-0.8660254037844386,0.5000000000000001,0,90,100.0,132568.90166666667,0.1666666666666666,1.0952768195243483,0,1,0.6246498106564072,FP
Card Purchase,POS,iOS,0,Premium,Active,Below 100k,9.536591984075327,-0.8660254037844386,0.5000000000000001,0,19,39.4,14657.2725,0.0,0.9941447356128674,0,0,0.3206040706371846,TN
Transfer,Mobile App,Android,0,Everyday,Dormant,250k-499k,6.536937944057117,-0.8660254037844386,0.5000000000000001,0,77,48.3,59286.11,0.375,0.5947998538897022,0,0,0.47967888664590014,TN
Transfer,Mobile App,Android,0,Everyday,Dormant,500k-999k,10.991711232654763,-0.8660254037844386,0.5000000000000001,0,80,56.2,3943.1066666666666,0.0,1.3275049221607669,0,1,0.5303322528567096,FP
Card Purchase,ATM,ATM Terminal,0,Everyday,Active,100k-249k,9.14612073332352,-0.7071067811865477,0.7071067811865474,0,74,87.8,58863.12000000001,0.2222222222222222,0.8327534868291745,0,0,0.3463398916305971,TN
Card Purchase,Mobile App,iOS,0,Everyday,Active,250k-499k,10.258734226983416,-0.7071067811865477,0.7071067811865474,0,17,52.5,38958.09333333334,0.1111111111111111,0.9705274006366972,0,0,0.3289491017530974,TN
Deposit,ATM,POS Terminal,1,SME,Active,500k-999k,8.141192706357614,-0.7071067811865477,0.7071067811865474,0,73,73.4,14249.843333333332,0.4444444444444444,0.8511821800976198,0,1,0.5769992636459158,FP
Cash Withdrawal,POS,iOS,0,SME,Active,Below 100k,10.252685261497534,-0.7071067811865477,0.7071067811865474,0,1,74.9,13361.675555555556,0.2222222222222222,1.0792049566662911,1,0,0.4431810695815917,FN
Deposit,Web,Android,0,Everyday,Dormant,250k-499k,10.4400899814311,-0.7071067811865477,0.7071067811865474,0,78,48.7,65015.11571428571,0.4285714285714285,0.9420431473199206,0,0,0.36839320457610736,TN
Transfer,ATM,iOS,0,Everyday,Active,1m+,10.313021372200147,-0.5000000000000004,0.8660254037844384,0,23,67.4,42277.338,0.4,0.9681742584734706,0,1,0.5282367372308231,FP
Card Purchase,Web,POS Terminal,0,Everyday,Active,250k-499k,10.359163719626308,-0.5000000000000004,0.8660254037844384,0,55,67.2,51234.819,0.0,0.955272800389175,0,0,0.3350219918641289,TN
Cash Withdrawal,POS,iOS,0,Everyday,Active,100k-249k,9.912676702675638,-0.5000000000000004,0.8660254037844384,0,22,100.0,3815.308333333333,0.1666666666666666,1.2019679921095012,0,0,0.4417215519363016,TN
Transfer,Mobile App,Android,0,Everyday,Dormant,250k-499k,8.403914744847247,-0.5000000000000004,0.8660254037844384,0,63,61.8,87521.645,0.3333333333333333,0.7385036137611296,0,1,0.5491841853129156,FP
Transfer,Mobile App,Android,0,Everyday,Active,500k-999k,8.31681845215473,-0.5000000000000004,0.8660254037844384,0,29,82.8,38742.762,0.2,0.7872252632925814,0,1,0.5427535950229078,FP
Cash Withdrawal,POS,iOS,0,Student,Dormant,250k-499k,10.74548740322203,-0.5000000000000004,0.8660254037844384,0,3,59.3,6670.610000000001,0.0,1.2202992733708289,1,0,0.4519393773518486,FN
Cash Withdrawal,ATM,ATM Terminal,0,Premium,Active,1m+,10.57321358684968,-0.2588190451025215,0.965925826289068,0,77,80.0,17961.719,0.3,1.0793339733013552,0,0,0.43436633681816705,TN
Transfer,Mobile App,Android,0,Everyday,Active,250k-499k,9.085350680645242,-0.2588190451025215,0.965925826289068,0,12,54.6,113007.75,0.1666666666666666,0.7808490314839944,0,1,0.5551253932841267,FP
Transfer,POS,iOS,0,Everyday,Active,1m+,8.619701042091576,-0.2588190451025215,0.965925826289068,0,31,97.8,13002.285,0.0,0.9099271507300056,0,1,0.5424163483341126,FP
Bill Payment,Mobile App,Android,0,Everyday,Active,250k-499k,9.500316810356336,-0.2588190451025215,0.965925826289068,0,77,88.2,24245.09555555556,0.3333333333333333,0.9409970856429848,0,0,0.3508380626622752,TN
Transfer,ATM,Web Browser,0,Everyday,Active,Below 100k,8.338286596995077,-0.2588190451025215,0.965925826289068,0,64,53.8,33853.183999999994,0.2,0.7994661744872155,0,1,0.5302749245214374,FP
Airtime/Data,USSD,iOS,0,Everyday,Dormant,500k-999k,10.591507109273966,0.0,1.0,1,1,70.4,41628.646250000005,0.375,0.9957636021254542,0,0,0.46901765827683695,TN
Airtime/Data,Web,Android,0,Everyday,Active,100k-249k,8.31227749868882,0.0,1.0,1,26,84.0,14532.06,0.0,0.8672913428647019,0,1,0.5558844669810806,FP
Deposit,POS,Web Browser,0,Everyday,Active,100k-249k,10.785639739136595,0.0,1.0,1,41,33.3,6467.7225,0.0,1.229170005568782,0,0,0.4992577802409714,TN
Transfer,POS,Web Browser,0,Everyday,Active,500k-999k,7.142795780108321,0.0,1.0,1,12,63.9,28494.803000000004,0.1,0.6963477806184444,1,1,0.5630003889379112,TP
Transfer,POS,Android,0,Premium,Active,Below 100k,10.36170575567089,0.0,1.0,1,65,100.0,52587.676,0.4,0.9532163427909666,0,1,0.5415951729535742,FP
Airtime/Data,USSD,iOS,0,Student,Active,1m+,6.439605929496583,0.0,1.0,1,82,52.4,13197.6675,0.25,0.67871979111759,0,0,0.4773654932154651,TN
Card Purchase,Mobile App,iOS,0,Everyday,Active,250k-499k,8.594289408600858,0.2588190451025207,0.9659258262890684,1,69,97.4,78006.3725,0.0,0.7629495036768992,0,1,0.502771454414098,FP
Card Purchase,Mobile App,Android,0,Student,Active,Below 100k,9.146712369523968,0.2588190451025207,0.9659258262890684,1,43,74.7,9884.36625,0.25,0.9943363965523524,0,1,0.5020696951518367,FP
Transfer,ATM,Android,0,SME,Active,500k-999k,9.46590077334188,0.2588190451025207,0.9659258262890684,1,19,50.1,20867.07,0.0,0.9517317588086346,1,1,0.6310452710538462,TP
Transfer,USSD,Android,0,SME,Active,Below 100k,11.720428620472411,0.2588190451025207,0.9659258262890684,1,26,88.1,16325.303333333335,0.0,1.2082252467043129,0,1,0.6360885276265194,FP
Bill Payment,Web,ATM Terminal,0,Student,Dormant,500k-999k,6.7427744980840245,0.2588190451025207,0.9659258262890684,1,52,67.0,50941.03857142857,0.0,0.6221164812181407,1,0,0.4720507412702576,FN
Airtime/Data,POS,Android,0,Everyday,Active,Below 100k,5.648586839188251,0.2588190451025207,0.9659258262890684,1,80,81.1,25781.5975,0.25,0.5561025693659134,0,0,0.46864110881882953,TN
Bill Payment,POS,ATM Terminal,0,SME,Active,250k-499k,7.047265015643065,0.4999999999999999,0.8660254037844387,1,70,90.6,41670.17416666667,0.1666666666666666,0.6624885564245608,0,0,0.46490990304086843,TN
Bill Payment,Web,Web Browser,0,Student,Active,250k-499k,10.542476813268364,0.4999999999999999,0.8660254037844387,1,47,71.2,10356.236666666666,0.3333333333333333,1.1402892624843672,1,1,0.5180967798951924,TP
Transfer,Web,POS Terminal,0,Everyday,Dormant,250k-499k,7.019708018109209,0.4999999999999999,0.8660254037844387,1,19,65.9,27448.27,0.0,0.68685350960336,0,1,0.5689485705433927,FP
Card Purchase,Web,POS Terminal,0,Premium,Active,250k-499k,11.91803804428075,0.4999999999999999,0.8660254037844387,1,93,65.3,32029.58,0.1111111111111111,1.1487878621830148,1,1,0.5077281003559931,TP
Transfer,Mobile App,POS Terminal,0,SME,Active,250k-499k,12.807255731892168,0.4999999999999999,0.8660254037844387,1,76,46.3,192077.00666666668,0.0,1.05273853162326,0,1,0.6005812239850511,FP
Transfer,POS,Android,0,SME,Active,100k-249k,12.961338225782294,0.7071067811865476,0.7071067811865476,1,90,59.4,159960.44666666666,0.3333333333333333,1.0816720013246055,0,1,0.6491674344721735,FP
Transfer,Mobile App,Android,0,Student,Active,250k-499k,12.87884307301527,0.7071067811865476,0.7071067811865476,1,82,81.8,81146.66875,0.375,1.1393147228927596,1,1,0.7086722335990555,TP
Cash Withdrawal,POS,POS Terminal,0,SME,Active,500k-999k,7.731000464832071,0.7071067811865476,0.7071067811865476,1,91,33.6,143648.87,0.25,0.6510242630558527,0,0,0.4143113320143609,TN
Transfer,Mobile App,Android,1,Premium,Active,100k-249k,10.686643384600666,0.7071067811865476,0.7071067811865476,1,62,59.0,50973.32625,0.375,0.985936626506664,1,1,0.6105532767724292,TP
Airtime/Data,Mobile App,Android,0,Everyday,Active,250k-499k,7.089926824524967,0.7071067811865476,0.7071067811865476,1,20,49.4,31840.96083333333,0.1666666666666666,0.6837921899039766,0,1,0.524376298168511,FP
Airtime/Data,Mobile App,POS Terminal,0,Everyday,Active,250k-499k,9.153270424811176,0.7071067811865476,0.7071067811865476,1,91,79.8,24335.208,0.2,0.9062894729711152,0,1,0.5475007304074957,FP
Transfer,POS,iOS,0,Premium,Active,Below 100k,8.975948798171114,0.8660254037844386,0.5000000000000001,1,23,65.7,73084.3675,0.25,0.8014681196045957,0,1,0.5665151312060611,FP
Card Purchase,Mobile App,Android,0,Premium,Dormant,Below 100k,8.155620559072412,0.8660254037844386,0.5000000000000001,1,24,67.5,4643.566666666667,0.3333333333333333,0.9659105362000052,0,0,0.45530555425690505,TN
Bill Payment,POS,Android,0,Premium,Active,500k-999k,11.004044615570736,0.8660254037844386,0.5000000000000001,1,24,62.6,2334.65,0.0,1.4187699917385386,0,0,0.44680961452182877,TN
Airtime/Data,Mobile App,ATM Terminal,0,Student,Active,100k-249k,7.67904798408587,0.8660254037844386,0.5000000000000001,1,3,59.9,51337.31,0.4,0.7079948063379017,0,0,0.48662647447098595,TN
Deposit,Web,ATM Terminal,0,Student,Active,Below 100k,11.753978480128003,0.8660254037844386,0.5000000000000001,1,19,57.3,8901.934,0.0,1.2924788311671098,1,0,0.4707419019434791,FN
Transfer,Mobile App,POS Terminal,0,Premium,Active,Below 100k,10.635625131267355,0.9659258262890684,0.2588190451025207,0,66,81.7,40822.17428571429,0.0,1.0017537841021298,0,1,0.5575538915549062,FP
Transfer,Mobile App,iOS,0,Everyday,Active,250k-499k,10.688623493999549,0.9659258262890684,0.2588190451025207,0,66,67.3,28064.240909090902,0.1818181818181818,1.0435778042384949,1,1,0.5754637890459736,TP
Transfer,Mobile App,Android,0,Everyday,Active,250k-499k,8.589629195180907,0.9659258262890684,0.2588190451025207,0,23,72.2,11837.723333333332,0.6666666666666666,0.9158235582309936,0,1,0.5815822600351502,FP
Card Purchase,Web,Android,0,SME,Dormant,100k-249k,7.319341614095237,0.9659258262890684,0.2588190451025207,0,63,76.6,35910.87,0.375,0.6978229589819489,0,0,0.3761615836607612,TN
Card Purchase,Mobile App,Android,0,Premium,Active,500k-999k,11.367837263225612,0.9659258262890684,0.2588190451025207,0,67,43.8,20806.16714285714,0.1428571428571428,1.1432944704371657,1,0,0.4161990881825408,FN
Bill Payment,Mobile App,Android,0,Everyday,Active,1m+,6.346653387341411,0.9659258262890684,0.2588190451025207,0,82,39.9,4735.586,0.0,0.7499231320282576,0,0,0.3814104151324818,TN
Transfer,Mobile App,Web Browser,0,Everyday,Active,100k-249k,7.391532367149238,1.0,6.123233995736766e-17,0,77,60.7,41664.53142857143,0.0,0.6948607631178858,0,0,0.4797534781352323,TN
Deposit,Mobile App,Web Browser,0,Student,Active,500k-999k,7.778073274008469,1.0,6.123233995736766e-17,0,91,50.6,39970.92857142857,0.2857142857142857,0.7340621626695925,0,0,0.32233101781405793,TN
Transfer,ATM,ATM Terminal,0,Student,Active,100k-249k,12.672717233257414,1.0,6.123233995736766e-17,0,26,42.7,61409.184,0.4,1.1494183054573637,1,1,0.5491506025393355,TP
Card Purchase,Mobile App,Web Browser,1,Everyday,Active,500k-999k,5.739149618493492,1.0,6.123233995736766e-17,0,32,84.2,48650.02285714286,0.0,0.5317755706894793,1,0,0.3182329631151217,FN
Card Purchase,Web,iOS,0,SME,Active,1m+,5.758270659940271,1.0,6.123233995736766e-17,0,7,89.8,103254.885,0.75,0.4987689791329197,0,0,0.2534697582305264,TN
Transfer,POS,Android,0,Everyday,Active,250k-499k,7.75732911879067,0.9659258262890684,-0.2588190451025206,0,67,91.3,29505.85428571428,0.0,0.7536964947544484,0,1,0.5238919301281582,FP
Bill Payment,Web,Android,1,Everyday,Active,250k-499k,7.693759633185341,0.9659258262890684,-0.2588190451025206,0,14,72.6,12114.401428571431,0.1428571428571428,0.8182907000289024,0,1,0.5193838504333312,FP
Card Purchase,Mobile App,iOS,0,Premium,Active,500k-999k,9.285034029725464,0.9659258262890684,-0.2588190451025206,0,79,90.4,12060.86,0.25,0.9880004242190712,0,0,0.3221090535998062,TN
Deposit,Web,iOS,0,Premium,Active,1m+,13.204847324365396,0.9659258262890684,-0.2588190451025206,0,17,55.9,7383.525000000001,0.5,1.4825010662402722,1,0,0.47297632042428733,FN
Airtime/Data,POS,Android,0,Premium,Active,250k-499k,7.495780804243738,0.9659258262890684,-0.2588190451025206,0,43,60.5,122860.28833333332,0.1666666666666666,0.6396366182023493,0,0,0.3598714105755636,TN
Deposit,ATM,ATM Terminal,0,Everyday,Active,Below 100k,8.799723516375915,0.9659258262890684,-0.2588190451025206,0,46,62.4,1197.565,0.25,1.2413418142612376,0,0,0.37053914436922974,TN
Card Purchase,Mobile App,Web Browser,0,Everyday,Active,100k-249k,10.9300938634398,0.8660254037844387,-0.4999999999999998,0,4,96.9,23358.375,0.5,1.0866250640573576,0,0,0.35968275021571633,TN
Card Purchase,Mobile App,iOS,0,Everyday,Active,1m+,8.171884830982588,0.8660254037844387,-0.4999999999999998,0,30,52.9,11251.116666666669,0.1666666666666666,0.8760304367645376,1,0,0.3252390938158265,FN
Transfer,Mobile App,Android,0,Everyday,Active,1m+,7.179589941941192,0.8660254037844387,-0.4999999999999998,0,69,47.5,15690.173333333332,0.3333333333333333,0.7431631013677296,0,0,0.4894830850604539,TN
Cash Withdrawal,USSD,iOS,0,Student,Dormant,100k-249k,11.29500574565622,0.8660254037844387,-0.4999999999999998,0,91,70.1,58278.5025,0.25,1.0293447419842667,0,0,0.45967287513851707,TN
Airtime/Data,POS,Android,0,Premium,Active,250k-499k,4.62996035479531,0.8660254037844387,-0.4999999999999998,0,6,36.5,27880.624166666665,0.1666666666666666,0.4523334893939054,0,0,0.3516022606166839,TN
Transfer,Mobile App,Web Browser,0,Everyday,Active,100k-249k,7.6103774299046,0.7071067811865476,-0.7071067811865475,0,33,43.5,80385.00857142858,0.2857142857142857,0.6738069978373258,0,1,0.5250771074101734,FP
Bill Payment,Mobile App,Android,0,Premium,Active,100k-249k,9.57981416015635,0.7071067811865476,-0.7071067811865475,0,41,63.7,17430.503333333334,0.3333333333333333,0.9809318483770788,0,0,0.36230249379734647,TN
Deposit,Mobile App,Web Browser,0,Everyday,Active,250k-499k,7.579505161434002,0.7071067811865476,-0.7071067811865475,0,14,72.6,10874.302500000002,0.125,0.8155047937375509,0,0,0.3470316034114405,TN
Airtime/Data,USSD,iOS,0,Premium,Active,100k-249k,6.197014230021144,0.7071067811865476,-0.7071067811865475,0,1,79.0,21987.34333333333,0.3333333333333333,0.6198087897865495,1,0,0.35952696672649637,FN
Card Purchase,ATM,POS Terminal,0,Premium,Active,100k-249k,8.219991282102118,0.7071067811865476,-0.7071067811865475,0,96,71.5,66203.518,0.0,0.7405061330083736,0,0,0.3401388427813891,TN
Card Purchase,POS,iOS,0,Everyday,Active,100k-249k,8.239907554918409,0.7071067811865476,-0.7071067811865475,0,36,100.0,112824.05375,0.375,0.7082856567478119,0,0,0.31030779203115455,TN
Transfer,Web,Android,0,Student,Active,250k-499k,12.832000621796563,0.4999999999999999,-0.8660254037844387,0,18,71.5,82751.95999999999,0.0,1.1332070677441106,1,1,0.6539157602919632,TP
Bill Payment,POS,ATM Terminal,0,Everyday,Active,250k-499k,9.793919307901083,0.4999999999999999,-0.8660254037844387,0,55,37.8,17537.884545454548,0.4545454545454545,1.0022250560810206,1,0,0.3662543090947555,FN
Transfer,Mobile App,iOS,0,Everyday,Active,100k-249k,6.467993713647151,0.4999999999999999,-0.8660254037844387,0,15,94.9,4046.19,0.5,0.778734230785108,0,1,0.5170377308616119,FP
Transfer,Mobile App,iOS,0,Everyday,Active,250k-499k,7.720763334993431,0.4999999999999999,-0.8660254037844387,0,27,72.8,54972.016,0.4,0.7073795598399379,0,1,0.5198761034170134,FP
Transfer,Mobile App,Android,0,Everyday,Active,250k-499k,10.407845505940612,0.4999999999999999,-0.8660254037844387,0,83,68.9,12229.608571428573,0.1428571428571428,1.105841541565467,0,0,0.4538146323986146,TN
Card Purchase,USSD,Android,0,Everyday,Active,100k-249k,10.267532918063813,0.4999999999999999,-0.8660254037844387,0,4,57.7,171718.865,1.0,0.8518215393214582,0,0,0.30670019301684137,TN
Card Purchase,Mobile App,Android,0,Everyday,Dormant,500k-999k,8.138722435107047,0.258819045102521,-0.9659258262890682,0,95,75.5,119945.8225,0.25,0.6959263780566678,0,0,0.3112409812199743,TN
Cash Withdrawal,Mobile App,Android,0,SME,Active,Below 100k,11.637291319586105,0.258819045102521,-0.9659258262890682,0,1,86.0,1978.47,0.0,1.5331219164871135,0,0,0.43492161726887124,TN
Airtime/Data,POS,iOS,0,Everyday,Active,100k-249k,10.468233871048437,0.258819045102521,-0.9659258262890682,0,30,67.3,31579.61,0.2857142857142857,1.0104181618244643,1,0,0.3383530526745832,FN
Transfer,POS,iOS,0,Student,Active,500k-999k,10.391733155617205,0.258819045102521,-0.9659258262890682,0,88,47.4,42396.6875,0.125,0.975305521311412,0,0,0.4824284546426721,TN
Bill Payment,POS,iOS,0,Everyday,Active,100k-249k,9.19442844607582,0.258819045102521,-0.9659258262890682,0,43,38.9,97456.075,0.0,0.8004086824056993,0,0,0.3423524557378251,TN
Bill Payment,Mobile App,ATM Terminal,0,SME,Active,500k-999k,10.19265102716966,1.2246467991473532e-16,-1.0,0,64,88.4,35003.40285714286,0.5714285714285714,0.9741400959506687,0,0,0.34030339696100753,TN
Transfer,USSD,Android,0,SME,Active,1m+,11.53438847776905,1.2246467991473532e-16,-1.0,0,53,66.8,11722.285,0.0,1.231079023697756,0,1,0.5000423681683686,FP
Deposit,ATM,Web Browser,0,Everyday,Active,100k-249k,8.31932988488083,1.2246467991473532e-16,-1.0,0,35,65.2,67401.146,0.0,0.7482466757005353,0,0,0.33656957564743395,TN
Transfer,POS,iOS,0,Premium,Active,250k-499k,9.504115344953828,1.2246467991473532e-16,-1.0,0,50,100.0,2974.691428571429,0.1428571428571428,1.188277071326976,0,0,0.4749650096186784,TN
Bill Payment,POS,ATM Terminal,0,Premium,Active,Below 100k,8.58543484747819,1.2246467991473532e-16,-1.0,0,54,81.0,11814.196666666669,0.0,0.9155705436215912,0,0,0.3587618322619139,TN
Bill Payment,Mobile App,Android,0,Everyday,Active,Below 100k,11.202811535825912,1.2246467991473532e-16,-1.0,0,29,53.7,53326.463333333326,0.0,1.0292722112446269,0,0,0.33476836643397345,TN
Bill Payment,Web,POS Terminal,0,Everyday,Active,100k-249k,6.807879693554881,-0.2588190451025208,-0.9659258262890684,0,67,54.5,9762.39,0.2,0.7410828433548695,0,0,0.34357216354280934,TN
Transfer,ATM,Web Browser,0,Premium,Active,1m+,12.63246993882217,-0.2588190451025208,-0.9659258262890684,0,41,89.3,48601.53166666667,0.1666666666666666,1.1706019392024074,0,1,0.6782138166197751,FP
Cash Withdrawal,POS,Android,0,Student,Active,100k-249k,10.069356165574622,-0.2588190451025208,-0.9659258262890684,0,5,85.0,12588.258,0.2,1.0666013844360986,0,0,0.44057311947109934,TN
Bill Payment,Mobile App,Android,0,Premium,Active,100k-249k,7.7412381503356125,-0.2588190451025208,-0.9659258262890684,0,16,90.8,28597.80083333333,0.3333333333333333,0.7544242830968474,0,0,0.35612859439170746,TN
Cash Withdrawal,Mobile App,ATM Terminal,0,SME,Active,250k-499k,11.707809449670645,-0.2588190451025208,-0.9659258262890684,0,85,92.0,12052.025,0.1666666666666666,1.2458998680009867,0,0,0.42661346771855624,TN
Deposit,POS,Android,0,Premium,Active,250k-499k,7.238812882901851,-0.4999999999999997,-0.8660254037844388,0,88,64.1,36661.875555555554,0.1111111111111111,0.688786254048005,0,0,0.31690221398463136,TN
Bill Payment,ATM,Android,0,Everyday,Active,Below 100k,7.904821988083524,-0.4999999999999997,-0.8660254037844388,0,92,36.2,2252.21,0.25,1.023925930529716,0,0,0.3275054202891678,TN
Transfer,POS,iOS,0,Everyday,Active,100k-249k,11.333671159348242,-0.4999999999999997,-0.8660254037844388,0,21,56.3,52041.43,0.0,1.0436339430518928,0,1,0.5259842817209914,FP
Transfer,ATM,Android,0,Student,Active,100k-249k,11.844901250547164,-0.4999999999999997,-0.8660254037844388,0,68,88.5,64188.1675,0.25,1.070039768726901,0,1,0.5012701928672065,FP
Cash Withdrawal,Mobile App,Android,0,Student,Active,500k-999k,7.832985930425763,-0.4999999999999997,-0.8660254037844388,0,90,76.4,7626.551666666666,0.5,0.8762197535481515,0,0,0.4189821055247389,TN
Bill Payment,USSD,iOS,0,Student,Active,250k-499k,11.204414911213927,-0.4999999999999997,-0.8660254037844388,0,80,81.6,41780.85333333333,0.0,1.0530249991030185,1,0,0.31396731045268067,FN
Transfer,ATM,POS Terminal,0,Everyday,Active,100k-249k,6.581443252178061,-0.7071067811865471,-0.7071067811865479,0,30,55.0,12534.891999999998,0.0,0.6974563721124946,0,1,0.5336923167491022,FP
Transfer,ATM,Android,0,Premium,Active,1m+,9.163924636618198,-0.7071067811865471,-0.7071067811865479,0,37,87.3,28883.732727272727,0.4545454545454545,0.892207531924073,1,1,0.5142418872129463,TP
Transfer,POS,Android,0,Premium,Active,250k-499k,6.878511827012469,-0.7071067811865471,-0.7071067811865479,0,35,69.8,51048.49375,0.25,0.6345168143346573,0,1,0.5475013238234427,FP
Card Purchase,ATM,Web Browser,0,Everyday,Active,250k-499k,6.330522723018548,-0.7071067811865471,-0.7071067811865479,0,31,59.3,10725.44125,0.0,0.6821340610524576,0,0,0.34818903776080246,TN
Card Purchase,Web,iOS,0,Premium,Active,250k-499k,11.549937298035449,-0.7071067811865471,-0.7071067811865479,0,70,52.9,42071.492,0.2,1.0847915112185642,0,0,0.32399059807611885,TN
Card Purchase,Mobile App,Android,0,Everyday,Active,100k-249k,11.48639358696776,-0.8660254037844385,-0.5000000000000004,0,18,67.7,25191.704285714284,0.2857142857142857,1.1334164738726111,0,0,0.35190272715815707,TN
Card Purchase,USSD,Android,0,Everyday,Dormant,500k-999k,9.639611846415956,-0.8660254037844385,-0.5000000000000004,0,1,70.4,41424.84333333334,0.3333333333333333,0.9066892343179768,0,0,0.32892073363282937,TN
Card Purchase,Mobile App,ATM Terminal,0,Everyday,Active,500k-999k,11.88507036962846,-0.8660254037844385,-0.5000000000000004,0,25,94.5,29956.35555555556,0.3333333333333333,1.1530473523756233,0,0,0.3722550334829644,TN
Bill Payment,Mobile App,Android,0,Student,Active,500k-999k,8.816512290262049,-0.8660254037844385,-0.5000000000000004,0,50,90.6,13018.428,0.0,0.9305813860606952,0,0,0.3493498059126756,TN
Transfer,POS,iOS,0,Student,Active,250k-499k,11.539910083054435,-0.8660254037844385,-0.5000000000000004,0,65,64.3,93137.385,0.0,1.0085710333114777,0,0,0.4973587202686924,TN
Transfer,Web,iOS,0,Everyday,Active,Below 100k,6.877306380722639,-0.8660254037844385,-0.5000000000000004,0,43,78.1,51181.322,0.2,0.6342535805390824,1,1,0.5143173177705836,TP
Cash Withdrawal,Mobile App,iOS,0,Student,Active,1m+,9.092254790557446,-0.9659258262890684,-0.2588190451025206,0,65,35.2,29610.95571428572,0.0,0.8830918360914649,1,0,0.41488502900152857,FN
Deposit,Mobile App,POS Terminal,0,Student,Active,1m+,10.282197923335472,-0.9659258262890684,-0.2588190451025206,0,91,53.1,50499.562,0.2,0.949440906842973,0,0,0.299168663585358,TN
Card Purchase,USSD,iOS,0,Student,Active,100k-249k,10.681573588896594,-0.9659258262890684,-0.2588190451025206,0,25,47.2,40435.30142857142,0.2857142857142857,1.0069847273587933,0,0,0.32345301504708196,TN
Airtime/Data,ATM,ATM Terminal,0,Student,Active,250k-499k,6.685086614891138,-0.9659258262890684,-0.2588190451025206,0,25,100.0,258469.755,0.5,0.5364145493025376,0,0,0.35860099814831314,TN
Transfer,Mobile App,iOS,0,SME,Active,100k-249k,12.88324543722949,-0.9659258262890684,-0.2588190451025206,0,36,57.5,55411.99142857143,0.1428571428571428,1.1795068566080418,1,1,0.6682947022389026,TP
Transfer,POS,Android,0,Everyday,Active,250k-499k,11.213225735551791,-1.0,-1.8369701987210292e-16,0,41,62.6,21426.6575,0.0,1.124421730239672,1,1,0.5284483881299108,TP
Card Purchase,Web,Android,0,Premium,Active,500k-999k,9.113251110544226,-1.0,-1.8369701987210292e-16,0,66,58.9,34776.09666666667,0.1666666666666666,0.8715214782291785,0,0,0.33796240626177804,TN
Bill Payment,Mobile App,Web Browser,0,Student,Active,100k-249k,7.967453474151021,-1.0,-1.8369701987210292e-16,0,76,74.7,38832.615,0.125,0.7539909313028486,0,0,0.33053346510718534,TN
Card Purchase,Mobile App,Web Browser,0,Everyday,Active,100k-249k,9.810977448857122,-1.0,-1.8369701987210292e-16,0,15,56.3,34728.65,0.0,0.9383691912244976,0,0,0.3472224219625778,TN
Cash Withdrawal,POS,POS Terminal,0,Student,Active,100k-249k,10.624070895781877,-1.0,-1.8369701987210292e-16,0,55,66.5,21498.124,0.2,1.0649878246150368,1,0,0.45376208384674444,FN
Transfer,ATM,Web Browser,0,SME,Active,100k-249k,10.834691921221465,-1.0,-1.8369701987210292e-16,0,2,72.9,61780.48,0.3333333333333333,0.9821720059763503,0,1,0.5243225685268097,FP
Card Purchase,Mobile App,ATM Terminal,0,Everyday,Active,500k-999k,9.453735861396057,-0.9659258262890684,0.2588190451025203,0,20,91.7,13090.99142857143,0.0,0.997255191001768,1,0,0.3670050675642847,FN
Transfer,ATM,Android,0,Student,Active,100k-249k,8.938990860811963,-0.9659258262890684,0.2588190451025203,0,55,66.5,24767.04333333333,0.3333333333333333,0.8835343860813817,1,1,0.5472885467608417,TP
Card Purchase,Mobile App,Web Browser,0,SME,Active,100k-249k,10.92788604293831,-0.9659258262890684,0.2588190451025203,0,3,63.1,27089.45125,0.125,1.0706332839471209,0,0,0.3548249998758817,TN
Card Purchase,USSD,Android,0,Everyday,Active,500k-999k,7.356579959235356,-0.9659258262890684,0.2588190451025203,0,38,81.8,40533.87875,0.25,0.6933682144842414,1,0,0.3340838343938828,FN
Bill Payment,Mobile App,POS Terminal,0,Everyday,Active,1m+,9.528177913288769,-0.9659258262890684,0.2588190451025203,0,27,100.0,92732.16,0.0,0.8330660902979322,0,0,0.32956994453092436,TN
Card Purchase,ATM,iOS,1,Everyday,Active,250k-499k,8.721196328123037,-0.9659258262890684,0.2588190451025203,0,22,51.4,46939.70625,0.1875,0.8107732442935535,0,0,0.4938193400413698,TN
Cash Withdrawal,ATM,iOS,0,Premium,Active,250k-499k,11.837531070807842,-0.8660254037844386,0.5000000000000001,0,59,59.1,9673.897142857142,0.2857142857142857,1.289872197245981,0,0,0.4757707636806711,TN
Card Purchase,ATM,iOS,0,SME,Active,500k-999k,9.481596524632634,-0.8660254037844386,0.5000000000000001,0,58,79.9,35927.496,0.0,0.9039315456265576,0,0,0.3674641945373727,TN
Airtime/Data,Mobile App,Android,0,Premium,Dormant,Below 100k,9.922878820725948,-0.8660254037844386,0.5000000000000001,0,51,62.4,5419.377142857143,0.5714285714285714,1.1541021597146688,0,0,0.3921889911443141,TN
Deposit,Mobile App,Android,0,Everyday,Active,250k-499k,13.153009219671684,-0.8660254037844386,0.5000000000000001,0,2,91.7,62695.8325,0.5,1.190741479652928,0,1,0.5219345818822503,FP
Bill Payment,USSD,Android,0,Everyday,Active,100k-249k,6.888643812779091,-0.8660254037844386,0.5000000000000001,0,10,95.6,71488.28166666666,0.1666666666666666,0.6163064497271941,0,0,0.35065726287114307,TN
Cash Withdrawal,Mobile App,iOS,0,SME,Active,100k-249k,9.973275241405377,-0.7071067811865477,0.7071067811865474,0,48,64.3,6113.285,0.0,1.1439363364813104,0,0,0.46451142982531074,TN
Card Purchase,POS,Android,0,SME,Active,Below 100k,11.358525020621077,-0.7071067811865477,0.7071067811865474,0,54,53.8,241307.15,0.0,0.9164660961464264,0,0,0.3003691309698125,TN
Card Purchase,Mobile App,iOS,0,SME,Active,250k-499k,11.28238915442651,-0.7071067811865477,0.7071067811865474,0,22,60.6,76821.914,0.0,1.0029451648923735,0,0,0.31819196949056994,TN
Bill Payment,Mobile App,iOS,0,Everyday,Active,1m+,7.253307595196156,-0.7071067811865477,0.7071067811865474,0,65,71.6,53319.69,0.3333333333333333,0.6664144130842035,0,0,0.3470399683593492,TN
Transfer,Web,POS Terminal,0,Everyday,Active,100k-249k,9.489132041652516,-0.7071067811865477,0.7071067811865474,0,80,60.6,17303.623333333333,0.0,0.9723737642348996,1,1,0.531412253274408,TP
Transfer,Mobile App,POS Terminal,0,Premium,Active,500k-999k,7.732636613099572,-0.7071067811865477,0.7071067811865474,0,2,58.8,45022.82666666667,0.0,0.7216682017781397,0,1,0.5709808648662666,FP
Bill Payment,USSD,iOS,0,Everyday,Active,100k-249k,10.966250013560526,-0.5000000000000004,0.8660254037844384,0,30,100.0,41157.176,0.2,1.0321003698483735,0,0,0.3269987312951797,TN
Transfer,POS,Web Browser,0,Premium,Active,Below 100k,6.238539445713895,-0.5000000000000004,0.8660254037844384,0,54,81.0,10198.6775,0.0,0.6758899419644069,1,1,0.5105905441419071,TP
Airtime/Data,POS,Web Browser,0,Everyday,Active,250k-499k,5.965017897092999,-0.5000000000000004,0.8660254037844384,0,65,100.0,73440.88428571429,0.2857142857142857,0.5323888761990184,0,0,0.3137211582224919,TN
Bill Payment,ATM,Android,0,Premium,Active,Below 100k,8.382028465629036,-0.5000000000000004,0.8660254037844384,0,55,40.7,23249.4025,0.25,0.833694417013457,0,0,0.32883474573010707,TN
Cash Withdrawal,Mobile App,Android,0,SME,Active,Below 100k,8.129048220008016,-0.5000000000000004,0.8660254037844384,0,57,62.7,42826.99428571429,0.2857142857142857,0.7622211378252661,0,0,0.44193816612733733,TN
Card Purchase,Web,Android,0,Everyday,Dormant,100k-249k,11.931720335728835,-0.2588190451025215,0.965925826289068,0,59,74.2,128208.092,0.2,1.0144797674976476,0,0,0.3494725573789651,TN
Cash Withdrawal,POS,Android,0,Student,Active,500k-999k,8.255399763990276,-0.2588190451025215,0.965925826289068,0,86,92.1,80163.33125,0.0,0.7310946833288609,0,0,0.38483211942820356,TN
Card Purchase,Mobile App,Android,0,Everyday,Active,100k-249k,8.021814316639272,-0.2588190451025215,0.965925826289068,0,68,41.2,22725.416666666668,0.0,0.7996797729049727,0,0,0.34999070375644065,TN
Transfer,POS,ATM Terminal,0,Everyday,Active,100k-249k,7.3993246861424335,-0.2588190451025215,0.965925826289068,0,62,63.6,57085.87833333333,0.1666666666666666,0.6755936844661823,0,1,0.5351318545819697,FP
Airtime/Data,ATM,Web Browser,0,Everyday,Active,100k-249k,10.364088994420598,-0.2588190451025215,0.965925826289068,0,12,68.8,20551.26333333333,0.0,1.043638564525559,1,0,0.3882738974671396,FN
Transfer,ATM,POS Terminal,0,Premium,Active,500k-999k,9.012395402789142,-0.2588190451025215,0.965925826289068,0,68,71.0,49559.66571428572,0.4285714285714285,0.8336356282440728,0,1,0.5409734897897134,FP
Bill Payment,ATM,Android,0,Everyday,Active,Below 100k,7.602461244006076,0.0,1.0,1,38,96.2,36737.52111111111,0.1111111111111111,0.7232462146246393,0,1,0.5038301752712507,FP
Deposit,POS,Android,0,Everyday,Active,100k-249k,8.52030035916695,0.0,1.0,1,38,33.4,57842.48666666667,0.5,0.7770100188170465,0,0,0.4648983670550486,TN
Airtime/Data,Mobile App,Android,0,Premium,Dormant,100k-249k,8.244806873523576,0.0,1.0,1,45,51.9,32842.433,0.3,0.7928074665468892,1,1,0.5421503057895984,TP
Card Purchase,Mobile App,ATM Terminal,0,SME,Active,Below 100k,11.957717434443907,0.0,1.0,1,70,94.9,2669.352,0.4,1.51556015249565,0,0,0.49999742180118867,TN
Card Purchase,Web,Android,0,Everyday,Active,1m+,11.93549937921576,0.0,1.0,1,38,100.0,24387.397142857146,0.1428571428571428,1.181514701742317,0,1,0.5600572330627878,FP
Airtime/Data,Web,POS Terminal,1,SME,Dormant,250k-499k,10.705953828229209,0.2588190451025207,0.9659258262890684,1,8,25.4,101381.30428571429,0.2857142857142857,0.9287998039971872,0,1,0.5216013046918198,FP
Deposit,USSD,Android,0,Everyday,Dormant,500k-999k,9.440765349248585,0.2588190451025207,0.9659258262890684,1,95,75.5,96641.366,0.2,0.8224542609379266,0,0,0.46964930189151083,TN
Bill Payment,Mobile App,iOS,0,Everyday,Active,Below 100k,11.05950690005538,0.2588190451025207,0.9659258262890684,1,42,59.0,35571.406,0.0,1.0553643835104054,0,1,0.5018312135573997,FP
Bill Payment,POS,iOS,0,Everyday,Active,500k-999k,8.569320637802255,0.2588190451025207,0.9659258262890684,1,50,42.9,54350.598,0.4,0.7859433573874359,0,0,0.4604736401547622,TN
Card Purchase,Web,Android,0,Premium,Active,100k-249k,8.969970546715533,0.2588190451025207,0.9659258262890684,1,50,90.7,63193.46,0.3333333333333333,0.8114703577323557,0,1,0.5276408050373103,FP
Transfer,Web,iOS,0,SME,Active,250k-499k,9.751231077569567,0.2588190451025207,0.9659258262890684,1,70,90.6,38553.13846153846,0.1538461538461538,0.9234278854870211,0,1,0.6191086788430389,FP
Transfer,Mobile App,Android,0,SME,Active,250k-499k,6.648479241030538,0.4999999999999999,0.8660254037844387,1,94,100.0,61186.94846153846,0.3076923076923077,0.6032169180905038,1,1,0.5378755400599564,TP
Cash Withdrawal,ATM,iOS,0,Premium,Active,250k-499k,7.88580316758348,0.4999999999999999,0.8660254037844387,1,50,100.0,4279.5825,0.125,0.9430698314421292,0,1,0.5823756692081433,FP
Card Purchase,ATM,iOS,0,Everyday,Active,250k-499k,11.372074089378144,0.4999999999999999,0.8660254037844387,1,75,67.4,1451.43,0.0,1.5618849831258363,1,1,0.5108178003542986,TP
Cash Withdrawal,Mobile App,Android,0,Everyday,Active,1m+,11.856959538698732,0.4999999999999999,0.8660254037844387,1,44,67.5,72418.352,0.0,1.0595815074942831,0,1,0.5828543843435887,FP
Cash Withdrawal,ATM,Android,0,Everyday,Active,250k-499k,8.023381997809377,0.4999999999999999,0.8660254037844387,1,23,72.2,10221.9475,0.5,0.8690471048455906,0,1,0.5805162709063606,FP
Card Purchase,Mobile App,POS Terminal,0,Everyday,Active,100k-249k,7.640214514677404,0.7071067811865476,0.7071067811865476,1,55,61.3,57939.565,0.1666666666666666,0.6966439299201125,0,0,0.4591574554031925,TN
Transfer,ATM,Android,0,Premium,Active,100k-249k,11.859303476996583,0.7071067811865476,0.7071067811865476,1,55,79.1,136208.47333333333,0.1666666666666666,1.0031597371491583,0,1,0.5821947223285923,FP
Bill Payment,ATM,Android,0,Premium,Dormant,100k-249k,7.297030027691574,0.7071067811865476,0.7071067811865476,1,24,68.2,122041.532,0.0,0.6230321225885538,0,0,0.4545163582409642,TN
Airtime/Data,ATM,Android,0,Everyday,Dormant,500k-999k,10.079191846794862,0.7071067811865476,0.7071067811865476,1,1,70.4,38818.397,0.3,0.953865954838325,1,0,0.48456271195198203,FN
Bill Payment,Mobile App,Android,0,Everyday,Active,Below 100k,10.576161070706195,0.7071067811865476,0.7071067811865476,1,40,48.1,6621.554999999999,0.5,1.202077375311849,0,0,0.48805675639314217,TN
Transfer,Mobile App,Android,0,Everyday,Active,250k-499k,11.707891739297262,0.7071067811865476,0.7071067811865476,1,83,58.7,15421.1775,0.5,1.2140630113207642,0,1,0.6393620428566037,FP
Card Purchase,POS,Android,0,Everyday,Active,500k-999k,11.40822906207403,0.8660254037844386,0.5000000000000001,1,38,46.8,65270.81800000001,0.0,1.0290370063072276,0,0,0.4176335502298321,TN
Deposit,Mobile App,Android,0,SME,Active,250k-499k,12.718047169058009,0.8660254037844386,0.5000000000000001,1,49,72.8,31220.4175,0.25,1.228932236476011,0,1,0.6926166380579207,FP
Cash Withdrawal,POS,POS Terminal,0,SME,Active,250k-499k,11.972089179049975,0.8660254037844386,0.5000000000000001,1,8,23.2,15222.334,0.4,1.2431321254206935,1,0,0.4839420935460288,FN
Card Purchase,Mobile App,iOS,0,SME,Active,500k-999k,11.330164211523869,0.8660254037844386,0.5000000000000001,1,19,50.1,18878.015,0.25,1.1507604257674235,0,0,0.4553939128832329,TN
Transfer,POS,Android,0,Everyday,Active,250k-499k,10.34316534169199,0.8660254037844386,0.5000000000000001,1,95,92.5,7814.94125,0.125,1.1538662282185943,1,1,0.5742350959972746,TP
Card Purchase,Mobile App,ATM Terminal,0,Everyday,Active,500k-999k,6.713952059444596,0.8660254037844386,0.5000000000000001,1,38,81.8,36204.05555555556,0.3333333333333333,0.6396095506481166,0,0,0.4732864433000055,TN
Transfer,Web,POS Terminal,0,Everyday,Active,Below 100k,10.358254439948125,0.9659258262890684,0.2588190451025207,0,11,74.4,125815.29636363636,0.2727272727272727,0.8821107512951076,0,1,0.5705287755490751,FP
Transfer,USSD,Android,0,SME,Active,100k-249k,12.623907070575546,0.9659258262890684,0.2588190451025207,0,86,73.8,22617.1725,0.0,1.2590530888810123,0,1,0.6076415838410943,FP
Cash Withdrawal,Mobile App,Android,0,Student,Active,100k-249k,12.250739797946428,0.9659258262890684,0.2588190451025207,0,51,79.4,36149.99444444444,0.3333333333333333,1.1672418460977918,1,1,0.6519115054680655,TP
Card Purchase,Mobile App,ATM Terminal,0,Everyday,Active,250k-499k,10.363744145887877,0.9659258262890684,0.2588190451025207,0,14,59.8,62703.25333333333,0.6666666666666666,0.938219354298568,0,0,0.3774154870895366,TN
Bill Payment,Web,iOS,0,Student,Active,Below 100k,9.890819146059968,0.9659258262890684,0.2588190451025207,0,33,87.0,116984.11000000002,0.4,0.8475567277233964,1,0,0.4254731693397684,FN
Card Purchase,POS,Web Browser,0,SME,Active,100k-249k,11.706893685308389,1.0,6.123233995736766e-17,0,52,70.1,60682.362,0.2,1.0629657766060774,0,0,0.321132325373004,TN
Card Purchase,Mobile App,iOS,0,Premium,Active,100k-249k,7.567578327334585,1.0,6.123233995736766e-17,0,12,68.2,139894.028,0.4,0.6386870949167881,0,0,0.31439084381185745,TN
Bill Payment,POS,Android,0,Everyday,Active,Below 100k,7.01545206343749,1.0,6.123233995736766e-17,0,49,48.5,9087.735,0.1666666666666666,0.7696777746184461,0,0,0.3526175653326061,TN
Airtime/Data,ATM,ATM Terminal,0,Premium,Dormant,100k-249k,6.409055835013987,1.0,6.123233995736766e-17,0,63,81.3,47833.49333333334,0.1666666666666666,0.5947802404751698,0,0,0.3632859942949617,TN
Card Purchase,Mobile App,Android,0,Premium,Active,Below 100k,11.774147153869862,1.0,6.123233995736766e-17,0,55,40.7,19472.894,0.2,1.1920977743310817,0,0,0.3222244084595023,TN
Transfer,Mobile App,Android,0,Everyday,Active,Below 100k,7.65927985234742,1.0,6.123233995736766e-17,0,51,39.2,18898.854,0.0,0.7778359160200135,1,0,0.48076588785039603,FN
Card Purchase,Mobile App,Android,0,SME,Active,100k-249k,7.142202700147714,0.9659258262890684,-0.2588190451025206,0,95,40.7,61748.81111111112,0.2222222222222222,0.6474755040121024,0,0,0.3142601470403492,TN
Bill Payment,ATM,Web Browser,0,Student,Active,500k-999k,7.237634400133706,0.9659258262890684,-0.2588190451025206,0,91,50.6,35272.89625,0.25,0.6912142649035925,0,0,0.3396371865695909,TN
Airtime/Data,Web,POS Terminal,0,Everyday,Dormant,500k-999k,7.618501680728804,0.9659258262890684,-0.2588190451025206,0,1,70.4,37456.78909090909,0.3636363636363636,0.7234377948285546,0,0,0.35022207406545564,TN
Card Purchase,Mobile App,Web Browser,0,Everyday,Active,100k-249k,10.798243670090132,0.9659258262890684,-0.2588190451025206,0,61,85.2,38483.81,0.0,1.022752826592433,0,0,0.34218798866944966,TN
Deposit,ATM,Android,0,Everyday,Active,500k-999k,9.409381376576905,0.9659258262890684,-0.2588190451025206,0,62,47.7,61150.53,0.0,0.853759851676771,0,0,0.33843560715298493,TN
Card Purchase,Web,Web Browser,0,Everyday,Active,100k-249k,6.346004714030856,0.8660254037844387,-0.4999999999999998,0,92,55.8,660.48,0.0,0.9771382711942423,0,0,0.33514271740922097,TN
Transfer,Mobile App,Web Browser,0,Student,Active,100k-249k,11.249768186149955,0.8660254037844387,-0.4999999999999998,0,35,70.3,18939.132,0.4,1.1422199612041393,0,1,0.538558063336316,FP
Deposit,USSD,POS Terminal,0,Everyday,Active,Below 100k,10.902814537720944,0.8660254037844387,-0.4999999999999998,0,70,83.4,1760.58,0.0,1.4587722148920492,0,0,0.3895710565494203,TN
Transfer,POS,Android,0,Premium,Active,1m+,9.474052189624372,0.8660254037844387,-0.4999999999999998,0,31,79.9,37325.724,0.2,0.8999367236473752,0,1,0.5302459721366293,FP
Transfer,Mobile App,Android,1,Student,Active,Below 100k,12.772790865660436,0.8660254037844387,-0.4999999999999998,0,95,77.8,58190.77142857143,0.2857142857142857,1.1641791688657683,1,1,0.5616431654144137,TP
Airtime/Data,USSD,iOS,0,SME,Active,100k-249k,7.529213098650238,0.8660254037844387,-0.4999999999999998,0,41,62.2,10591.7,0.2,0.812395100870334,1,0,0.36769147084230414,FN
Card Purchase,POS,Android,0,SME,Active,100k-249k,10.38975046777385,0.7071067811865476,-0.7071067811865475,0,10,46.1,58729.136,0.4,0.9461821785805136,0,0,0.3266350879567792,TN
Transfer,Mobile App,ATM Terminal,0,SME,Active,Below 100k,7.29346655860344,0.7071067811865476,-0.7071067811865475,0,67,73.9,18442.50142857143,0.2857142857142857,0.7425289685683176,0,1,0.5016456244957836,FP
Card Purchase,Mobile App,iOS,0,Premium,Active,Below 100k,8.3685655647461,0.7071067811865476,-0.7071067811865475,0,35,78.1,46446.6975,0.25,0.7787550317936134,0,0,0.32105060273185787,TN
Card Purchase,ATM,Android,0,Premium,Dormant,Below 100k,7.062500068005857,0.7071067811865476,-0.7071067811865475,0,75,70.7,19245.404285714285,0.0,0.7159090856953508,1,0,0.34611350961368814,FN
Transfer,USSD,iOS,0,Everyday,Active,250k-499k,8.582975313960931,0.7071067811865476,-0.7071067811865475,0,39,60.7,56794.86000000001,0.0,0.7840325052072818,0,1,0.5130437424672585,FP
Card Purchase,POS,Android,0,Everyday,Active,100k-249k,8.772652130446254,0.4999999999999999,-0.8660254037844387,0,55,65.5,30781.118,0.2,0.848854953172087,1,0,0.2993097635409341,FN
Cash Withdrawal,Mobile App,iOS,0,Everyday,Dormant,1m+,7.871612569582966,0.4999999999999999,-0.8660254037844387,0,33,73.2,10617.766666666666,0.0,0.8491145062257357,0,0,0.45191235274769137,TN
Airtime/Data,Mobile App,Android,0,Everyday,Active,Below 100k,9.59585036116191,0.4999999999999999,-0.8660254037844387,0,61,89.8,63534.196,0.2,0.8676686215153895,0,0,0.3318566395815113,TN
Card Purchase,Web,Android,0,Everyday,Active,100k-249k,8.109399373967975,0.4999999999999999,-0.8660254037844387,0,60,59.7,10184.303333333335,0.3333333333333333,0.8787151384362981,0,0,0.3039585295316074,TN
Cash Withdrawal,Mobile App,POS Terminal,1,Student,Active,100k-249k,11.858233975055068,0.4999999999999999,-0.8660254037844387,0,35,70.3,24204.765454545453,0.3636363636363636,1.1747401790466068,0,1,0.5444978945636701,FP
Cash Withdrawal,Mobile App,Web Browser,1,Student,Active,Below 100k,10.632869743471476,0.4999999999999999,-0.8660254037844387,0,19,93.0,79058.47181818182,0.1818181818181818,0.9428011660749296,1,1,0.5267452934374535,TP
Transfer,ATM,Web Browser,0,SME,Active,100k-249k,7.416552847633884,0.258819045102521,-0.9659258262890682,0,58,81.7,117974.464,0.6,0.6350749736455595,1,0,0.4613939041217295,FN
Card Purchase,Web,Web Browser,0,Student,Active,Below 100k,9.810483162354547,0.258819045102521,-0.9659258262890682,0,89,87.0,97860.37625,0.125,0.8537308217012454,0,0,0.3314420759417091,TN
Bill Payment,Mobile App,iOS,0,Everyday,Active,1m+,6.33954768697801,0.258819045102521,-0.9659258262890682,0,27,100.0,79566.88833333334,0.0,0.5617991968511957,0,0,0.3195634983934493,TN
Bill Payment,POS,Android,0,Student,Active,100k-249k,10.492374722771164,0.258819045102521,-0.9659258262890682,0,25,47.2,40824.01625,0.25,0.9882570403833,0,0,0.34073354940512274,TN
Card Purchase,Mobile App,iOS,0,Everyday,Active,100k-249k,11.935833097259485,0.258819045102521,-0.9659258262890682,0,3,19.6,283433.0175,0.5,0.950703734215745,0,0,0.3334579222440256,TN
Transfer,Web,POS Terminal,0,Premium,Active,100k-249k,10.825002016931505,1.2246467991473532e-16,-1.0,0,49,49.8,19147.0825,0.125,1.0978750793543128,0,1,0.5205288462989592,FP
Transfer,Web,Android,0,Everyday,Active,Below 100k,12.51698895057983,1.2246467991473532e-16,-1.0,0,60,70.3,237304.4283333333,0.3333333333333333,1.0113019685967422,0,1,0.5784291865858561,FP
Card Purchase,Mobile App,Android,0,Premium,Active,Below 100k,7.590099315146797,1.2246467991473532e-16,-1.0,0,64,66.0,23444.014000000003,0.0,0.7543020961367762,0,0,0.31170906421178823,TN
Cash Withdrawal,ATM,Android,0,SME,Dormant,250k-499k,9.2466809800673,1.2246467991473532e-16,-1.0,0,8,25.4,94286.1075,0.25,0.80728133933421,0,0,0.4716840583429961,TN
Cash Withdrawal,POS,Android,0,Everyday,Active,100k-249k,9.252248816096277,1.2246467991473532e-16,-1.0,0,31,50.5,29456.58,0.0,0.8990878108232226,0,0,0.4579392316730261,TN
Bill Payment,Web,Android,1,Student,Active,100k-249k,6.809282102172677,1.2246467991473532e-16,-1.0,0,26,85.0,86752.31000000001,0.6,0.5988380604942128,0,0,0.4320519645038352,TN
Airtime/Data,POS,Web Browser,0,Premium,Active,250k-499k,9.554822585762649,-0.2588190451025208,-0.9659258262890684,0,95,45.6,14032.070000000002,0.2,1.0005917392421126,0,0,0.3308947286885457,TN
Airtime/Data,Mobile App,Android,0,Everyday,Active,Below 100k,7.682275051757806,-0.2588190451025208,-0.9659258262890684,0,96,83.4,25776.66,0.0,0.7563331450915042,1,0,0.3502003776128822,FN
Bill Payment,Mobile App,Android,0,Everyday,Dormant,250k-499k,8.813199025048936,-0.2588190451025208,-0.9659258262890684,0,38,60.9,11413.005714285711,0.1428571428571428,0.943335085763273,0,0,0.3462288775440429,TN
Card Purchase,Web,Android,0,Everyday,Active,250k-499k,9.979976259918008,-0.2588190451025208,-0.9659258262890684,0,64,41.9,41005.756,0.0,0.9396020967788083,0,0,0.3060392204640975,TN
Transfer,POS,iOS,0,Student,Active,100k-249k,7.37835872829984,-0.2588190451025208,-0.9659258262890684,0,39,58.8,80744.39499999999,0.0,0.6530066396809536,1,1,0.5502107525375421,TP
Card Purchase,Web,POS Terminal,0,Everyday,Active,Below 100k,10.886312749825176,-0.2588190451025208,-0.9659258262890684,0,24,40.3,37545.01571428572,0.1428571428571428,1.0335117625881756,0,0,0.3411426076488351,TN
Cash Withdrawal,Web,iOS,0,Everyday,Active,1m+,8.92803448855362,-0.4999999999999997,-0.8660254037844388,0,92,47.5,33073.50666666667,0.5,0.8579271592753797,0,0,0.42705934213100194,TN
Airtime/Data,ATM,Web Browser,0,Everyday,Active,Below 100k,5.106187868762996,-0.4999999999999997,-0.8660254037844388,0,37,50.2,12935.862,0.0,0.5393194231505849,0,0,0.3303273871733108,TN
Transfer,Mobile App,iOS,0,Premium,Active,250k-499k,7.509822818376499,-0.4999999999999997,-0.8660254037844388,0,17,63.8,29106.278,0.4,0.7306168112984213,0,1,0.5362435161860536,FP
Deposit,ATM,Android,0,Everyday,Active,Below 100k,8.56440305995698,-0.4999999999999997,-0.8660254037844388,0,68,58.6,96063.05142857145,0.4285714285714285,0.7464982496616961,0,0,0.3323028760379285,TN
Airtime/Data,Mobile App,POS Terminal,0,Everyday,Active,100k-249k,5.714326688531872,-0.4999999999999997,-0.8660254037844388,0,35,65.2,56851.19,0.0,0.5219416395595263,0,0,0.3306934216103624,TN
Deposit,Web,iOS,0,Everyday,Active,250k-499k,8.494800332364349,-0.7071067811865471,-0.7071067811865479,0,23,78.0,37338.992000000006,0.2,0.8068907113427084,0,0,0.32895526656832835,TN
Bill Payment,ATM,ATM Terminal,0,SME,Active,500k-999k,11.490957935964504,-0.7071067811865471,-0.7071067811865479,0,67,74.5,51029.50090909091,0.2727272727272727,1.0600339863935886,0,0,0.3774897435308777,TN
Transfer,Mobile App,Android,0,Everyday,Active,250k-499k,9.8724895401283,-0.7071067811865471,-0.7071067811865479,0,60,40.3,84330.34,0.3333333333333333,0.8703973413028958,1,0,0.49750266122992587,FN
Transfer,POS,Android,0,Everyday,Active,250k-499k,10.31598454555483,-0.7071067811865471,-0.7071067811865479,0,10,84.5,106889.788,0.0,0.8908785778395766,1,1,0.5277060569934997,TP
Transfer,Mobile App,iOS,0,Everyday,Active,100k-249k,7.344635071295046,-0.7071067811865471,-0.7071067811865479,0,66,65.8,63336.436,0.2,0.6642982146206725,0,0,0.49454149480175097,TN
Bill Payment,Mobile App,Web Browser,0,SME,Dormant,250k-499k,6.449427224173901,-0.7071067811865471,-0.7071067811865479,0,21,41.8,32453.005,0.0,0.620878757240127,0,0,0.33404245457152365,TN
Transfer,Web,ATM Terminal,0,Everyday,Active,250k-499k,8.32597699433169,-0.8660254037844385,-0.5000000000000004,0,84,86.4,30961.83,0.0,0.8051779495800665,0,0,0.4993437092034652,TN
Transfer,USSD,POS Terminal,1,Premium,Active,Below 100k,11.451204942874384,-0.8660254037844385,-0.5000000000000004,0,37,90.9,63931.00428571428,0.5714285714285714,1.0348494828011068,0,1,0.5724393935204436,FP
Cash Withdrawal,Mobile App,POS Terminal,0,Everyday,Active,Below 100k,9.993092854059448,-0.8660254037844385,-0.5000000000000004,0,73,89.4,41280.32636363636,0.1818181818181818,0.9402462565475768,0,0,0.4129347437358823,TN
Cash Withdrawal,POS,iOS,0,Everyday,Active,100k-249k,6.968238714361648,-0.8660254037844385,-0.5000000000000004,0,3,45.5,22768.82777777778,0.3333333333333333,0.6945186532177057,0,0,0.47632493357237027,TN
Card Purchase,ATM,iOS,0,Student,Dormant,Below 100k,10.74950602342493,-0.8660254037844385,-0.5000000000000004,0,32,31.8,48043.98,0.0,0.9971811490898136,0,0,0.33316371253901644,TN
Airtime/Data,POS,Android,0,Premium,Active,500k-999k,5.256713816692962,-0.9659258262890684,-0.2588190451025206,0,20,77.2,14952.6425,0.75,0.5468503377571048,0,0,0.372636350162451,TN
Transfer,USSD,iOS,0,Premium,Active,Below 100k,9.210353371891683,-0.9659258262890684,-0.2588190451025206,0,81,72.6,51999.263333333336,0.1666666666666666,0.8481766209496553,0,0,0.47004764357526324,TN
Card Purchase,Web,Android,0,Premium,Active,500k-999k,12.09735054161593,-0.9659258262890684,-0.2588190451025206,0,23,61.8,34161.47833333333,0.5,1.158874020760862,0,1,0.5119653732672144,FP
Card Purchase,ATM,Android,0,Student,Active,500k-999k,6.481684321080954,-0.9659258262890684,-0.2588190451025206,0,81,47.4,87052.0775,0.125,0.5698548075440676,0,0,0.3314182167748795,TN
Transfer,Web,Unknown,0,Premium,Active,250k-499k,11.758747035089138,-0.9659258262890684,-0.2588190451025206,0,59,59.1,25758.09625,0.25,1.1577509122722986,1,1,0.531129256914676,TP
Card Purchase,POS,POS Terminal,0,Everyday,Active,1m+,10.816280173147115,-0.9659258262890684,-0.2588190451025206,0,67,99.6,6657.315,0.1666666666666666,1.2286170972232946,0,0,0.3504801146346021,TN
Bill Payment,Mobile App,POS Terminal,0,Everyday,Active,250k-499k,8.572766015539601,-1.0,-1.8369701987210292e-16,0,27,92.5,15416.653333333334,0.1666666666666666,0.8889896675604837,0,0,0.3388464608405462,TN
Bill Payment,POS,Web Browser,0,Everyday,Active,500k-999k,11.450761402572956,-1.0,-1.8369701987210292e-16,0,26,66.0,148856.68000000002,0.0,0.9613807095185708,0,0,0.3408146480115488,TN
Transfer,ATM,Web Browser,0,Everyday,Active,Below 100k,8.30977534056351,-1.0,-1.8369701987210292e-16,0,9,64.5,45261.735,0.0,0.7751483033507954,0,0,0.4995889296152571,TN
Deposit,ATM,iOS,0,Student,Active,100k-249k,8.976595828174426,-1.0,-1.8369701987210292e-16,0,96,51.9,3373.0025,0.25,1.1049675091051865,0,0,0.3129154176719416,TN
Airtime/Data,Mobile App,iOS,0,Everyday,Active,250k-499k,5.556132839393524,-1.0,-1.8369701987210292e-16,0,79,100.0,50330.740000000005,0.125,0.5132026685195928,0,0,0.31474342427133534,TN
Transfer,POS,iOS,0,Everyday,Active,500k-999k,8.72998575562528,-0.9659258262890684,0.2588190451025203,0,55,56.8,103476.605,0.0,0.7560320620539165,0,1,0.5398831995176836,FP
Card Purchase,Mobile App,Android,0,Everyday,Active,100k-249k,7.600422344305205,-0.9659258262890684,0.2588190451025203,0,89,77.4,22845.966000000004,0.0,0.7572726152138753,0,0,0.37812474317973305,TN
Card Purchase,USSD,Android,1,Everyday,Active,500k-999k,9.570726520866812,-0.9659258262890684,0.2588190451025203,0,31,62.3,35003.342,0.4,0.9147011877126018,0,1,0.5527618725782714,FP
Transfer,Mobile App,Android,0,Everyday,Active,1m+,6.4932090621377805,-0.9659258262890684,0.2588190451025203,0,9,74.0,19156.5325,0.125,0.6585103350122296,0,1,0.5271910924106569,FP
Card Purchase,ATM,ATM Terminal,0,Everyday,Active,250k-499k,7.688940809014905,-0.9659258262890684,0.2588190451025203,0,4,40.4,47568.6825,0.0,0.7139253344492965,0,0,0.3655935004292072,TN
Transfer,Mobile App,iOS,0,Student,Active,100k-249k,6.248564981900374,-0.9659258262890684,0.2588190451025203,0,30,76.5,7627.134545454546,0.2727272727272727,0.6989760120162458,0,1,0.5418735038099814,FP
Airtime/Data,POS,iOS,0,Student,Active,250k-499k,4.653960350157523,-0.8660254037844386,0.5000000000000001,0,85,42.0,10956.318333333336,0.3333333333333333,0.5003310043195258,0,0,0.3345362359056831,TN
Card Purchase,Web,Android,0,Everyday,Active,100k-249k,10.95119892596627,-0.8660254037844386,0.5000000000000001,0,54,56.1,33756.30375,0.25,1.0502780526498825,0,0,0.3463090620789678,TN
Airtime/Data,ATM,ATM Terminal,0,Student,Active,100k-249k,9.26507663254764,-0.8660254037844386,0.5000000000000001,0,3,73.8,70703.8625,0.25,0.8297378572107124,0,0,0.38612961527909456,TN
Transfer,Mobile App,POS Terminal,0,Premium,Active,500k-999k,11.276560393291666,-0.8660254037844386,0.5000000000000001,0,79,90.4,11803.596,0.2,1.2026734928517868,0,1,0.5434284628470767,FP
Transfer,USSD,Android,0,SME,Active,100k-249k,8.620352486163961,-0.8660254037844386,0.5000000000000001,0,58,81.7,98589.10166666668,0.6666666666666666,0.7496789101792374,0,0,0.4883198150961826,TN
Card Purchase,Mobile App,Android,0,Premium,Active,250k-499k,10.176832081877532,-0.7071067811865477,0.7071067811865474,0,90,69.6,28036.2125,0.0,0.993706275690261,0,0,0.34020996606884146,TN
Deposit,USSD,Android,0,Premium,Active,100k-249k,8.588525457717397,-0.7071067811865477,0.7071067811865474,0,72,55.7,146556.36,0.0,0.7220177511848122,0,0,0.30968608179539275,TN
Cash Withdrawal,Web,POS Terminal,0,SME,Active,250k-499k,8.616283490286701,-0.7071067811865477,0.7071067811865474,0,88,67.7,16946.546,0.2,0.8848214368662761,0,0,0.4414482076435243,TN
Bill Payment,Mobile App,iOS,1,SME,Dormant,250k-499k,9.194930243516618,-0.7071067811865477,0.7071067811865474,0,20,74.7,15660.653333333334,0.3333333333333333,0.9519575822976392,1,0,0.4862645895720732,FN
Card Purchase,ATM,iOS,0,Student,Active,100k-249k,10.179248601094155,-0.7071067811865477,0.7071067811865474,0,76,93.9,10382.078,0.2,1.100705313537029,0,0,0.33605018666566355,TN
Transfer,ATM,Android,0,Everyday,Active,250k-499k,8.022516469389618,-0.7071067811865477,0.7071067811865474,0,13,86.4,41891.83714285715,0.1428571428571428,0.7537925732269121,0,1,0.5424299632434669,FP
Cash Withdrawal,POS,POS Terminal,0,SME,Active,250k-499k,10.658420797823553,-0.5000000000000004,0.8660254037844384,0,80,94.9,63793.705,0.3,0.9633924705007534,0,0,0.3720194098295135,TN
Cash Withdrawal,Mobile App,Android,0,Everyday,Active,500k-999k,12.222128359946671,-0.5000000000000004,0.8660254037844384,0,16,59.6,34618.384999999995,0.0,1.1693389462788255,1,1,0.5736062252190306,TP
Transfer,USSD,iOS,0,SME,Restricted,250k-499k,9.573946837318813,-0.5000000000000004,0.8660254037844384,0,40,84.2,71235.51166666667,0.1666666666666666,0.8568240392969496,0,1,0.5103179475483066,FP
Transfer,ATM,Android,0,Premium,Active,100k-249k,8.984038087111768,-0.5000000000000004,0.8660254037844384,0,41,34.9,20043.37875,0.25,0.906956038484828,1,1,0.5527206614615229,TP
Card Purchase,Mobile App,iOS,0,Everyday,Active,500k-999k,7.191820819659376,-0.5000000000000004,0.8660254037844384,0,50,93.5,61289.464,0.4,0.6524152406242192,0,0,0.31567628410143245,TN
Card Purchase,Web,iOS,0,Everyday,Active,100k-249k,7.982382204899736,-0.5000000000000004,0.8660254037844384,0,69,62.0,4553.86,0.1428571428571428,0.9475818511506182,0,0,0.3565463934542197,TN
Bill Payment,Mobile App,Android,0,Everyday,Active,100k-249k,9.016588133149735,-0.2588190451025215,0.965925826289068,0,90,91.4,31708.12428571429,0.0,0.8699609382478362,0,0,0.3446534306357476,TN
Card Purchase,Mobile App,ATM Terminal,0,Everyday,Active,250k-499k,11.743179596086318,-0.2588190451025215,0.965925826289068,0,65,100.0,64309.34375,0.25,1.0606697649046586,0,0,0.32974209936563287,TN
Cash Withdrawal,Mobile App,Android,0,Everyday,Active,250k-499k,8.347727838344236,-0.2588190451025215,0.965925826289068,0,58,64.7,15867.651666666668,0.0,0.8630728699863759,0,0,0.4629361328515005,TN
Bill Payment,POS,Android,0,Premium,Dormant,Below 100k,7.4415608300177425,-0.2588190451025215,0.965925826289068,0,24,67.5,4353.150000000001,0.25,0.8881326218600014,0,0,0.3362188063603388,TN
Cash Withdrawal,Mobile App,Android,0,SME,Active,100k-249k,12.21159780369351,-0.2588190451025215,0.965925826289068,0,93,87.8,25775.3025,0.25,1.2022589660456269,0,1,0.5736050099602424,FP
Cash Withdrawal,POS,ATM Terminal,0,SME,Active,500k-999k,10.252934185063069,0.0,1.0,1,33,39.9,9070.09,0.125,1.1251075963039137,1,1,0.5411407998411042,TP
Deposit,Mobile App,Android,0,Premium,Active,1m+,11.72457659061402,0.0,1.0,1,85,55.7,23395.92555555556,0.3333333333333333,1.1654231757046225,0,1,0.526342706387131,FP
Cash Withdrawal,Mobile App,Android,0,SME,Active,100k-249k,11.488898106049556,0.0,1.0,1,31,47.2,39401.348,0.4,1.0857449794537128,1,1,0.5755048120448942,TP
Deposit,Mobile App,Web Browser,0,Everyday,Dormant,500k-999k,7.444155077867555,0.0,1.0,1,1,70.4,34504.9325,0.3333333333333333,0.7124352480984572,0,0,0.4546251383212305,TN
Cash Withdrawal,POS,ATM Terminal,0,Student,Active,500k-999k,9.584702078897129,0.0,1.0,1,95,54.1,61470.17818181818,0.0909090909090909,0.869256367101204,0,0,0.4736407009462683,TN
Transfer,Mobile App,Web Browser,0,Premium,Active,500k-999k,7.1684103913733,0.0,1.0,1,56,58.5,10250.89,0.4285714285714285,0.7762037549997759,0,1,0.6058337991588363,FP
Card Purchase,Mobile App,iOS,0,Student,Active,100k-249k,9.697535379034496,0.2588190451025207,0.9659258262890684,1,13,23.7,133990.06,0.0,0.8214401831987713,0,0,0.47686415670959614,TN
Card Purchase,Mobile App,Web Browser,0,Everyday,Active,100k-249k,11.804746883496083,0.2588190451025207,0.9659258262890684,1,68,84.1,39424.885,0.1666666666666666,1.1155309465112555,0,1,0.506695348623422,FP
Transfer,Mobile App,iOS,0,Everyday,Dormant,100k-249k,6.598631636901627,0.2588190451025207,0.9659258262890684,1,10,45.8,11226.09,0.0,0.7075457404671616,0,1,0.5926905464636442,FP
Bill Payment,USSD,Android,0,Premium,Dormant,100k-249k,7.667368808724457,0.2588190451025207,0.9659258262890684,1,3,59.2,39169.02125,0.375,0.72500096978078,0,0,0.4762115202535579,TN
Cash Withdrawal,POS,Web Browser,0,Student,Active,100k-249k,12.427461818822817,0.2588190451025207,0.9659258262890684,1,60,85.8,2198.226666666667,0.3333333333333333,1.6148240876569202,0,1,0.5856562238024624,FP
Cash Withdrawal,Mobile App,Web Browser,0,Everyday,Dormant,Below 100k,6.939021360856136,0.4999999999999999,0.8660254037844387,1,72,68.4,1893.335,0.0,0.9194869333043556,1,1,0.5586691137082406,TP
Card Purchase,Mobile App,iOS,0,Premium,Active,500k-999k,6.597882129156831,0.4999999999999999,0.8660254037844387,1,30,49.3,25928.524,0.0,0.6491973679744171,1,0,0.46968818225832687,FN
Card Purchase,POS,iOS,0,Student,Active,Below 100k,6.22245721336559,0.4999999999999999,0.8660254037844387,1,3,76.2,29761.52666666667,0.5,0.604063096729688,0,0,0.3912329954875099,TN
Transfer,Mobile App,Android,0,Everyday,Active,1m+,11.412079410447683,0.4999999999999999,0.8660254037844387,1,29,65.4,30963.234,0.0,1.1036199611830002,1,1,0.6272641317998655,TP
Transfer,POS,POS Terminal,0,Everyday,Active,Below 100k,11.322738093608637,0.4999999999999999,0.8660254037844387,1,82,100.0,47679.32666666667,0.1666666666666666,1.0511000679008804,0,1,0.5585884002254459,FP
Bill Payment,Mobile App,POS Terminal,0,Everyday,Active,250k-499k,10.334531709502214,0.4999999999999999,0.8660254037844387,1,33,77.0,36658.176666666666,0.0,0.983358989495978,0,1,0.5084194123471358,FP
Transfer,Web,iOS,0,Everyday,Active,100k-249k,11.485496815341802,0.7071067811865476,0.7071067811865476,1,94,98.8,91578.7975,0.25,1.0052981199635036,1,1,0.6041479199013507,TP
Transfer,Mobile App,Android,0,Everyday,Dormant,250k-499k,11.896112993613205,0.7071067811865476,0.7071067811865476,1,80,81.7,28072.24333333333,0.1111111111111111,1.1614380404665396,0,1,0.6146581831924898,FP
Card Purchase,POS,Android,0,Premium,Active,250k-499k,10.64786002517152,0.7071067811865476,0.7071067811865476,1,65,77.2,32713.803333333333,0.0,1.0242677174019614,0,0,0.4007849727395558,TN
Transfer,Mobile App,Web Browser,0,Everyday,Active,100k-249k,9.503956552728647,0.7071067811865476,0.7071067811865476,1,54,67.3,27275.555,0.25,0.9305030975590832,1,1,0.6344943541255529,TP
Transfer,Mobile App,Android,0,Student,Active,Below 100k,11.285699843332187,0.7071067811865476,0.7071067811865476,1,57,66.8,69359.71142857143,0.1428571428571428,1.0124359048527496,0,1,0.5868256405120411,FP
Card Purchase,Web,iOS,0,Everyday,Active,500k-999k,9.526765865793164,0.8660254037844386,0.5000000000000001,1,14,69.9,5957.945,0.0,1.0959566135295151,0,0,0.4685817512899171,TN
Transfer,Mobile App,Android,0,Premium,Dormant,100k-249k,8.708005268183168,0.8660254037844386,0.5000000000000001,1,3,59.2,35054.29111111111,0.3333333333333333,0.8321328255660494,0,1,0.597819726274523,FP
Transfer,Mobile App,POS Terminal,0,Premium,Active,500k-999k,11.905325799379074,0.8660254037844386,0.5000000000000001,1,56,58.5,9131.62625,0.375,1.30546455927907,0,1,0.6247317952208995,FP
Deposit,Mobile App,ATM Terminal,0,Student,Active,250k-499k,12.070272280734056,0.8660254037844386,0.5000000000000001,1,56,93.2,86869.59833333334,0.1666666666666666,1.061386442878357,0,1,0.6336949663802615,FP
Card Purchase,USSD,ATM Terminal,0,Everyday,Active,Below 100k,6.814696562730532,0.8660254037844386,0.5000000000000001,1,60,77.8,71887.53428571428,0.2857142857142857,0.6093869735831368,1,0,0.4445025315745498,FN
Cash Withdrawal,Mobile App,ATM Terminal,0,Student,Active,100k-249k,7.043509199959757,0.8660254037844386,0.5000000000000001,1,47,56.6,43514.93375,0.125,0.6594501191708672,0,1,0.5270358790373794,FP
Transfer,Mobile App,Android,0,Everyday,Active,Below 100k,8.364226144152832,0.9659258262890684,0.2588190451025207,0,33,58.5,147258.37111111113,0.2222222222222222,0.7028790561139756,0,1,0.5545664528032405,FP
Airtime/Data,POS,Android,0,Student,Active,500k-999k,7.115240881939639,0.9659258262890684,0.2588190451025207,0,93,55.1,64514.10999999999,0.0,0.6424797024992545,1,0,0.4105025687561385,FN
Bill Payment,POS,iOS,0,Premium,Active,250k-499k,7.139200277735644,0.9659258262890684,0.2588190451025207,0,88,50.0,100382.515,0.3333333333333333,0.6198969539812935,0,0,0.36653857104816284,TN
Card Purchase,ATM,Web Browser,0,Everyday,Active,Below 100k,11.173979150340456,0.9659258262890684,0.2588190451025207,0,60,61.8,14686.154285714289,0.0,1.1645956539944309,1,0,0.4418828719729819,FN
Transfer,ATM,Web Browser,0,Everyday,Restricted,100k-249k,6.444623981078808,0.9659258262890684,0.2588190451025207,0,96,78.2,66767.3125,0.25,0.5801272239508198,1,1,0.5191857543876239,TP
Transfer,POS,iOS,0,Premium,Active,100k-249k,9.504449248211442,1.0,6.123233995736766e-17,0,46,100.0,20392.411428571428,0.2857142857142857,0.9578233099451708,1,1,0.5025854441835319,TP
Bill Payment,Mobile App,iOS,0,Everyday,Active,500k-999k,6.510035101321419,1.0,6.123233995736766e-17,0,90,88.3,33833.704999999994,0.0,0.6242097839352394,0,0,0.3148289535330875,TN
Card Purchase,ATM,Android,0,Everyday,Active,250k-499k,9.13672074210242,1.0,6.123233995736766e-17,0,47,83.2,97238.07,0.5,0.7955401069961119,0,0,0.334253758688141,TN
Transfer,Mobile App,POS Terminal,0,SME,Active,250k-499k,9.36861852206668,1.0,6.123233995736766e-17,0,46,97.4,13725.079999999998,0.2,0.9833700483726376,0,0,0.47297308607999866,TN
Airtime/Data,Mobile App,Android,0,Premium,Active,Below 100k,9.453588465789904,1.0,6.123233995736766e-17,0,79,60.8,114704.86,0.25,0.811458017536745,1,0,0.32294495338474394,FN
Card Purchase,Mobile App,Android,0,Everyday,Active,Below 100k,10.115625564460412,1.0,6.123233995736766e-17,0,32,100.0,10305.935,0.196,1.0946968750736834,0,0,0.3289098418884192,TN
Card Purchase,ATM,iOS,0,Student,Active,1m+,11.102520576210456,0.9659258262890684,-0.2588190451025206,0,91,68.0,86660.01142857142,0.2857142857142857,0.9764956511717136,0,0,0.33367647539097633,TN
Deposit,POS,Android,0,Premium,Active,250k-499k,10.473841197071348,0.9659258262890684,-0.2588190451025206,0,11,59.9,31076.529,0.2,1.012528798300906,0,0,0.34450697311007256,TN
Deposit,ATM,POS Terminal,0,Student,Active,100k-249k,12.295611475817111,0.9659258262890684,-0.2588190451025206,0,71,53.2,81388.02333333333,0.3333333333333333,1.0874339929122556,0,1,0.54425142343676,FP
Cash Withdrawal,Mobile App,Android,0,Premium,Active,250k-499k,10.878452770653691,0.9659258262890684,-0.2588190451025206,0,35,69.8,45484.23666666666,0.2222222222222222,1.0142944188285457,0,0,0.48478569332521193,TN
Deposit,Web,Android,0,Everyday,Active,Below 100k,12.014334188583591,0.9659258262890684,-0.2588190451025206,0,41,72.1,75901.28142857143,0.0,1.0691570878438013,0,0,0.43478469962238836,TN
Airtime/Data,ATM,Android,0,Everyday,Restricted,Below 100k,8.338382265141485,0.8660254037844387,-0.4999999999999998,0,70,100.0,67612.02125,0.25,0.749749618305693,0,0,0.3546499174076999,TN
Airtime/Data,ATM,iOS,0,Everyday,Active,100k-249k,9.077167772120692,0.8660254037844387,-0.4999999999999998,0,49,61.8,32750.11666666667,0.3333333333333333,0.8730822724901197,0,0,0.3649704360964896,TN
Card Purchase,Web,Android,0,Student,Active,500k-999k,8.273780604054194,0.8660254037844387,-0.4999999999999998,0,70,69.2,58831.57714285714,0.2857142857142857,0.7533637613204106,1,0,0.3195042176639696,FN
Card Purchase,Mobile App,Android,1,Student,Active,100k-249k,6.249337973609879,0.8660254037844387,-0.4999999999999998,0,3,73.8,58675.414,0.2,0.5691671879169762,0,0,0.4779402557254792,TN
Transfer,ATM,Android,0,Student,Active,500k-999k,9.048503562722663,0.8660254037844387,-0.4999999999999998,0,81,47.4,77452.07666666666,0.1111111111111111,0.8037807489119424,0,0,0.48119201575156645,TN
Deposit,Mobile App,Android,0,Everyday,Active,500k-999k,8.04403579426842,0.8660254037844387,-0.4999999999999998,0,28,64.0,57689.55285714286,0.1428571428571428,0.73375415521369,1,0,0.3320276577566217,FN
Transfer,Web,ATM Terminal,0,Everyday,Active,500k-999k,10.495922010804716,0.7071067811865476,-0.7071067811865475,0,35,73.6,72433.31285714285,0.0,0.9379368751146432,1,1,0.514243087942199,TP
Card Purchase,POS,ATM Terminal,0,Premium,Active,1m+,7.3883464122807,0.7071067811865476,-0.7071067811865475,0,26,71.5,22260.697142857145,0.2857142857142857,0.7380506201109479,0,0,0.32794319329669563,TN
Transfer,Mobile App,iOS,0,Everyday,Active,100k-249k,12.732267761222756,0.7071067811865476,-0.7071067811865475,0,69,60.6,21908.42,0.5,1.2739055180386087,1,1,0.6581742438234552,TP
Cash Withdrawal,Mobile App,Web Browser,0,Premium,Active,500k-999k,8.40536513959538,0.7071067811865476,-0.7071067811865475,0,56,58.5,24567.226666666666,0.3333333333333333,0.8314562395527932,0,0,0.446548285872144,TN
Cash Withdrawal,USSD,iOS,0,Student,Active,100k-249k,7.450172588736918,0.7071067811865476,-0.7071067811865475,0,55,66.5,22317.82285714286,0.4285714285714285,0.7440361968714215,0,0,0.46344489686599727,TN
Transfer,POS,Android,0,Premium,Dormant,100k-249k,12.204961378301403,0.7071067811865476,-0.7071067811865475,0,63,81.3,41086.75428571428,0.1428571428571428,1.1488681810407944,1,1,0.6422652579681783,TP
Bill Payment,Mobile App,POS Terminal,0,Everyday,Active,100k-249k,8.410514028947953,0.4999999999999999,-0.8660254037844387,0,21,66.3,57034.195,0.0,0.7679836131825813,0,0,0.3377559075648165,TN
Card Purchase,Mobile App,iOS,0,Everyday,Active,500k-999k,7.980068081396282,0.4999999999999999,-0.8660254037844387,0,84,86.9,44917.36571428571,0.0,0.7449234146839758,0,0,0.31274343919981074,TN
Card Purchase,Mobile App,Web Browser,0,SME,Active,Below 100k,11.367561138507066,0.4999999999999999,-0.8660254037844387,0,84,66.4,86477.294,0.4,0.9999922951078952,0,0,0.33478309988104193,TN
Airtime/Data,Web,POS Terminal,0,Student,Active,250k-499k,8.66630778283979,0.4999999999999999,-0.8660254037844387,0,9,79.3,60992.428,0.2,0.786521845219441,0,0,0.3476523123755378,TN
Cash Withdrawal,POS,POS Terminal,0,Everyday,Active,100k-249k,9.846173008861491,0.4999999999999999,-0.8660254037844387,0,10,95.6,61415.68,0.1428571428571428,0.8930415404314501,0,0,0.4488576435472789,TN
Transfer,Mobile App,POS Terminal,0,Student,Active,250k-499k,8.440083179184466,0.258819045102521,-0.9659258262890682,0,63,97.7,39532.41,0.0,0.7973700318354385,1,0,0.476589350658984,FN
Airtime/Data,ATM,iOS,0,Everyday,Active,100k-249k,6.424528609406927,0.258819045102521,-0.9659258262890682,0,12,68.8,23338.3325,0.25,0.6387547706209128,1,0,0.3576277555967979,FN
Card Purchase,POS,iOS,0,SME,Active,500k-999k,9.410956884152265,0.258819045102521,-0.9659258262890682,0,10,76.5,28995.141666666663,0.5,0.9159155172395944,0,0,0.3273337783512107,TN
Cash Withdrawal,Mobile App,Android,0,Everyday,Active,100k-249k,9.676248752124572,0.258819045102521,-0.9659258262890682,0,26,57.2,64552.630000000005,0.0,0.8736820683843947,1,0,0.45894011065474205,FN
Bill Payment,Mobile App,Android,0,Student,Active,100k-249k,7.677423589116492,0.258819045102521,-0.9659258262890682,0,35,93.1,2414.5725,0.25,0.9855876182639072,0,0,0.35702392767389973,TN
Card Purchase,POS,iOS,0,Everyday,Active,250k-499k,6.882150250266743,0.258819045102521,-0.9659258262890682,0,7,60.2,450.705,0.0,1.1258166612872806,0,0,0.30552989575556444,TN
Card Purchase,ATM,Android,0,SME,Active,100k-249k,10.936549608459028,1.2246467991473532e-16,-1.0,0,93,87.8,45256.61222222223,0.2222222222222222,1.0201885168444709,0,0,0.34768651053309985,TN
Transfer,Mobile App,Android,0,Everyday,Active,100k-249k,10.892952535067446,1.2246467991473532e-16,-1.0,0,52,77.6,15641.644285714288,0.1428571428571428,1.12789683795092,1,0,0.49096832067828367,FN
Card Purchase,ATM,Android,0,Premium,Active,250k-499k,12.05781384941703,1.2246467991473532e-16,-1.0,0,79,53.9,9416.59,0.0,1.3177456905459035,0,0,0.4503491452421425,TN
Card Purchase,POS,Web Browser,0,Premium,Active,100k-249k,9.003442885784109,1.2246467991473532e-16,-1.0,0,52,55.6,81882.23999999999,0.5,0.7958457884376233,0,0,0.32199073715590143,TN
Card Purchase,Mobile App,iOS,0,Student,Active,500k-999k,12.064817846899407,1.2246467991473532e-16,-1.0,0,24,55.1,65605.12999999999,0.3333333333333333,1.0877609038054814,0,0,0.46982897852437827,TN
Cash Withdrawal,Mobile App,Web Browser,0,Premium,Active,250k-499k,9.452269563041764,-0.2588190451025208,-0.9659258262890684,0,94,62.3,132242.57571428572,0.4285714285714285,0.8015559974621059,0,0,0.4047567853008937,TN
Cash Withdrawal,Mobile App,iOS,0,Premium,Active,250k-499k,9.861550353072602,-0.2588190451025208,-0.9659258262890684,0,50,64.5,14382.0025,0.5,1.0300557640984374,1,0,0.45801991810972653,FN
Bill Payment,USSD,Web Browser,0,SME,Active,1m+,7.323183919176465,-0.2588190451025208,-0.9659258262890684,0,83,54.1,42239.79400000001,0.0,0.6875491956401,0,0,0.3132895841477113,TN
Transfer,Mobile App,iOS,0,Premium,Active,1m+,7.232350114857435,-0.2588190451025208,-0.9659258262890684,0,41,89.3,85422.00428571428,0.1428571428571428,0.6369100839308748,0,0,0.48492925608150217,TN
Transfer,Mobile App,iOS,0,Everyday,Active,100k-249k,12.61035558848972,-0.2588190451025208,-0.9659258262890684,0,15,75.8,19928.542,0.2,1.2737786400271691,0,1,0.6881117656382449,FP
Transfer,Mobile App,Android,0,Everyday,Dormant,Below 100k,12.889227089587845,-0.2588190451025208,-0.9659258262890684,0,90,67.3,62570.008,0.0,1.1670735416796607,1,1,0.6492081713019646,TP
Airtime/Data,USSD,Android,0,Everyday,Active,250k-499k,8.008372223650733,-0.4999999999999997,-0.8660254037844388,0,92,61.3,51875.30111111111,0.3333333333333333,0.7376489355457062,0,0,0.3328119279454927,TN
Deposit,Mobile App,Web Browser,0,Student,Active,500k-999k,8.69148089640399,-0.4999999999999997,-0.8660254037844388,0,45,83.9,9547.31875,0.125,0.9484250036746196,0,0,0.309294587866425,TN
Airtime/Data,ATM,POS Terminal,0,Student,Active,100k-249k,10.517792804199054,-0.4999999999999997,-0.8660254037844388,0,29,69.1,68384.84916666667,0.1666666666666666,0.9447469012398144,0,0,0.33743866755200397,TN
Transfer,Mobile App,Android,0,Student,Active,100k-249k,11.634410794227504,-0.4999999999999997,-0.8660254037844388,0,31,51.1,58133.11777777778,0.1111111111111111,1.0605170516181412,0,0,0.49610599057412247,TN
Cash Withdrawal,POS,ATM Terminal,0,Everyday,Active,1m+,7.900929271189795,-0.4999999999999997,-0.8660254037844388,0,6,86.4,11446.48,0.0,0.8454238106377674,0,0,0.43730454027783744,TN
Cash Withdrawal,POS,Android,0,SME,Active,500k-999k,8.555224736250599,-0.7071067811865471,-0.7071067811865479,0,86,48.8,6096.745,1.0,0.9815906873372056,0,0,0.3993371827255665,TN
Cash Withdrawal,Mobile App,Web Browser,0,Everyday,Active,250k-499k,6.931959967678955,-0.7071067811865471,-0.7071067811865479,0,4,34.2,70254.53,0.3333333333333333,0.6211492492219172,0,0,0.4401807439653194,TN
Bill Payment,Mobile App,iOS,0,Student,Dormant,250k-499k,9.298333849880128,-0.7071067811865471,-0.7071067811865479,0,86,69.5,32391.90166666667,0.0,0.895302068267536,0,0,0.32741993804935526,TN
Card Purchase,Mobile App,Android,0,Everyday,Active,100k-249k,9.071217375431656,-0.7071067811865471,-0.7071067811865479,0,30,55.0,10565.839999999998,0.0,0.9790341372804487,0,0,0.30485389763485266,TN
Bill Payment,Mobile App,Android,0,Student,Active,250k-499k,7.083782065213343,-0.7071067811865471,-0.7071067811865479,0,67,63.5,74663.75714285714,0.4285714285714285,0.6313101675747913,1,0,0.3370559791240549,FN
Bill Payment,POS,iOS,0,SME,Active,250k-499k,8.012800167380785,-0.7071067811865471,-0.7071067811865479,0,85,92.0,27689.735714285714,0.1428571428571428,0.7833527397528764,0,0,0.33701658394168843,TN
Transfer,Mobile App,Android,0,Student,Active,Below 100k,12.603560519948084,-0.8660254037844385,-0.5000000000000004,0,31,74.6,23579.057777777776,0.3333333333333333,1.251824041894012,0,1,0.7051785672581588,FP
Airtime/Data,ATM,iOS,0,Premium,Dormant,500k-999k,8.63858747643321,-0.8660254037844385,-0.5000000000000004,0,64,84.3,13736.065555555557,0.2222222222222222,0.9066667485799408,0,0,0.37418966636750767,TN
Card Purchase,Mobile App,Web Browser,0,SME,Active,250k-499k,11.224343521088906,-0.8660254037844385,-0.5000000000000004,0,95,64.5,4723.51,0.0,1.3266731446969526,0,0,0.3161877399856409,TN
Bill Payment,Mobile App,Android,0,Student,Active,100k-249k,10.656272279678705,-0.8660254037844385,-0.5000000000000004,0,61,70.3,42857.847692307696,0.0,0.9991191265147602,0,0,0.3275271643296696,TN
Bill Payment,Mobile App,Web Browser,0,Student,Active,Below 100k,11.092569232365156,-0.8660254037844385,-0.5000000000000004,0,16,87.7,88568.445,0.0,0.9737548283972244,0,0,0.340308880956483,TN
Cash Withdrawal,Mobile App,iOS,0,Everyday,Active,500k-999k,7.137914165190252,-0.9659258262890684,-0.2588190451025206,0,64,92.3,74069.76333333332,0.3333333333333333,0.636587590157794,1,0,0.4054021644123131,FN
Card Purchase,Mobile App,POS Terminal,0,Student,Restricted,250k-499k,7.38341165132884,-0.9659258262890684,-0.2588190451025206,0,65,30.5,55368.026666666665,0.3333333333333333,0.6760266737586225,0,0,0.3650992553068418,TN
Cash Withdrawal,Web,iOS,0,Student,Active,100k-249k,9.202426136872512,-0.9659258262890684,-0.2588190451025206,0,47,35.3,52233.77333333332,0.0,0.8470955949673764,1,0,0.44615598853674554,FN
Transfer,Mobile App,Android,0,SME,Active,100k-249k,10.568830760240402,-0.9659258262890684,-0.2588190451025206,0,17,79.6,58816.3375,0.0,0.9623607757299568,0,0,0.4992148757930866,TN
Airtime/Data,POS,Android,0,Everyday,Active,250k-499k,8.38466700768564,-0.9659258262890684,-0.2588190451025206,0,15,94.2,115436.83333333331,0.3333333333333333,0.7193133490677831,1,0,0.35137645244491966,FN
Transfer,POS,Web Browser,0,Everyday,Active,Below 100k,7.889095651350108,-0.9659258262890684,-0.2588190451025206,0,17,68.0,106291.056,0.0,0.6816254169033895,0,1,0.5035707528061188,FP
Transfer,POS,Android,0,Everyday,Active,100k-249k,7.526674480187784,-1.0,-1.8369701987210292e-16,0,19,68.6,53567.67999999999,0.1666666666666666,0.6912359382291822,0,1,0.5279672312808857,FP
Airtime/Data,USSD,Android,0,Everyday,Active,250k-499k,7.324173515304118,-1.0,-1.8369701987210292e-16,0,72,62.4,23057.06,0.0,0.7290803027253167,0,0,0.34510488760862457,TN
Transfer,POS,Android,0,Everyday,Active,100k-249k,7.91978518953653,-1.0,-1.8369701987210292e-16,0,26,92.8,131140.4275,0.5,0.672077727347474,1,1,0.516970502195505,TP
Transfer,Mobile App,iOS,0,Student,Active,250k-499k,12.779682712312802,-1.0,-1.8369701987210292e-16,0,10,75.9,39527.23,0.75,1.2073651344826155,1,1,0.6427881362027574,TP
Deposit,Mobile App,ATM Terminal,0,SME,Active,500k-999k,13.23255778097804,-1.0,-1.8369701987210292e-16,0,79,66.5,248070.38,1.0,1.065297090981675,1,0,0.46248829576856365,FN
Transfer,Web,iOS,0,Premium,Active,250k-499k,6.986603427299816,-1.0,-1.8369701987210292e-16,0,93,65.3,43821.235,0.2,0.6536930210261539,1,0,0.4966134159097127,FN
Transfer,Mobile App,Android,0,Everyday,Active,100k-249k,11.010951053396244,-0.9659258262890684,0.2588190451025203,0,90,83.9,11750.174,0.0,1.1749139589923578,1,1,0.5041903200583022,TP
Transfer,USSD,ATM Terminal,0,Premium,Active,Below 100k,7.767526451728737,-0.9659258262890684,0.2588190451025203,0,64,66.0,19866.26333333333,0.0,0.7848500532481312,0,1,0.5175233714306983,FP
Deposit,Mobile App,iOS,0,Everyday,Dormant,250k-499k,11.607719966380758,-0.9659258262890684,0.2588190451025203,0,14,66.0,44277.95333333334,0.0,1.0850096009611248,0,0,0.33714449415500447,TN
Transfer,POS,Web Browser,0,Premium,Dormant,Below 100k,11.4327812188085,-0.9659258262890684,0.2588190451025203,0,79,74.2,59011.58200000001,0.4,1.0407150354545192,0,0,0.47994568875890004,TN
Bill Payment,Web,POS Terminal,0,SME,Active,100k-249k,6.471356624104047,-0.9659258262890684,0.2588190451025203,0,2,37.0,70842.17142857143,0.1428571428571428,0.5794436703049318,0,0,0.3750668927981093,TN
Card Purchase,USSD,ATM Terminal,0,Student,Active,Below 100k,10.151915931290777,-0.8660254037844386,0.5000000000000001,0,38,92.5,35664.96857142857,0.1428571428571428,0.9685138500347016,0,0,0.35620804304742504,TN
Transfer,POS,ATM Terminal,0,Student,Active,500k-999k,12.314979694796428,-0.8660254037844386,0.5000000000000001,0,86,92.1,71683.77777777778,0.0,1.1015154359627883,1,1,0.5795964533700725,TP
Transfer,Mobile App,Android,0,Everyday,Active,500k-999k,7.686442337741547,-0.8660254037844386,0.5000000000000001,0,83,75.2,37148.95,0.3333333333333333,0.7304617071155581,0,1,0.5148862533131845,FP
Airtime/Data,Mobile App,iOS,0,Everyday,Dormant,500k-999k,5.328264442915989,-0.8660254037844386,0.5000000000000001,0,1,70.4,31982.15615384616,0.3076923076923077,0.5136684266148962,0,0,0.3512254829956262,TN
Card Purchase,POS,POS Terminal,0,Everyday,Active,250k-499k,9.32980820977825,-0.8660254037844386,0.5000000000000001,0,23,67.3,30504.635,0.3333333333333333,0.9035550421275494,0,0,0.34253407963031113,TN
Transfer,POS,Android,0,Everyday,Active,100k-249k,9.734629159268565,-0.8660254037844386,0.5000000000000001,0,92,73.7,91950.845,0.5,0.8517465983900419,1,1,0.5068654089662308,TP
Transfer,POS,Android,0,Everyday,Active,250k-499k,12.23996950052816,-0.7071067811865477,0.7071067811865474,0,57,56.1,12944.2025,0.25,1.2927068345406951,1,1,0.6585753325363938,TP
Card Purchase,POS,Android,0,Everyday,Active,100k-249k,8.589532457473963,-0.7071067811865477,0.7071067811865474,0,86,100.0,76954.25555555556,0.3333333333333333,0.7634475297822022,0,0,0.31308208709774055,TN
Card Purchase,Mobile App,POS Terminal,0,Student,Active,Below 100k,8.34946542533524,-0.7071067811865477,0.7071067811865474,0,19,93.0,75926.51416666666,0.25,0.742997985658617,0,0,0.32847854988584385,TN
Transfer,Web,iOS,0,Everyday,Active,250k-499k,11.071329840129811,-0.7071067811865477,0.7071067811865474,0,83,45.0,5748.998,0.2,1.2788942663855394,0,1,0.5308048704603296,FP
Transfer,POS,Android,0,Everyday,Active,250k-499k,6.742479611996382,-0.7071067811865477,0.7071067811865474,0,82,51.0,109064.70333333332,0.3333333333333333,0.5812629863252483,0,0,0.48541509717666986,TN
Bill Payment,Mobile App,iOS,0,Everyday,Active,250k-499k,6.518320987946501,-0.5000000000000004,0.8660254037844384,0,95,52.7,169524.81000000003,0.0,0.541354593555012,0,0,0.3105611329994781,TN
Card Purchase,Web,iOS,0,Everyday,Active,250k-499k,8.93383823713754,-0.5000000000000004,0.8660254037844384,0,23,84.6,44694.11125,0.375,0.8343440215685285,0,0,0.3412636541078721,TN
Transfer,Mobile App,POS Terminal,0,Everyday,Active,100k-249k,6.821325550983749,-0.5000000000000004,0.8660254037844384,0,90,87.1,35452.08666666666,0.1666666666666666,0.6511405069456815,1,0,0.4824122149909343,FN
Transfer,ATM,iOS,0,Everyday,Active,250k-499k,12.602954186671068,-0.5000000000000004,0.8660254037844384,0,20,77.5,35997.84777777778,0.1111111111111111,1.2012833116895756,1,1,0.6554721008979519,TP
Card Purchase,ATM,ATM Terminal,0,Premium,Active,100k-249k,9.888968661686906,-0.5000000000000004,0.8660254037844384,0,68,82.5,38062.78166666666,0.0,0.9376079756473616,0,0,0.36317672565202025,TN
Transfer,Web,Android,0,Premium,Active,1m+,11.34123472032081,-0.5000000000000004,0.8660254037844384,0,83,44.1,7137.956666666666,0.0,1.2781272699401012,0,1,0.5488529742881109,FP
Transfer,Mobile App,iOS,0,Everyday,Active,Below 100k,7.771914470501895,-0.2588190451025215,0.965925826289068,0,62,61.8,58521.762,0.1,0.7080070478994396,0,1,0.5327703448886241,FP
Bill Payment,Mobile App,ATM Terminal,0,SME,Dormant,Below 100k,8.832262292038834,-0.2588190451025215,0.965925826289068,0,39,34.3,39799.75666666666,0.0,0.8338898687098353,0,0,0.34995216637899434,TN
Card Purchase,POS,iOS,0,Everyday,Active,100k-249k,6.561398349353546,-0.2588190451025215,0.965925826289068,0,18,100.0,3226.5475,0.5,0.8121067325615912,0,0,0.33064216319023054,TN
Card Purchase,USSD,Android,0,Everyday,Active,250k-499k,7.0039287224307945,-0.2588190451025215,0.965925826289068,0,77,88.2,23156.882,0.3,0.6969020566182167,0,0,0.32250367990758855,TN
Cash Withdrawal,Mobile App,ATM Terminal,0,Premium,Active,250k-499k,10.045141616762676,-0.2588190451025215,0.965925826289068,0,88,64.1,33134.832,0.1,0.9651022322494706,0,0,0.43270415585784755,TN
Bill Payment,Mobile App,ATM Terminal,0,Student,Active,Below 100k,7.698128983803065,0.0,1.0,1,7,88.8,22488.641428571427,0.2857142857142857,0.768214236776766,0,0,0.48920069196059957,TN
Transfer,POS,Android,0,Everyday,Active,Below 100k,12.453279889755008,0.0,1.0,1,42,57.1,41837.34428571428,0.4285714285714285,1.1702485268022451,0,1,0.6801723843484274,FP
Transfer,Mobile App,Unknown,0,Student,Active,Below 100k,12.98464593261892,0.0,1.0,1,29,54.7,14611.572,0.2,1.354028855403503,0,1,0.5908207220895981,FP
Transfer,Mobile App,Android,0,Premium,Active,500k-999k,6.243273297635956,0.0,1.0,1,84,70.6,19041.66777777778,0.3333333333333333,0.633549439307134,0,1,0.5384455704570998,FP
Airtime/Data,Web,POS Terminal,0,Everyday,Active,Below 100k,9.32276150272296,0.0,1.0,1,42,59.0,40233.54,0.0,0.8792999870765064,1,1,0.5134845365741454,TP
Cash Withdrawal,ATM,Android,0,SME,Active,100k-249k,7.545104296611836,0.0,1.0,1,52,68.3,57278.01857142857,0.2857142857142857,0.6886927729359886,1,1,0.5228897640670022,TP
Transfer,Mobile App,Android,1,Everyday,Active,500k-999k,10.123460482739304,0.2588190451025207,0.9659258262890684,1,12,63.9,26019.271818181816,0.1818181818181818,0.9957536852729956,0,1,0.7234554615258656,FP
Transfer,USSD,Web Browser,1,Everyday,Active,500k-999k,7.76926453456662,0.2588190451025207,0.9659258262890684,1,90,100.0,171893.92285714284,0.1428571428571428,0.6445041412359489,0,1,0.5578765106636225,FP
Bill Payment,Mobile App,ATM Terminal,0,Everyday,Active,250k-499k,11.32682838986828,0.2588190451025207,0.9659258262890684,1,15,94.2,99571.34285714288,0.4285714285714285,0.9842021874552798,0,1,0.5204417953688072,FP
Transfer,Mobile App,ATM Terminal,0,Everyday,Active,Below 100k,12.172198127971829,0.2588190451025207,0.9659258262890684,1,51,39.2,16102.25,0.1666666666666666,1.2565788279750052,0,1,0.6868388264192393,FP
Bill Payment,Mobile App,Web Browser,0,Everyday,Active,250k-499k,9.369300325826629,0.2588190451025207,0.9659258262890684,1,23,78.0,31930.540000000005,0.1666666666666666,0.9033829505244918,0,1,0.5615714534172314,FP
Airtime/Data,POS,POS Terminal,0,Everyday,Dormant,500k-999k,5.702381493740573,0.4999999999999999,0.8660254037844387,1,19,77.7,59240.14111111112,0.2222222222222222,0.5188996911977144,1,0,0.4460405208131277,FN
Transfer,POS,Android,0,SME,Dormant,Below 100k,11.538724879463484,0.4999999999999999,0.8660254037844387,1,30,68.8,100806.37,0.125,1.0015413752011806,0,1,0.5310287882198821,FP
Transfer,Mobile App,POS Terminal,1,Everyday,Active,100k-249k,9.753938850679274,0.4999999999999999,0.8660254037844387,1,39,71.6,83024.29750000002,0.125,0.861130433622669,0,1,0.6761360991524819,FP
Transfer,Mobile App,Android,0,Everyday,Active,Below 100k,10.374733222629688,0.4999999999999999,0.8660254037844387,1,64,53.8,28907.64,0.1666666666666666,1.0100115337383175,0,1,0.575146269194302,FP
Transfer,Mobile App,Web Browser,0,Everyday,Active,250k-499k,11.098356391240776,0.4999999999999999,0.8660254037844387,1,91,79.8,21853.38666666667,0.1666666666666666,1.1107067727603113,1,1,0.6264917548321661,TP
Cash Withdrawal,Mobile App,Android,0,Premium,Active,100k-249k,9.206616446765684,0.4999999999999999,0.8660254037844387,1,96,78.3,12609.107142857143,0.2857142857142857,0.9750443611586446,0,1,0.554770812611913,FP
Transfer,ATM,iOS,0,Everyday,Active,250k-499k,6.269153100273988,0.7071067811865476,0.7071067811865476,1,41,73.2,82944.73833333333,0.3333333333333333,0.5535215654186344,0,1,0.5029335269582457,FP
Card Purchase,POS,POS Terminal,0,Premium,Active,100k-249k,8.03368761980518,0.7071067811865476,0.7071067811865476,1,81,80.0,7075.5233333333335,0.0,0.9062725670997098,0,0,0.43978923661856006,TN
Card Purchase,Mobile App,iOS,0,Student,Active,250k-499k,8.349957272040324,0.7071067811865476,0.7071067811865476,1,56,93.2,99402.85285714285,0.1428571428571428,0.7256449418458749,0,0,0.46813261531774636,TN
Airtime/Data,USSD,POS Terminal,0,SME,Active,100k-249k,6.886490783677413,0.7071067811865476,0.7071067811865476,1,51,82.1,33676.54,0.3333333333333333,0.660600862491629,0,1,0.5281833893006483,FP
Card Purchase,ATM,iOS,0,Student,Active,500k-999k,11.019998696691996,0.7071067811865476,0.7071067811865476,1,95,54.1,57559.29916666666,0.0833333333333333,1.0054203603206415,0,0,0.4548327540308588,TN
Transfer,Mobile App,Android,0,Everyday,Active,100k-249k,8.475608406044998,0.7071067811865476,0.7071067811865476,1,60,66.7,83358.4325,0.25,0.7480072768414094,1,1,0.6057089906150503,TP
Transfer,Mobile App,iOS,0,Premium,Active,250k-499k,9.046816231540785,0.8660254037844386,0.5000000000000001,1,33,48.3,52992.91625,0.375,0.8316668922330902,0,1,0.6167011767782942,FP
Bill Payment,Web,Android,0,Student,Active,100k-249k,6.542443141647741,0.8660254037844386,0.5000000000000001,1,35,93.1,2363.268,0.2,0.8422058067882833,0,0,0.48714158290672743,TN
Transfer,Web,iOS,0,Premium,Active,Below 100k,11.09097344151253,0.8660254037844386,0.5000000000000001,1,44,56.1,4302.673333333333,0.3333333333333333,1.325526025794098,0,1,0.6446658867846394,FP
Transfer,Web,ATM Terminal,1,Everyday,Active,500k-999k,7.680434267497811,0.8660254037844386,0.5000000000000001,1,89,49.2,67927.04375,0.0,0.690301391134072,1,1,0.5675467069506256,TP
Airtime/Data,ATM,Android,0,Premium,Active,100k-249k,6.067985676682392,0.8660254037844386,0.5000000000000001,1,72,55.7,111259.4425,0.0,0.522218535973541,0,0,0.46605207407358923,TN
Transfer,Mobile App,Android,0,Everyday,Active,100k-249k,10.206658549868957,0.9659258262890684,0.2588190451025207,0,11,78.6,3775.9725,0.5,1.2391717265264397,0,1,0.595078569985963,FP
Transfer,Mobile App,iOS,0,Student,Active,250k-499k,12.905129504491272,0.9659258262890684,0.2588190451025207,0,63,75.9,159287.08666666667,0.0,1.077360449166823,0,1,0.674638461191294,FP
Deposit,POS,Web Browser,0,Everyday,Active,250k-499k,9.594713942500062,0.9659258262890684,0.2588190451025207,0,66,76.1,88615.02500000001,0.1666666666666666,0.8422275877831045,0,0,0.4150581330917868,TN
Transfer,POS,Web Browser,0,Everyday,Active,100k-249k,8.440279749147265,0.9659258262890684,0.2588190451025207,0,20,71.1,45482.99285714286,0.1428571428571428,0.7869639783443981,0,1,0.5792963210489256,FP
Transfer,POS,POS Terminal,0,Everyday,Active,500k-999k,6.462452067174364,0.9659258262890684,0.2588190451025207,0,26,66.0,135135.4775,0.0,0.547014552048087,0,0,0.4817544886225039,TN
Transfer,USSD,Android,0,Everyday,Active,Below 100k,11.570645448877965,0.9659258262890684,0.2588190451025207,0,79,81.0,138416.66999999998,0.0,0.9774130056905084,0,1,0.5389430055845594,FP
Bill Payment,Mobile App,Android,0,SME,Active,250k-499k,7.599491464556686,1.0,6.123233995736766e-17,0,78,73.7,82848.01833333333,0.3333333333333333,0.6710500957195544,0,0,0.31226228676992346,TN
Airtime/Data,Mobile App,Web Browser,0,Everyday,Active,100k-249k,9.383293178766037,1.0,6.123233995736766e-17,0,33,73.2,59955.035,0.25,0.8529206715914621,0,0,0.3500698407372793,TN
Cash Withdrawal,POS,Android,0,Premium,Active,100k-249k,8.466482884952935,1.0,6.123233995736766e-17,0,47,80.4,49597.5825,0.25,0.783083988143614,0,0,0.43959397491040686,TN
Transfer,USSD,iOS,0,Everyday,Active,Below 100k,6.419555092019732,1.0,6.123233995736766e-17,0,36,76.6,74818.09,0.5,0.5720086679135066,0,0,0.47889827103839055,TN
Transfer,Mobile App,iOS,0,Everyday,Active,1m+,9.603707932276608,1.0,6.123233995736766e-17,0,73,81.6,59190.886,0.4,0.8739749002312293,1,0,0.4606971990481467,FN
Card Purchase,Mobile App,Android,0,Premium,Active,250k-499k,11.499782169025089,0.9659258262890684,-0.2588190451025206,0,57,65.4,19797.421111111107,0.2222222222222222,1.1623740678520935,0,0,0.3271172966502703,TN
Bill Payment,Mobile App,Web Browser,0,Everyday,Active,100k-249k,7.331040658660218,0.9659258262890684,-0.2588190451025206,0,7,70.6,70676.68166666667,0.0,0.656557055376712,0,0,0.3736609027680664,TN
Cash Withdrawal,POS,ATM Terminal,0,Student,Active,100k-249k,7.758047224049592,0.9659258262890684,-0.2588190451025206,0,57,79.5,14918.495,0.5,0.8072533743631972,0,0,0.4615709334071033,TN
Cash Withdrawal,POS,Android,0,Premium,Active,250k-499k,7.928395215311287,0.9659258262890684,-0.2588190451025206,0,70,44.0,37241.98333333333,0.1666666666666666,0.7532760445609369,0,0,0.45372461387247615,TN
Airtime/Data,POS,Android,0,Everyday,Active,100k-249k,8.895104831921312,0.9659258262890684,-0.2588190451025206,0,30,68.5,100133.664,0.2,0.7725286888018209,0,0,0.3572468663096514,TN
Transfer,Mobile App,Web Browser,0,SME,Active,250k-499k,8.713951698785735,0.9659258262890684,-0.2588190451025206,0,88,67.7,15042.093333333332,0.1666666666666666,0.9059410343043668,0,0,0.44636419746328654,TN
Transfer,Mobile App,Android,0,Premium,Active,1m+,7.956785089683119,0.8660254037844387,-0.4999999999999998,0,89,68.6,16187.837142857144,0.2857142857142857,0.8209576657660459,0,0,0.4796497636986889,TN
Deposit,Mobile App,iOS,0,Premium,Active,250k-499k,9.120148670383944,0.8660254037844387,-0.4999999999999998,0,71,50.0,23703.357,0.1,0.9053681834856588,0,0,0.32890521979281834,TN
Transfer,Mobile App,Web Browser,1,Everyday,Active,100k-249k,8.317443849155618,0.8660254037844387,-0.4999999999999998,0,51,61.6,43895.82545454545,0.1818181818181818,0.7780876705353879,0,1,0.5619571327759707,FP
Card Purchase,USSD,Android,0,Everyday,Active,500k-999k,9.182389356552452,0.8660254037844387,-0.4999999999999998,0,15,67.4,28065.640000000003,0.4,0.8965131093733028,0,0,0.32968434299161803,TN
Card Purchase,Mobile App,ATM Terminal,0,SME,Active,1m+,6.55812687831137,0.8660254037844387,-0.4999999999999998,0,18,76.8,22185.166666666668,0.3333333333333333,0.6553392543365502,0,0,0.3513337806750439,TN
Card Purchase,Mobile App,ATM Terminal,0,SME,Dormant,250k-499k,8.958165716663217,0.7071067811865476,-0.7071067811865475,0,21,41.8,21845.78333333333,0.0,0.8965509388874751,0,0,0.36145572936832676,TN
Transfer,POS,POS Terminal,0,Student,Active,1m+,8.335481848403978,0.7071067811865476,-0.7071067811865475,0,21,60.0,93998.87333333334,0.0,0.7279230100913854,0,1,0.5054172287293248,FP
Airtime/Data,Mobile App,iOS,0,Everyday,Restricted,100k-249k,10.40113978697173,0.7071067811865476,-0.7071067811865475,0,55,89.7,5887.653333333333,0.0,1.1981799624518086,0,0,0.3364647554718313,TN
Transfer,USSD,iOS,0,SME,Active,500k-999k,9.084084165178831,0.7071067811865476,-0.7071067811865475,0,28,56.7,72104.995,0.25,0.8121018676861318,0,1,0.5232390899395916,FP
Card Purchase,Mobile App,ATM Terminal,0,Student,Active,Below 100k,6.345285422063808,0.7071067811865476,-0.7071067811865475,0,1,67.4,24429.653,0.1,0.6280226114645691,0,0,0.35519858546980776,TN
Transfer,POS,ATM Terminal,0,Everyday,Active,250k-499k,12.565387840935475,0.7071067811865476,-0.7071067811865475,0,69,66.5,20281.08142857143,0.1428571428571428,1.2669923468287851,0,1,0.6484833261738642,FP
Deposit,POS,iOS,0,Premium,Active,250k-499k,13.049396132834968,0.4999999999999999,-0.8660254037844387,0,28,55.4,22869.16083333333,0.5,1.3000529327837536,0,1,0.5302502125957294,FP
Transfer,Mobile App,Android,0,Student,Active,250k-499k,7.408997124706269,0.4999999999999999,-0.8660254037844387,0,9,65.6,6383.711428571428,0.0,0.8456155334949492,1,0,0.4909016950199644,FN
Bill Payment,Mobile App,iOS,0,Everyday,Active,100k-249k,10.54031064757802,0.4999999999999999,-0.8660254037844387,0,80,100.0,115366.12555555555,0.2222222222222222,0.9042916899883372,0,0,0.3190318486073256,TN
Transfer,Mobile App,Android,0,Everyday,Active,100k-249k,12.077875628363769,0.4999999999999999,-0.8660254037844387,0,74,37.7,68543.33571428571,0.1428571428571428,1.0846537578915063,1,1,0.6366573196253794,TP
Card Purchase,Web,Android,0,Everyday,Active,250k-499k,7.978849049279974,0.4999999999999999,-0.8660254037844387,0,87,89.3,49744.97857142857,0.0,0.7377791510524798,0,0,0.3129426448661331,TN
Bill Payment,Web,Android,0,Everyday,Active,1m+,7.060553616234809,0.258819045102521,-0.9659258262890682,0,70,52.2,37112.60285714286,0.1428571428571428,0.6710443707837289,0,0,0.3226945389521294,TN
Transfer,POS,Android,0,SME,Active,1m+,11.645979568710532,0.258819045102521,-0.9659258262890682,0,7,89.8,82667.068,0.6,1.0285615674714488,0,0,0.4904011313317979,TN
Card Purchase,Mobile App,POS Terminal,0,Premium,Active,100k-249k,5.887630643362769,0.258819045102521,-0.9659258262890682,0,51,72.1,10591.088,0.2,0.635273838874825,0,0,0.29236400240411586,TN
Cash Withdrawal,Mobile App,iOS,0,Premium,Active,250k-499k,10.32782217298553,0.258819045102521,-0.9659258262890682,0,6,82.6,33302.53142857143,0.4285714285714285,0.9917801685907416,0,0,0.42703418773266066,TN
Transfer,Mobile App,POS Terminal,0,Everyday,Active,100k-249k,8.541052285995258,0.258819045102521,-0.9659258262890682,0,82,77.7,45069.84333333333,0.0,0.7970380363112056,1,0,0.46582896746195784,FN
Airtime/Data,POS,Web Browser,0,Student,Dormant,100k-249k,8.309489824589905,0.258819045102521,-0.9659258262890682,0,32,66.4,5559.05,0.2,0.9636020682433988,0,0,0.3428917694103729,TN
Transfer,POS,Android,0,SME,Active,100k-249k,11.58066962380662,1.2246467991473532e-16,-1.0,0,92,62.5,81188.1188888889,0.1111111111111111,1.0244267520514223,0,0,0.47039925944984884,TN
Bill Payment,Mobile App,Web Browser,0,SME,Active,250k-499k,10.6055508659845,1.2246467991473532e-16,-1.0,0,6,52.3,92113.64833333332,0.3333333333333333,0.9278056507611744,0,0,0.3373581465098886,TN
Deposit,Mobile App,iOS,0,Student,Active,250k-499k,13.448796273782584,1.2246467991473532e-16,-1.0,0,83,66.9,5580.6900000000005,0.1428571428571428,1.5588746289139657,0,0,0.4656391215311652,TN
Card Purchase,Mobile App,iOS,0,Student,Active,Below 100k,9.799314664702443,1.2246467991473532e-16,-1.0,0,13,60.8,101394.53166666666,0.8333333333333334,0.8501342965489668,0,0,0.3100702865596956,TN
Transfer,Mobile App,iOS,0,Premium,Active,Below 100k,7.735136105528982,1.2246467991473532e-16,-1.0,0,81,72.6,45999.24428571429,0.1428571428571428,0.7204588758509396,0,0,0.4743380063802081,TN
Transfer,ATM,POS Terminal,0,Student,Active,500k-999k,8.093071119488798,1.2246467991473532e-16,-1.0,0,45,83.9,9147.726666666667,0.1111111111111111,0.8872648660772564,1,1,0.5012308032304518,TP
Airtime/Data,Mobile App,Android,0,Everyday,Active,250k-499k,7.31630894591165,-0.2588190451025208,-0.9659258262890684,0,4,34.2,60364.38285714285,0.2857142857142857,0.6646252940063815,0,0,0.35008729682802864,TN
Bill Payment,POS,iOS,0,SME,Dormant,250k-499k,10.710097114822457,-0.2588190451025208,-0.9659258262890684,0,20,74.7,14207.01,0.5,1.120120127399109,0,0,0.3357580806025132,TN
Card Purchase,Mobile App,Android,0,Premium,Active,250k-499k,8.050846866073849,-0.2588190451025208,-0.9659258262890684,0,64,82.1,24147.6,0.2,0.7977468763081984,1,0,0.32825174284630926,FN
Transfer,USSD,Android,0,Student,Restricted,250k-499k,10.896510595686028,-0.2588190451025208,-0.9659258262890684,0,92,60.1,12968.0425,0.0,1.150595764185976,0,0,0.4962520886449669,TN
Transfer,Mobile App,Android,0,SME,Dormant,250k-499k,6.522783735888291,-0.2588190451025208,-0.9659258262890684,0,21,41.8,18326.86,0.0,0.6644932489313585,0,1,0.5053547692775608,FP
Bill Payment,POS,POS Terminal,0,SME,Active,500k-999k,8.493396277567955,-0.4999999999999997,-0.8660254037844388,0,83,57.2,3031.55,0.0,1.0594022322861194,0,0,0.31522167594102973,TN
Airtime/Data,USSD,Android,0,Everyday,Active,250k-499k,5.646718174034524,-0.4999999999999997,-0.8660254037844388,0,2,91.7,153268.492,0.4,0.472926330341271,0,0,0.3151351809075238,TN
Transfer,USSD,ATM Terminal,0,Premium,Active,Below 100k,12.598270903543424,-0.4999999999999997,-0.8660254037844388,0,44,56.1,19620.8925,0.25,1.274560862743861,0,1,0.5938542505909459,FP
Bill Payment,POS,Web Browser,0,Everyday,Active,500k-999k,10.407914649319098,-0.4999999999999997,-0.8660254037844388,0,54,95.7,98104.28166666666,0.0,0.905524529171696,0,0,0.3144547354589248,TN
Transfer,Mobile App,Android,0,Premium,Active,250k-499k,7.159151926105204,-0.4999999999999997,-0.8660254037844388,0,49,43.9,24979.35,0.0,0.7070177423407178,0,1,0.520066828633835,FP
Deposit,Mobile App,Android,0,Premium,Active,Below 100k,9.54038772746564,-0.4999999999999997,-0.8660254037844388,0,65,100.0,49093.743333333325,0.3333333333333333,0.8832459682475005,0,0,0.31969930652887896,TN
Card Purchase,POS,Android,1,SME,Active,100k-249k,6.221305619869913,-0.7071067811865471,-0.7071067811865479,0,93,87.8,46350.163,0.2,0.5790492048840505,0,0,0.44180740022077847,TN
Bill Payment,POS,iOS,0,Premium,Active,Below 100k,10.170151406660231,-0.7071067811865471,-0.7071067811865479,0,16,73.0,57546.59199999999,0.2,0.9279024029449608,0,0,0.3273133571541224,TN
Airtime/Data,Mobile App,iOS,0,Everyday,Dormant,Below 100k,5.797485302756558,-0.7071067811865471,-0.7071067811865479,0,73,67.8,19863.404,0.2,0.5858007503355752,0,0,0.33788181124243344,TN
Cash Withdrawal,USSD,Web Browser,0,Everyday,Active,Below 100k,11.348865701939106,-0.7071067811865471,-0.7071067811865479,0,66,72.9,34023.588,0.2,1.0875937815500754,0,0,0.4227354108830708,TN
Airtime/Data,ATM,iOS,0,Everyday,Active,500k-999k,5.071479499645555,-0.7071067811865471,-0.7071067811865479,0,50,93.5,51295.80666666667,0.3333333333333333,0.4676164165371829,0,0,0.3105735871250195,TN
Transfer,Mobile App,POS Terminal,0,Student,Active,Below 100k,10.112131287765466,-0.8660254037844385,-0.5000000000000004,0,54,68.0,40246.19,0.0,0.9537231307989958,0,0,0.47471570921402206,TN
Airtime/Data,Mobile App,iOS,1,Premium,Active,1m+,8.385130434104447,-0.8660254037844385,-0.5000000000000004,0,71,65.3,70266.367,0.2,0.7513515473986766,0,0,0.4625381841074321,TN
Deposit,Mobile App,iOS,0,Everyday,Active,500k-999k,9.098120831340752,-0.8660254037844385,-0.5000000000000004,0,43,89.9,42870.736,0.2,0.8530046954841555,0,0,0.3135412815416613,TN
Transfer,Mobile App,Web Browser,0,Student,Active,250k-499k,7.332271097781102,-0.8660254037844385,-0.5000000000000004,0,13,87.8,33753.33,0.25,0.7032096236005266,1,1,0.5085954748671994,TP
Card Purchase,POS,iOS,0,Everyday,Active,250k-499k,7.775716740459006,-0.8660254037844385,-0.5000000000000004,0,87,63.5,38799.535,0.0,0.7359054914932046,0,0,0.3131956258516949,TN
Airtime/Data,Mobile App,iOS,0,Everyday,Active,100k-249k,7.685041381647115,-0.8660254037844385,-0.5000000000000004,0,33,43.5,70589.13750000001,0.25,0.6883372366291133,0,0,0.35414977124745617,TN
Transfer,Web,iOS,0,SME,Active,250k-499k,12.806863609038652,-0.9659258262890684,-0.2588190451025206,0,58,66.4,19223.38833333333,0.3333333333333333,1.2983523956766565,1,1,0.698134350836548,TP
Card Purchase,ATM,Android,0,Everyday,Active,250k-499k,8.563028518159724,-0.9659258262890684,-0.2588190451025206,0,94,66.3,4939.836666666667,0.0,1.0067885465230983,0,0,0.3465080942904389,TN
Bill Payment,POS,Android,0,Everyday,Active,Below 100k,7.2187485224682595,-0.9659258262890684,-0.2588190451025206,0,11,74.4,117956.94833333336,0.25,0.6181449671163087,1,0,0.3557505057139794,FN
Transfer,ATM,Web Browser,0,Student,Active,500k-999k,6.392369272459815,-0.9659258262890684,-0.2588190451025206,0,8,84.2,40009.85888888888,0.2222222222222222,0.6032297701640317,0,1,0.5186383701807551,FP
Bill Payment,Web,Android,0,Student,Active,500k-999k,6.260116693652957,-0.9659258262890684,-0.2588190451025206,0,87,64.2,13035.54,0.0,0.6606626690492805,0,0,0.3388112035777558,TN
Card Purchase,POS,Web Browser,0,Premium,Active,1m+,8.369857238500993,-1.0,-1.8369701987210292e-16,0,63,83.8,19031.586,0.0,0.8493947145550722,0,0,0.3344503672935883,TN
Transfer,Mobile App,POS Terminal,0,Everyday,Active,250k-499k,8.230486642986135,-1.0,-1.8369701987210292e-16,0,64,41.9,37769.59666666667,0.0,0.7809339718729391,1,0,0.4773223572505302,FN
Cash Withdrawal,Mobile App,iOS,0,Premium,Dormant,250k-499k,7.54370757444883,-1.0,-1.8369701987210292e-16,0,78,47.9,30905.035,0.0,0.7296567893784255,1,0,0.46570931520676623,FN
Card Purchase,POS,Android,0,Everyday,Active,250k-499k,6.806287178039654,-1.0,-1.8369701987210292e-16,0,4,40.4,38491.558,0.0,0.6446434197476437,0,0,0.31167831785699374,TN
Deposit,Mobile App,Android,0,Everyday,Active,250k-499k,9.200118304205883,-1.0,-1.8369701987210292e-16,0,95,52.7,127312.7175,0.0,0.7826950623103484,0,0,0.31854739736591386,TN
Bill Payment,Mobile App,ATM Terminal,0,Student,Active,500k-999k,9.852645209086496,-1.0,-1.8369701987210292e-16,0,11,68.1,152239.08142857143,0.0,0.8256489139195766,0,0,0.33730065665977516,TN
Card Purchase,Mobile App,Android,0,SME,Active,100k-249k,9.60334145922464,-0.9659258262890684,0.2588190451025203,0,95,40.7,55700.251,0.2,0.8788025466935897,0,0,0.33988431541910447,TN
Cash Withdrawal,Mobile App,Android,0,Everyday,Active,100k-249k,7.349867277982467,-0.9659258262890684,0.2588190451025203,0,19,68.6,46180.28571428572,0.1428571428571428,0.6843241622993361,1,0,0.4847375927310217,FN
Bill Payment,ATM,iOS,0,Student,Active,1m+,6.973346370972599,-0.9659258262890684,0.2588190451025203,0,86,79.7,30584.156666666662,0.0,0.6751707989340332,0,0,0.37099914619028385,TN
Airtime/Data,Mobile App,Android,0,Student,Active,250k-499k,10.25057397316145,-0.9659258262890684,0.2588190451025203,0,7,49.4,44178.024,0.0,0.9583553489289276,0,0,0.38361304638394134,TN
Bill Payment,Web,POS Terminal,0,Premium,Active,500k-999k,6.5925923771403445,-0.9659258262890684,0.2588190451025203,0,56,58.5,22557.503,0.3,0.6576895073432347,0,0,0.369397397157934,TN
Card Purchase,POS,iOS,0,Everyday,Dormant,100k-249k,6.976889473815807,-0.8660254037844386,0.5000000000000001,0,56,57.7,65927.06899999999,0.5,0.6287570787935238,0,0,0.3221872066990646,TN
Card Purchase,ATM,ATM Terminal,0,Premium,Active,500k-999k,7.738074093441325,-0.8660254037844386,0.5000000000000001,0,81,60.9,5833.83,0.0,0.8923467096949167,0,0,0.384619358745238,TN
Deposit,ATM,POS Terminal,0,Premium,Active,1m+,8.415505921124707,-0.8660254037844386,0.5000000000000001,0,83,69.4,65391.914,0.4,0.7589626188301701,1,0,0.32264410385610254,FN
Deposit,Mobile App,Android,0,Premium,Active,Below 100k,8.813209437957969,-0.8660254037844386,0.5000000000000001,0,94,80.6,26807.3825,0.0,0.8643392788485535,0,0,0.3210687377397656,TN
Transfer,Mobile App,Android,0,Everyday,Active,500k-999k,11.164999848082804,-0.8660254037844386,0.5000000000000001,0,90,81.1,21374.972857142857,0.4285714285714285,1.119857001805813,0,1,0.5087301718816691,FP
Bill Payment,Mobile App,POS Terminal,0,Everyday,Active,Below 100k,6.719230522063542,-0.8660254037844386,0.5000000000000001,0,38,63.2,115469.29,0.2857142857142857,0.576423088037424,0,0,0.34415494223986576,TN
Card Purchase,Web,iOS,0,Everyday,Active,250k-499k,7.957345376564652,-0.7071067811865477,0.7071067811865474,0,83,45.0,15507.491666666669,0.1666666666666666,0.8246686130180242,0,0,0.35382551584518146,TN
Transfer,ATM,Android,0,Everyday,Active,100k-249k,10.37586336592692,-0.7071067811865477,0.7071067811865474,0,82,77.7,39362.68428571429,0.1428571428571428,0.9806499058687485,0,1,0.5063012512034661,FP
Cash Withdrawal,ATM,iOS,0,SME,Active,500k-999k,7.178194544998912,-0.7071067811865477,0.7071067811865474,0,65,64.6,17771.446666666667,0.0,0.7335613437248066,0,0,0.46024872097729597,TN
Transfer,POS,Web Browser,0,Student,Active,Below 100k,6.51739058359657,-0.7071067811865477,0.7071067811865474,0,65,50.3,34788.455,0.25,0.6232520994193969,0,0,0.4702941176780544,TN
Bill Payment,Mobile App,iOS,0,Everyday,Dormant,100k-249k,8.85631904693158,-0.7071067811865477,0.7071067811865474,0,69,81.8,49309.95,0.0,0.8195816972872867,0,0,0.3411351984518589,TN
Transfer,Mobile App,POS Terminal,0,Everyday,Active,500k-999k,12.335574304674063,-0.7071067811865477,0.7071067811865474,0,19,18.0,11353.22,0.25,1.3211008720115196,0,1,0.6152566352124029,FP
Transfer,ATM,POS Terminal,0,Everyday,Active,Below 100k,9.240195246888742,-0.5000000000000004,0.8660254037844384,0,56,77.6,45722.62,0.0,0.8611254779765578,1,1,0.5248040194671013,TP
Transfer,Web,Web Browser,0,SME,Active,100k-249k,8.980891986902348,-0.5000000000000004,0.8660254037844384,0,36,57.5,97692.99375,0.25,0.781654332093943,0,1,0.5180406358184839,FP
Card Purchase,Mobile App,Web Browser,0,SME,Active,100k-249k,5.771877165121539,-0.5000000000000004,0.8660254037844384,0,69,83.6,25751.186666666665,0.0,0.5683065165642531,0,0,0.2860469087701658,TN
Transfer,Mobile App,Android,0,Everyday,Active,Below 100k,11.198813855681466,-0.5000000000000004,0.8660254037844384,0,60,77.8,63015.36,0.375,1.0133618859666464,0,1,0.524950274964572,FP
Deposit,POS,ATM Terminal,0,SME,Active,500k-999k,7.983030702285808,-0.5000000000000004,0.8660254037844384,0,83,57.2,3494.0175,0.0,0.978421260152121,0,0,0.3352083958968215,TN
Transfer,Web,iOS,0,Everyday,Active,100k-249k,10.966054959754686,-0.2588190451025215,0.965925826289068,0,77,50.4,45773.9,0.25,1.021857519218026,0,1,0.5246484333487964,FP
Deposit,Mobile App,POS Terminal,0,Everyday,Dormant,500k-999k,9.19094957986425,-0.2588190451025215,0.965925826289068,0,19,77.7,53345.985,0.3,0.8444015027604074,0,0,0.34925659688403393,TN
Card Purchase,POS,POS Terminal,0,Everyday,Active,500k-999k,5.994061172955248,-0.2588190451025215,0.965925826289068,0,85,95.3,52569.14749999999,0.0,0.5514364559807513,0,0,0.2731131244451658,TN
Airtime/Data,Mobile App,Android,0,SME,Active,500k-999k,6.644245358501341,-0.2588190451025215,0.965925826289068,0,96,30.9,63524.176,0.2,0.6007894258084596,0,0,0.32582893809871344,TN
Transfer,POS,POS Terminal,0,Everyday,Active,100k-249k,10.701220398635067,-0.2588190451025215,0.965925826289068,0,81,48.5,25891.135,0.0,1.0530940841837613,0,1,0.5089765481647173,FP
Transfer,Mobile App,Web Browser,0,Everyday,Active,500k-999k,11.44116165082229,-0.2588190451025215,0.965925826289068,0,33,71.1,65225.880000000005,0.0,1.0320716834583208,0,1,0.5274160821402165,FP
Cash Withdrawal,Web,iOS,0,Student,Active,100k-249k,10.416916983452143,0.0,1.0,1,30,76.5,7034.5625,0.25,1.175892429895241,0,1,0.5664846586075784,FP
Bill Payment,Web,Android,0,Premium,Dormant,Below 100k,9.98208013235925,0.0,1.0,1,51,62.4,7290.78125,0.5,1.1222751826517845,0,0,0.46835202725493397,TN
Card Purchase,ATM,Web Browser,0,Everyday,Active,500k-999k,7.213643116188202,0.0,1.0,1,15,98.0,71412.39,0.0,0.645444504276715,1,1,0.5266041487900892,TP
Transfer,Mobile App,POS Terminal,0,SME,Active,100k-249k,12.780610064414937,0.0,1.0,1,3,63.1,30269.222222222223,0.1111111111111111,1.238680895214766,1,1,0.6165333166900293,TP
Card Purchase,Web,iOS,0,Student,Active,100k-249k,7.156090830367153,0.0,1.0,1,77,84.9,80103.379,0.2,0.6337823444674578,0,1,0.5139754213233594,FP
Transfer,Mobile App,iOS,0,Everyday,Active,100k-249k,7.372319139477508,0.2588190451025207,0.9659258262890684,1,69,68.6,14412.35125,0.25,0.769881814404232,0,1,0.6216729259664893,FP
Card Purchase,Mobile App,iOS,0,Everyday,Active,Below 100k,7.30248294654756,0.2588190451025207,0.9659258262890684,1,17,68.0,89020.385,0.0,0.6407579897414064,0,0,0.4853738540590326,TN
Card Purchase,Mobile App,Web Browser,0,Everyday,Active,250k-499k,11.921957736512338,0.2588190451025207,0.9659258262890684,1,18,56.9,51548.52166666667,0.0,1.098767748622957,0,1,0.512464905638472,FP
Bill Payment,ATM,Android,0,Everyday,Active,Below 100k,6.560167492904158,0.2588190451025207,0.9659258262890684,1,71,52.7,18809.664285714283,0.0,0.6665360724266163,0,0,0.4549425504420674,TN
Airtime/Data,Mobile App,Android,0,Everyday,Active,250k-499k,9.411911298472392,0.2588190451025207,0.9659258262890684,1,33,52.5,9753.92,0.4545454545454545,1.024645754684227,0,1,0.5511760795516027,FP
Transfer,Mobile App,Android,0,Everyday,Active,1m+,6.931784256781499,0.2588190451025207,0.9659258262890684,1,4,68.7,78563.67454545455,0.2727272727272727,0.6149736178258585,1,1,0.5325806195082937,TP
Bill Payment,Mobile App,Android,0,Everyday,Active,Below 100k,10.311784979173993,0.4999999999999999,0.8660254037844387,1,3,84.2,100616.265,0.25,0.8951917815544801,0,0,0.47630402991667353,TN
Transfer,Mobile App,Web Browser,0,Everyday,Active,500k-999k,8.099338650262137,0.4999999999999999,0.8660254037844387,1,50,70.5,7410.264999999999,0.1,0.908939518649608,0,1,0.6359207799199527,FP
Transfer,ATM,iOS,0,Everyday,Active,100k-249k,11.157399860288017,0.4999999999999999,0.8660254037844387,1,6,57.8,23689.88,0.125,1.1076711067884142,0,1,0.6388628188368206,FP
Cash Withdrawal,Web,POS Terminal,0,SME,Active,100k-249k,7.1790716610975975,0.4999999999999999,0.8660254037844387,1,88,70.5,49142.10833333334,0.0,0.6645755190936465,1,1,0.5255362554723096,TP
Bill Payment,Mobile App,iOS,0,Premium,Active,500k-999k,7.987741847527049,0.4999999999999999,0.8660254037844387,1,84,45.0,21737.46625,0.375,0.7998268682064982,1,1,0.503279027667935,TP
Airtime/Data,POS,Web Browser,0,Student,Active,500k-999k,7.49318360964329,0.7071067811865476,0.7071067811865476,1,88,47.4,41306.84444444444,0.1111111111111111,0.7049881625314746,0,0,0.45482016348159393,TN
Bill Payment,Web,Web Browser,0,Premium,Active,500k-999k,6.325934781058522,0.7071067811865476,0.7071067811865476,1,84,70.6,17188.855000000003,0.3,0.6486757945903346,0,0,0.45842434569962887,TN
Transfer,POS,iOS,0,Student,Active,500k-999k,7.445394191942753,0.7071067811865476,0.7071067811865476,1,69,93.2,48452.91444444444,0.3333333333333333,0.6901316223811552,0,1,0.5826081996192164,FP
Transfer,Web,POS Terminal,0,Everyday,Dormant,100k-249k,7.363476143421344,0.7071067811865476,0.7071067811865476,1,90,82.5,68534.878,0.2,0.6612843868328419,1,1,0.5508978300720432,TP
Bill Payment,Mobile App,POS Terminal,0,Everyday,Active,500k-999k,8.765383634020123,0.7071067811865476,0.7071067811865476,1,61,100.0,6573.119999999999,0.0,0.997097864228896,0,1,0.5007351666241496,FP
Card Purchase,Web,iOS,0,Everyday,Active,1m+,6.557105007347188,0.7071067811865476,0.7071067811865476,1,71,79.8,219372.0,0.6666666666666666,0.5331617413148513,0,0,0.406948006012494,TN
Transfer,Mobile App,ATM Terminal,1,SME,Active,100k-249k,12.8617066742239,0.8660254037844386,0.5000000000000001,1,77,89.4,26403.599999999995,0.0,1.263268429844529,1,1,0.6157941523997242,TP
Card Purchase,ATM,POS Terminal,0,Student,Active,Below 100k,11.37742149953112,0.8660254037844386,0.5000000000000001,1,48,58.4,118620.43875,0.0,0.973786453685038,0,0,0.4111861824618426,TN
Airtime/Data,USSD,Android,0,SME,Active,500k-999k,6.001810839162126,0.8660254037844386,0.5000000000000001,1,86,48.8,5915.96,0.8,0.6910087943685176,0,0,0.46942636737429655,TN
Bill Payment,Mobile App,iOS,1,Premium,Active,500k-999k,7.456107874638849,0.8660254037844386,0.5000000000000001,1,57,40.7,100023.72,0.0,0.6476153977181804,0,0,0.42737042138134107,TN
Card Purchase,Mobile App,iOS,0,Student,Active,500k-999k,11.764417299735896,0.8660254037844386,0.5000000000000001,1,88,28.9,48140.32625,0.125,1.0911269237949173,0,0,0.4580890817655266,TN
Airtime/Data,Mobile App,iOS,0,Everyday,Active,100k-249k,6.468273095284282,0.9659258262890684,0.2588190451025207,0,61,68.8,28340.88,0.0,0.6309220271588047,0,0,0.43202968187303875,TN
Deposit,Web,POS Terminal,0,SME,Active,Below 100k,9.680817639037818,0.9659258262890684,0.2588190451025207,0,38,83.6,140927.55666666667,0.5,0.8165326265575337,0,0,0.430202523500294,TN
Transfer,ATM,Android,0,Premium,Active,500k-999k,10.9863646904981,0.9659258262890684,0.2588190451025207,0,68,71.0,44390.10125,0.375,1.0266868399013367,0,1,0.5783084171126495,FP
Transfer,Mobile App,iOS,0,Premium,Active,1m+,8.555072620835142,0.9659258262890684,0.2588190451025207,0,73,97.2,77541.89666666667,0.3333333333333333,0.759870927800335,0,1,0.5546081242350179,FP
Cash Withdrawal,Mobile App,Android,0,Student,Active,100k-249k,11.89064198407844,0.9659258262890684,0.2588190451025207,0,70,68.7,20026.06166666667,0.0,1.2004880764032455,0,0,0.4957262995714086,TN
Card Purchase,Web,Android,0,SME,Dormant,250k-499k,9.471882760334474,0.9659258262890684,0.2588190451025207,0,21,41.8,14797.381999999998,0.0,0.9864208852050724,0,0,0.4062787006728773,TN
Deposit,ATM,Web Browser,0,Everyday,Active,1m+,10.623787244482294,1.0,6.123233995736766e-17,0,63,76.5,24540.85,0.1428571428571428,1.051013578341062,0,0,0.3567258927670952,TN
Deposit,Web,ATM Terminal,0,SME,Active,100k-249k,10.539015683768122,1.0,6.123233995736766e-17,0,1,94.5,23227.696666666667,0.3333333333333333,1.0483303510612538,1,0,0.39310733880050797,FN
Transfer,Web,ATM Terminal,0,Everyday,Active,500k-999k,6.977729002609648,1.0,6.123233995736766e-17,0,51,26.5,6350.113333333334,0.0,0.7968732165377275,0,0,0.49070589289983474,TN
Bill Payment,ATM,Android,0,Premium,Active,500k-999k,10.40265032892923,1.0,6.123233995736766e-17,0,76,67.6,17115.436666666665,0.0,1.0671798980003695,0,0,0.33425178499827457,TN
Card Purchase,Mobile App,Android,0,Everyday,Active,250k-499k,9.363638974603033,1.0,6.123233995736766e-17,0,23,84.6,40570.69,0.3333333333333333,0.8824609074491107,0,0,0.32455448677776094,TN
Card Purchase,Mobile App,iOS,0,SME,Active,100k-249k,6.048506287475179,1.0,6.123233995736766e-17,0,2,79.1,80070.51250000001,0.25,0.5357081009019498,0,0,0.27315864149706814,TN
Bill Payment,Web,Android,0,Premium,Active,100k-249k,10.720109760808516,0.9659258262890684,-0.2588190451025206,0,8,87.9,58911.406,0.2,0.9759921841834752,0,0,0.3775524241895529,TN
Cash Withdrawal,ATM,Android,0,Premium,Active,250k-499k,10.935447799265363,0.9659258262890684,-0.2588190451025206,0,79,53.9,36587.25666666667,0.0,1.0407295641852927,1,0,0.45504937674012336,FN
Cash Withdrawal,Mobile App,POS Terminal,1,Premium,Active,100k-249k,8.503047612804428,0.9659258262890684,-0.2588190451025206,0,85,75.8,54352.7,0.5,0.7798622979956877,0,0,0.46813478313236456,TN
Transfer,Mobile App,iOS,0,Everyday,Active,100k-249k,8.16064681064148,0.9659258262890684,-0.2588190451025206,0,60,66.1,21729.790000000005,0.3333333333333333,0.817169050072019,0,1,0.5211907462072425,FP
Cash Withdrawal,POS,Web Browser,1,Student,Active,250k-499k,9.694586469048566,0.9659258262890684,-0.2588190451025206,0,40,79.9,12497.425,0.0,1.0276920006683643,1,1,0.5352803174460316,TP
Card Purchase,Mobile App,Web Browser,0,Premium,Active,Below 100k,5.753207357983724,0.8660254037844387,-0.4999999999999998,0,37,100.0,33858.44666666666,0.0,0.551603267325426,0,0,0.3110967505082299,TN
Card Purchase,USSD,iOS,0,Student,Active,250k-499k,10.882887722394782,0.8660254037844387,-0.4999999999999998,0,27,84.9,21168.035,0.25,1.0926270720979314,0,0,0.3347584071242116,TN
Transfer,USSD,ATM Terminal,0,Everyday,Active,100k-249k,12.622776626901343,0.8660254037844387,-0.4999999999999998,0,3,43.0,65042.38714285714,0.2857142857142857,1.138950936730509,0,1,0.5730878132539846,FP
Cash Withdrawal,ATM,POS Terminal,0,Everyday,Active,100k-249k,9.37373731590645,0.8660254037844387,-0.4999999999999998,0,55,61.3,49959.51142857143,0.1428571428571428,0.8664153377193928,0,0,0.4542849501862576,TN
Transfer,ATM,Android,0,Everyday,Restricted,100k-249k,9.864649006347747,0.8660254037844387,-0.4999999999999998,0,54,80.7,30246.076,0.2,0.9561404476177704,0,1,0.5392128254567287,FP
Transfer,ATM,iOS,0,Everyday,Active,500k-999k,11.723091815478922,0.8660254037844387,-0.4999999999999998,0,38,72.5,48116.676,0.2,1.0873436211306853,0,0,0.4998441126623733,TN
Transfer,Mobile App,Android,0,Everyday,Active,100k-249k,8.103249239286933,0.7071067811865476,-0.7071067811865475,0,30,55.0,10299.32142857143,0.0,0.876981633593917,0,0,0.4977390167608396,TN
Deposit,Web,Android,0,Everyday,Active,1m+,10.129161100707543,0.7071067811865476,-0.7071067811865475,0,23,67.4,41172.24454545455,0.3636363636363636,0.9532840085016174,0,0,0.33485853777032626,TN
Transfer,POS,Android,0,Everyday,Active,100k-249k,6.970570440989047,0.7071067811865476,-0.7071067811865475,0,4,57.7,124073.17333333332,0.6666666666666666,0.594320697795599,0,1,0.5081407471053219,FP
Bill Payment,POS,Android,0,SME,Active,Below 100k,9.933586500135036,0.7071067811865476,-0.7071067811865475,0,14,23.6,12054.288,0.0,1.057072795111755,0,0,0.3920918040185091,TN
Transfer,POS,Android,0,Student,Active,250k-499k,11.607929779820818,0.7071067811865476,-0.7071067811865475,0,39,66.4,45810.10999999999,0.3333333333333333,1.081590091415756,0,1,0.5149898720824637,FP
Cash Withdrawal,POS,Web Browser,0,Everyday,Active,250k-499k,7.277862603209206,0.4999999999999999,-0.8660254037844387,0,47,96.1,44199.538,0.4,0.6803971283254808,0,0,0.4449071216360156,TN
Bill Payment,Mobile App,iOS,1,Premium,Active,Below 100k,10.889965322596275,0.4999999999999999,-0.8660254037844387,0,34,96.1,4585.3533333333335,0.3333333333333333,1.2916820469037111,0,0,0.4983205967288945,TN
Transfer,ATM,iOS,0,Everyday,Active,250k-499k,8.762394081155984,0.4999999999999999,-0.8660254037844387,0,11,70.1,9255.325,0.1666666666666666,0.9594146756024206,0,1,0.5162000976351138,FP
Transfer,ATM,Android,0,Everyday,Active,100k-249k,12.487825311242585,0.4999999999999999,-0.8660254037844387,0,32,71.2,40434.526,0.0,1.1772677495056254,1,1,0.6705337506395974,TP
Transfer,POS,Android,0,SME,Active,100k-249k,12.337941344144792,0.4999999999999999,-0.8660254037844387,0,90,59.4,226378.9175,0.25,1.000646508178293,0,1,0.5828656007211462,FP
Bill Payment,Mobile App,iOS,0,Premium,Dormant,Below 100k,10.405075843205628,0.4999999999999999,-0.8660254037844387,0,79,74.2,62037.55818181818,0.3636363636363636,0.942872105138948,0,0,0.3404856490548752,TN
Transfer,POS,Android,0,Premium,Active,500k-999k,11.861620413269858,0.258819045102521,-0.9659258262890682,0,24,62.6,13890.88,0.0,1.2434789897647796,0,1,0.5149159918276084,FP
Card Purchase,Mobile App,iOS,0,Premium,Active,1m+,7.555408108209872,0.258819045102521,-0.9659258262890682,0,28,57.8,47363.7875,0.25,0.7018079809576101,0,0,0.31359096842090356,TN
Transfer,Mobile App,iOS,0,SME,Active,100k-249k,8.713202311325583,0.258819045102521,-0.9659258262890682,0,57,56.9,9337.03,0.25,0.9531114326641305,0,0,0.48149439975893454,TN
Card Purchase,Mobile App,ATM Terminal,0,Student,Active,Below 100k,7.240154948232919,0.258819045102521,-0.9659258262890682,0,66,83.8,26558.18875,0.125,0.7107157948836652,0,0,0.3626889626451694,TN
Cash Withdrawal,USSD,ATM Terminal,0,Premium,Active,250k-499k,8.865280567518335,0.258819045102521,-0.9659258262890682,0,93,65.3,39935.762727272726,0.2727272727272727,0.8367377627851964,0,0,0.42631195622249934,TN
Transfer,ATM,iOS,0,SME,Active,100k-249k,10.036952755470162,1.2246467991473532e-16,-1.0,0,52,70.1,66202.58090909092,0.1818181818181818,0.9041900768975892,0,1,0.5095028584443377,FP
Deposit,ATM,POS Terminal,0,Everyday,Active,100k-249k,12.568091659455916,1.2246467991473532e-16,-1.0,0,56,44.2,59844.54111111111,0.1111111111111111,1.142603417018783,1,1,0.5402423214099048,TP
Airtime/Data,Mobile App,POS Terminal,0,Everyday,Active,100k-249k,8.00603417874901,1.2246467991473532e-16,-1.0,0,26,92.8,105462.378,0.6,0.6921971102422919,0,0,0.34184357746262334,TN
Transfer,ATM,Android,0,Everyday,Active,100k-249k,10.95375972574769,1.2246467991473532e-16,-1.0,0,37,79.5,15906.725,0.0,1.1322230252019565,0,1,0.52658446601036,FP
Bill Payment,USSD,POS Terminal,0,Premium,Dormant,500k-999k,6.935039652009195,1.2246467991473532e-16,-1.0,0,35,75.7,76356.47714285715,0.4285714285714285,0.6168218322747875,0,0,0.3355602761309884,TN
Card Purchase,Mobile App,POS Terminal,0,Everyday,Active,Below 100k,11.714141230036768,1.2246467991473532e-16,-1.0,0,68,51.2,10628.988571428572,0.2857142857142857,1.2634659028406552,0,0,0.3409800862281841,TN
Bill Payment,USSD,Android,0,Student,Active,Below 100k,9.304556316960252,-0.2588190451025208,-0.9659258262890684,0,25,79.8,79850.38,0.25,0.8242930769412012,0,0,0.32924827137147905,TN
Card Purchase,Mobile App,Android,0,Everyday,Active,1m+,10.666605426359451,-0.2588190451025208,-0.9659258262890684,0,67,99.6,12824.04142857143,0.1428571428571428,1.127648879709686,0,0,0.32786069095714204,TN
Deposit,USSD,Android,0,Everyday,Active,250k-499k,13.44944227730805,-0.2588190451025208,-0.9659258262890684,0,65,100.0,71151.74888888889,0.2222222222222222,1.203789740218984,1,1,0.5132719937897917,TP
Card Purchase,ATM,Android,0,SME,Dormant,250k-499k,11.20340029287377,-0.2588190451025208,-0.9659258262890684,0,20,74.7,20326.606,0.4,1.1294051838815455,0,0,0.35877504974605934,TN
Deposit,Mobile App,ATM Terminal,1,Premium,Active,250k-499k,10.211952286599422,-0.2588190451025208,-0.9659258262890684,0,16,61.5,27000.92285714286,0.1428571428571428,1.0008123481661046,1,0,0.46553319239009977,FN
Bill Payment,Mobile App,iOS,0,Everyday,Active,1m+,10.81378335065002,-0.4999999999999997,-0.8660254037844388,0,37,82.5,62881.132000000005,0.0,0.9787099635511196,0,0,0.3180102409687494,TN
Transfer,Mobile App,Android,0,Student,Active,100k-249k,10.696902377070831,-0.4999999999999997,-0.8660254037844388,0,45,81.9,102135.232,0.2,0.9274184261198712,0,0,0.4869206657127719,TN
Transfer,Mobile App,Android,0,Premium,Active,250k-499k,11.180493555224729,-0.4999999999999997,-0.8660254037844388,0,72,74.7,31657.39,0.0,1.0789109461081154,1,0,0.48155553401857937,FN
Bill Payment,ATM,Android,0,Everyday,Active,500k-999k,9.591266855637192,-0.4999999999999997,-0.8660254037844388,0,89,53.3,1642.5466666666669,0.0,1.2953098867349886,0,0,0.30704422785643115,TN
Card Purchase,Mobile App,Android,0,SME,Active,500k-999k,7.544284487872246,-0.4999999999999997,-0.8660254037844388,0,65,64.6,13655.97,0.0,0.7922999678878667,0,0,0.3192511887736874,TN
Airtime/Data,USSD,Android,0,Everyday,Active,Below 100k,6.6850616264482925,-0.4999999999999997,-0.8660254037844388,0,64,53.8,29354.94428571428,0.1428571428571428,0.6498395011539335,0,0,0.31708221534666775,TN
Airtime/Data,POS,POS Terminal,0,Everyday,Active,100k-249k,8.075339994483762,-0.7071067811865471,-0.7071067811865479,0,39,56.0,15460.005,0.0,0.8371631864763025,0,0,0.35007852935291356,TN
Bill Payment,USSD,Web Browser,0,Premium,Active,1m+,10.845760406688962,-0.7071067811865471,-0.7071067811865479,0,28,57.8,38273.03999999999,0.2,1.027787966263736,0,0,0.3229099259017785,TN
Card Purchase,ATM,POS Terminal,0,Everyday,Active,250k-499k,8.598852437940351,-0.7071067811865471,-0.7071067811865479,0,61,79.5,6185.19,0.0,0.98496894535836,0,0,0.3406201059684709,TN
Transfer,Web,POS Terminal,0,Everyday,Active,100k-249k,9.891812159618611,-0.7071067811865471,-0.7071067811865479,0,83,50.1,6380.406666666667,0.3333333333333333,1.1290548755394851,0,0,0.4904489382002701,TN
Deposit,Mobile App,ATM Terminal,0,Everyday,Active,100k-249k,9.32582565871714,-0.7071067811865471,-0.7071067811865479,0,69,68.6,12987.68111111111,0.2222222222222222,0.9845850422129092,1,0,0.32805121654894925,FN
Transfer,Web,Android,0,Premium,Active,100k-249k,6.339741829178958,-0.7071067811865471,-0.7071067811865479,0,47,77.5,68745.24222222221,0.0,0.5691902388389757,1,0,0.4853371678310894,FN
Card Purchase,ATM,iOS,0,Everyday,Active,100k-249k,9.820513469242872,-0.8660254037844385,-0.5000000000000004,0,88,64.7,75548.72571428571,0.4285714285714285,0.8742909376425978,0,0,0.3601734889421832,TN
Card Purchase,POS,iOS,0,Everyday,Active,Below 100k,9.32412252587933,-0.8660254037844385,-0.5000000000000004,0,43,77.9,43255.06125,0.125,0.873462884749159,0,0,0.3237410373264096,TN
Airtime/Data,Mobile App,POS Terminal,0,Everyday,Active,500k-999k,10.684673082568896,-0.8660254037844385,-0.5000000000000004,0,3,53.1,49524.863333333335,0.2222222222222222,0.9883835047671063,0,0,0.3296285391926125,TN
Transfer,Web,ATM Terminal,0,Student,Active,Below 100k,9.670061946604504,-0.8660254037844385,-0.5000000000000004,0,35,82.9,37288.1025,0.25,0.9186436132698936,1,1,0.5259054775176082,TP
Deposit,ATM,ATM Terminal,0,Everyday,Active,500k-999k,10.412271293076708,-0.8660254037844385,-0.5000000000000004,0,26,66.0,108236.308,0.0,0.8982227557833091,0,0,0.32140072448703194,TN
Card Purchase,ATM,Android,0,Everyday,Active,100k-249k,7.509937824167989,-0.9659258262890684,-0.2588190451025206,0,25,72.9,32750.687142857143,0.1428571428571428,0.7223379319750445,0,0,0.35439181966290806,TN
Transfer,Mobile App,Android,0,Premium,Active,100k-249k,6.8931389794078575,-0.9659258262890684,-0.2588190451025206,0,62,59.0,50172.55111111111,0.4444444444444444,0.6368829370778862,0,1,0.5047380726545908,FP
Bill Payment,Web,Android,0,SME,Active,500k-999k,9.963600043235806,-0.9659258262890684,-0.2588190451025206,0,83,57.2,3381.1740000000004,0.0,1.2260969875564385,0,0,0.34501145746881967,TN
Transfer,POS,Android,0,SME,Active,100k-249k,11.713778580156529,-0.9659258262890684,-0.2588190451025206,0,53,56.9,6147.424999999999,0.0,1.3427148170295744,0,1,0.5133798809729484,FP
Transfer,POS,Web Browser,0,Everyday,Active,Below 100k,12.130646104446395,-0.9659258262890684,-0.2588190451025206,0,19,67.7,88813.78714285714,0.2857142857142857,1.064623287277316,1,1,0.6399287809708906,TP
Deposit,Web,iOS,0,Premium,Active,Below 100k,9.556243002326482,-0.9659258262890684,-0.2588190451025206,0,35,78.1,38019.048,0.2,0.9061598539099192,1,0,0.3168656914537251,FN
Transfer,USSD,Android,0,Premium,Active,250k-499k,11.000551476439291,-1.0,-1.8369701987210292e-16,0,88,50.0,92757.66153846151,0.3076923076923077,0.9617752930125918,0,0,0.47038739745366503,TN
Card Purchase,POS,Web Browser,0,Premium,Active,100k-249k,7.384827615942736,-1.0,-1.8369701987210292e-16,0,41,34.9,18702.31111111111,0.3333333333333333,0.7507610187149742,0,0,0.32924041416956923,TN
Card Purchase,POS,Android,0,Everyday,Active,250k-499k,7.321532412958067,-1.0,-1.8369701987210292e-16,0,79,57.6,117989.408,0.0,0.6269316310795405,0,0,0.3011793712472144,TN
Cash Withdrawal,Web,POS Terminal,0,Student,Active,Below 100k,12.405617484726667,-1.0,-1.8369701987210292e-16,0,47,58.4,26276.56,0.2857142857142857,1.219049112949503,1,1,0.6278064573482612,TP
Bill Payment,ATM,Unknown,0,Student,Active,500k-999k,10.715229439258811,-1.0,-1.8369701987210292e-16,0,7,88.3,6825.2075,0.0,1.2137055751394152,0,0,0.34268731759536636,TN
Transfer,Mobile App,iOS,0,Everyday,Active,100k-249k,7.957821373717656,-0.9659258262890684,0.2588190451025203,0,85,64.2,21676.2525,0.25,0.7970559349529057,0,1,0.5127825757805804,FP
Transfer,Web,Android,0,SME,Dormant,250k-499k,9.162866091651724,-0.9659258262890684,0.2588190451025203,0,16,92.7,43270.958333333336,0.3333333333333333,0.8583271989482996,0,1,0.5503536442439056,FP
Transfer,Web,iOS,0,Student,Active,100k-249k,10.057788935292844,-0.9659258262890684,0.2588190451025203,0,29,69.1,65968.04846153846,0.1538461538461538,0.9063568944040498,0,1,0.5436756834745815,FP
Card Purchase,Mobile App,Android,0,Premium,Active,Below 100k,5.7898378392560215,-0.9659258262890684,0.2588190451025203,0,27,79.9,47861.24333333334,0.0,0.5372859740643874,0,0,0.30675955935175653,TN
Card Purchase,USSD,Android,0,SME,Active,100k-249k,11.84019549082664,-0.9659258262890684,0.2588190451025203,0,7,58.7,10741.466,0.4,1.275613723155903,0,0,0.33469515506929715,TN
Transfer,Mobile App,POS Terminal,0,Everyday,Active,500k-999k,6.955468673166596,-0.9659258262890684,0.2588190451025203,0,84,57.2,10868.444,0.0,0.7484059705809656,1,0,0.49091054413966606,FN
Bill Payment,Mobile App,Android,0,SME,Active,100k-249k,10.544628553086993,-0.8660254037844386,0.5000000000000001,0,1,94.5,26860.6175,0.5,1.0339438581336502,0,0,0.3560293207974888,TN
Airtime/Data,Web,Android,0,Everyday,Active,100k-249k,10.670217156458934,-0.8660254037844386,0.5000000000000001,0,17,48.5,34896.144,0.2,1.020081612516934,1,0,0.38606821284278015,FN
Deposit,ATM,Web Browser,0,SME,Active,Below 100k,11.521226714062925,-0.8660254037844386,0.5000000000000001,0,92,69.2,14327.503333333332,0.1666666666666666,1.2038891748670046,0,0,0.36379004003388316,TN
Transfer,Mobile App,Web Browser,0,Student,Active,Below 100k,12.790420153305206,-0.8660254037844386,0.5000000000000001,0,58,100.0,104750.154,0.4,1.106500630215605,0,1,0.6346632489857124,FP
Card Purchase,Mobile App,Android,0,Premium,Active,Below 100k,5.832673952840392,-0.8660254037844386,0.5000000000000001,0,45,38.5,36082.92333333333,0.3333333333333333,0.5558314065327563,1,0,0.2974847145289431,FN
Deposit,Mobile App,POS Terminal,0,Student,Active,250k-499k,9.230528219183292,-0.7071067811865477,0.7071067811865474,0,82,81.8,115678.23666666666,0.4444444444444444,0.7917371617118583,0,0,0.3137636942656391,TN
Card Purchase,Mobile App,Android,1,Everyday,Active,100k-249k,8.751770329451201,-0.7071067811865477,0.7071067811865474,0,10,95.6,56099.3375,0.125,0.8003523255303581,0,1,0.5479703694435463,FP
Deposit,Mobile App,Android,0,Premium,Active,Below 100k,12.036863622472383,-0.7071067811865477,0.7071067811865474,0,64,66.0,17365.6,0.0,1.2329941270841385,1,1,0.5217157850837649,TP
Deposit,Web,Web Browser,0,Everyday,Active,250k-499k,11.195660089976773,-0.7071067811865477,0.7071067811865474,0,22,65.0,95527.89666666668,0.5,0.976321652106198,0,0,0.337656166531818,TN
Transfer,Mobile App,ATM Terminal,0,Everyday,Active,Below 100k,11.221245946700863,-0.7071067811865477,0.7071067811865474,0,71,52.7,16546.63,0.0,1.1551624524195865,1,1,0.5117441581656114,TP
Card Purchase,Mobile App,Web Browser,0,Student,Active,Below 100k,6.630498672013939,-0.7071067811865477,0.7071067811865474,0,30,56.6,85671.93400000001,0.2,0.5837584151334801,0,0,0.3305601986524425,TN
Transfer,ATM,iOS,0,Student,Active,250k-499k,11.961042572118489,-0.5000000000000004,0.8660254037844384,0,10,75.9,102608.07,0.8,1.0366039186317784,0,1,0.5069337738603403,FP
Transfer,Mobile App,Android,0,Everyday,Active,250k-499k,11.807720430712326,-0.5000000000000004,0.8660254037844384,0,77,88.2,21151.706363636364,0.2727272727272727,1.1855708620375551,0,1,0.5169623819018279,FP
Deposit,Mobile App,ATM Terminal,0,Student,Dormant,500k-999k,11.944969145964505,-0.5000000000000004,0.8660254037844384,0,19,44.9,76223.5,0.3333333333333333,1.062583712187916,0,0,0.33193916011720886,TN
Airtime/Data,Mobile App,Web Browser,0,Everyday,Dormant,100k-249k,9.688470268492056,-0.5000000000000004,0.8660254037844384,0,56,57.7,60031.024545454544,0.4545454545454545,0.8805592152310534,0,0,0.3998411352389202,TN
Airtime/Data,Mobile App,POS Terminal,0,Student,Active,100k-249k,5.935238051838176,-0.5000000000000004,0.8660254037844384,0,45,81.9,92482.305,0.1666666666666666,0.51905119961268,0,0,0.348398105766614,TN
Transfer,POS,iOS,0,Student,Active,1m+,7.169527060273822,-0.2588190451025215,0.965925826289068,0,91,68.0,84119.655,0.25,0.6322330133558756,0,0,0.46440711564625287,TN
Airtime/Data,Mobile App,iOS,0,Premium,Restricted,500k-999k,10.167665555799914,-0.2588190451025215,0.965925826289068,0,27,66.9,41430.011666666665,0.0,0.9563460510438502,0,0,0.3714523833388932,TN
Deposit,USSD,ATM Terminal,0,Student,Active,1m+,13.177208695878443,-0.2588190451025215,0.965925826289068,0,52,77.6,39324.09625,0.25,1.245527813699728,0,0,0.4545379224373256,TN
Deposit,Mobile App,POS Terminal,0,Student,Dormant,500k-999k,9.68722092587821,-0.2588190451025215,0.965925826289068,0,89,69.1,36821.474,0.4,0.9213759331142306,1,0,0.33040477590271305,FN
Airtime/Data,Web,POS Terminal,0,SME,Active,100k-249k,7.383722341560753,-0.2588190451025215,0.965925826289068,0,16,66.7,25115.79375,0.25,0.7288036273864759,0,0,0.3879923867666911,TN
Card Purchase,POS,Android,0,Everyday,Active,250k-499k,10.443789742152635,-0.2588190451025215,0.965925826289068,0,2,78.9,47751.712,0.2,0.969369983725929,0,0,0.32699165269871827,TN
Transfer,USSD,POS Terminal,0,SME,Active,100k-249k,9.58185634106951,0.0,1.0,1,41,62.2,9136.523333333333,0.3333333333333333,1.0506254780782094,0,1,0.6354118047637454,FP
Transfer,Mobile App,Android,0,Everyday,Active,100k-249k,8.34777285484042,0.0,1.0,1,93,76.5,10525.6,0.625,0.901325707762775,1,1,0.6069578011542692,TP
Transfer,Mobile App,iOS,0,Student,Active,100k-249k,7.50826620162015,0.0,1.0,1,36,73.2,22503.332857142854,0.0,0.749218561792745,1,1,0.6408512394448223,TP
Cash Withdrawal,Web,POS Terminal,0,Everyday,Active,250k-499k,7.033709285591612,0.0,1.0,1,15,61.2,22393.820000000003,0.3333333333333333,0.7022063221054807,0,1,0.5358591305997086,FP
Card Purchase,ATM,Android,0,Premium,Active,Below 100k,9.463326956979012,0.0,1.0,1,90,95.3,149.58,0.0,1.8871946012970764,0,0,0.4719359300272355,TN
Card Purchase,USSD,Android,0,SME,Active,1m+,6.614470876075316,0.0,1.0,1,83,54.1,35452.165,0.0,0.6313947309586507,0,0,0.48335344931370194,TN
Transfer,Mobile App,POS Terminal,0,Student,Active,100k-249k,12.05345599680864,0.2588190451025207,0.9659258262890684,1,77,84.9,72937.69818181818,0.1818181818181818,1.0764537590040055,1,1,0.6635944068347511,TP
Airtime/Data,Mobile App,iOS,0,SME,Active,1m+,10.713335850356431,0.2588190451025207,0.9659258262890684,1,49,60.8,63350.581666666665,0.0,0.968966608423685,1,1,0.5072466212213004,TP
Transfer,ATM,POS Terminal,0,Everyday,Active,250k-499k,9.328426472814783,0.2588190451025207,0.9659258262890684,1,27,72.8,46185.62666666667,0.3333333333333333,0.8685325401836625,0,1,0.6043810327400608,FP
Card Purchase,Mobile App,Android,0,Everyday,Active,500k-999k,6.444671651201568,0.2588190451025207,0.9659258262890684,1,14,69.9,8545.676666666666,0.0,0.7118590152422377,0,0,0.493608469164105,TN
Card Purchase,Mobile App,iOS,0,Premium,Active,250k-499k,9.433383918290058,0.2588190451025207,0.9659258262890684,1,65,77.2,35060.7025,0.0,0.9014339098954912,0,1,0.5036909475044672,FP
Transfer,Mobile App,Android,0,Everyday,Active,250k-499k,10.118397298923234,0.4999999999999999,0.8660254037844387,1,10,54.9,51951.29555555555,0.1111111111111111,0.9318771086782516,1,1,0.6134755895452396,TP
Cash Withdrawal,Mobile App,iOS,0,Everyday,Active,Below 100k,7.644541283071844,0.4999999999999999,0.8660254037844387,1,61,89.8,55395.60333333333,0.1666666666666666,0.6999038470927684,1,1,0.5478172561651325,TP
Card Purchase,USSD,POS Terminal,0,Premium,Active,500k-999k,9.84220293171826,0.4999999999999999,0.8660254037844387,1,61,55.3,3359.66,0.5,1.212109979912494,0,1,0.5164079321013192,FP
Card Purchase,Mobile App,POS Terminal,0,Everyday,Active,100k-249k,7.726053837721001,0.4999999999999999,0.8660254037844387,1,3,45.5,20598.08,0.3,0.7778166234190578,0,0,0.49245122040010747,TN
Deposit,POS,iOS,0,SME,Active,100k-249k,12.446644596125772,0.4999999999999999,0.8660254037844387,1,43,76.9,1602.9766666666667,0.6666666666666666,1.686482079526311,0,1,0.5615712874414165,FP
Transfer,Web,Android,0,Everyday,Active,100k-249k,10.213894815667524,0.4999999999999999,0.8660254037844387,1,80,60.6,16281.2975,0.25,1.0532140553341316,1,1,0.623697024987079,TP
Deposit,POS,Android,0,Everyday,Active,Below 100k,9.744110153847208,0.7071067811865476,0.7071067811865476,1,62,61.8,53417.23909090909,0.0909090909090909,0.8951123398376395,0,0,0.45034950734227047,TN
Deposit,Web,Android,0,Everyday,Active,500k-999k,13.218530226526326,0.7071067811865476,0.7071067811865476,1,78,78.4,27848.83,0.1666666666666666,1.291555438624554,0,1,0.6944496417402681,FP
Deposit,USSD,Web Browser,0,Everyday,Active,100k-249k,10.12584479479038,0.7071067811865476,0.7071067811865476,1,73,63.7,36722.585,0.0,0.9633409494845708,0,0,0.4625341537449605,TN
Card Purchase,ATM,iOS,0,SME,Dormant,250k-499k,11.379753550582803,0.7071067811865476,0.7071067811865476,1,21,41.8,14495.871666666666,0.0,1.1876564299449732,0,0,0.48736279235542845,TN
Transfer,Mobile App,Web Browser,0,Student,Active,Below 100k,8.01287965126547,0.7071067811865476,0.7071067811865476,1,95,64.5,12962.124,0.0,0.8461451673986861,0,1,0.5970425860876064,FP
Card Purchase,Mobile App,POS Terminal,0,Everyday,Active,100k-249k,8.529985025925845,0.8660254037844386,0.5000000000000001,1,93,80.8,54175.348750000005,0.125,0.7825674535112502,0,0,0.4822396426295496,TN
Transfer,POS,Web Browser,0,SME,Active,Below 100k,6.786378292815537,0.8660254037844386,0.5000000000000001,1,84,66.4,86476.03166666666,0.3333333333333333,0.5969912663024435,0,0,0.4703052612954364,TN
Transfer,ATM,ATM Terminal,0,Student,Active,250k-499k,9.0904853161679,0.8660254037844386,0.5000000000000001,1,85,100.0,6831.7325,0.25,1.02956067310961,1,1,0.6370910261735527,TP
Transfer,Mobile App,iOS,0,SME,Active,250k-499k,12.29930594283362,0.8660254037844386,0.5000000000000001,1,80,47.9,47569.235,0.5,1.1420008109723536,0,1,0.7211636552016608,FP
Card Purchase,POS,iOS,0,Everyday,Active,500k-999k,11.00981037184723,0.8660254037844386,0.5000000000000001,1,90,100.0,150702.89875,0.125,0.9234038120528164,0,0,0.4129230435301904,TN
Transfer,Mobile App,ATM Terminal,0,Everyday,Active,250k-499k,12.851748665403008,0.8660254037844386,0.5000000000000001,1,10,54.9,49235.566,0.2,1.1894930189794783,1,1,0.6528087948196095,TP
Airtime/Data,POS,iOS,0,Everyday,Active,500k-999k,9.26456715946246,0.9659258262890684,0.2588190451025207,0,65,82.9,51564.96,0.2857142857142857,0.8538285999788701,0,0,0.4267711454713665,TN
Cash Withdrawal,ATM,iOS,0,Student,Active,250k-499k,8.406989857107847,0.9659258262890684,0.2588190451025207,0,32,71.9,9153.93,0.25,0.9216121238681227,1,1,0.522097974522057,TP
Transfer,Mobile App,Android,0,Everyday,Active,500k-999k,7.309312762259284,0.9659258262890684,0.2588190451025207,0,67,67.3,70684.28666666667,0.1666666666666666,0.6546048295924778,1,1,0.5748292393488657,TP
Deposit,Mobile App,iOS,0,Everyday,Active,250k-499k,8.08409066402752,0.9659258262890684,0.2588190451025207,0,20,49.4,29483.873076923075,0.1538461538461538,0.7855012855306858,0,0,0.42074379808497775,TN
Airtime/Data,Web,Android,0,SME,Active,500k-999k,8.715568527282251,0.9659258262890684,0.2588190451025207,0,83,57.2,6357.331666666666,0.0,0.9952095145856646,0,0,0.4250228773165816,TN
Transfer,USSD,iOS,0,Everyday,Active,1m+,8.814952814351198,1.0,6.123233995736766e-17,0,4,33.4,20053.114,0.2,0.8898429337038886,0,0,0.49350309214995064,TN
Transfer,Web,iOS,0,Student,Active,100k-249k,9.031171839173632,1.0,6.123233995736766e-17,0,3,73.8,48982.29,0.1666666666666666,0.8362788899905867,1,0,0.49817134836320726,FN
Card Purchase,POS,Android,0,Everyday,Active,Below 100k,11.208827519689466,1.0,6.123233995736766e-17,0,56,45.5,32982.19375,0.25,1.077383042058386,0,0,0.3054112812603376,TN
Deposit,Web,ATM Terminal,0,Everyday,Active,500k-999k,11.668205421210503,1.0,6.123233995736766e-17,0,16,77.6,80721.92,0.2222222222222222,1.032696243611889,1,0,0.35412266654297214,FN
Transfer,Mobile App,iOS,0,Everyday,Active,100k-249k,7.638650935639881,1.0,6.123233995736766e-17,0,39,56.0,11377.743333333334,0.0,0.8178862975343592,0,0,0.4925556876643558,TN
Bill Payment,POS,POS Terminal,0,Everyday,Active,500k-999k,7.121963024638413,1.0,6.123233995736766e-17,0,95,38.4,11391.4575,0.0,0.7624651092009027,0,0,0.3214415792354252,TN
Bill Payment,Web,POS Terminal,0,SME,Active,250k-499k,10.56949398250982,0.9659258262890684,-0.2588190451025206,0,94,100.0,56871.49571428571,0.3571428571428571,0.9653769176288086,0,0,0.3398799596335551,TN
Cash Withdrawal,Mobile App,iOS,0,Student,Active,1m+,12.173073565814487,0.9659258262890684,-0.2588190451025206,0,23,94.9,30042.534,0.2,1.180659366108696,1,1,0.5539190475719028,TP
Card Purchase,Mobile App,Web Browser,0,SME,Active,250k-499k,6.889143142770156,0.9659258262890684,-0.2588190451025206,0,95,64.3,67089.49375,0.125,0.6198730052404546,0,0,0.3185322370860049,TN
Card Purchase,Web,POS Terminal,0,Premium,Active,500k-999k,11.792140871144031,0.9659258262890684,-0.2588190451025206,0,68,85.1,10321.334,0.4,1.2759205487362697,0,0,0.363915746443942,TN
Transfer,Mobile App,Web Browser,0,SME,Active,Below 100k,9.13795783348222,0.9659258262890684,-0.2588190451025206,0,92,78.1,14314.4575,0.25,0.9549448160907676,1,0,0.46010830741544745,FN
Card Purchase,Mobile App,Android,0,Student,Active,100k-249k,11.497230033585632,0.8660254037844387,-0.4999999999999998,0,60,85.8,37535.735714285714,0.2857142857142857,1.0915359142433645,1,0,0.33684153871445677,FN
Cash Withdrawal,ATM,Android,0,Everyday,Active,Below 100k,11.053599505962625,0.8660254037844387,-0.4999999999999998,0,4,49.2,58746.17,0.125,1.0066115341798645,1,0,0.4520121360666069,FN
Deposit,ATM,iOS,0,SME,Active,100k-249k,12.837210796423204,0.8660254037844387,-0.4999999999999998,0,2,37.0,62067.57,0.125,1.1632128115695524,0,0,0.47120635507706016,TN
Deposit,Mobile App,Android,0,Everyday,Active,250k-499k,11.134182810369769,0.8660254037844387,-0.4999999999999998,0,55,37.8,17570.0125,0.5,1.1391626965635548,0,0,0.3866163910461843,TN
Transfer,Mobile App,Android,0,Student,Dormant,Below 100k,7.2833383326083805,0.8660254037844387,-0.4999999999999998,0,27,37.5,59426.600000000006,0.0,0.662572574710482,0,1,0.5186703284789438,FP
Transfer,POS,Android,0,Everyday,Active,Below 100k,6.626572043270186,0.8660254037844387,-0.4999999999999998,0,90,88.6,45067.66,0.0,0.6183844412360049,0,0,0.49388841678731316,TN
Deposit,POS,ATM Terminal,0,Premium,Active,250k-499k,11.016034961501916,0.7071067811865476,-0.7071067811865475,0,50,88.9,27161.993333333336,0.3333333333333333,1.078986769589521,1,0,0.3726606018041775,FN
Airtime/Data,Mobile App,ATM Terminal,0,Everyday,Active,100k-249k,4.974731739749902,0.7071067811865476,-0.7071067811865475,0,30,67.3,32029.5375,0.375,0.4795178661056898,0,0,0.3520018073049048,TN
Transfer,Mobile App,Android,0,Premium,Active,100k-249k,7.820282939375751,0.7071067811865476,-0.7071067811865475,0,79,85.7,97194.95666666668,0.3333333333333333,0.6809433208130109,0,0,0.47695248765689596,TN
Bill Payment,Mobile App,Android,0,Student,Active,100k-249k,7.307953206483894,0.7071067811865476,-0.7071067811865475,0,43,56.1,91782.83375,0.25,0.6395231263291498,1,0,0.33853738875388617,FN
Card Purchase,Mobile App,iOS,0,Everyday,Active,Below 100k,8.436152319075392,0.7071067811865476,-0.7071067811865475,0,60,77.8,64129.514444444445,0.3333333333333333,0.762164566362711,0,0,0.3275497486556071,TN
Card Purchase,Mobile App,Android,0,SME,Active,100k-249k,9.525255485931092,0.7071067811865476,-0.7071067811865475,0,21,49.2,79053.93375,0.25,0.844594912247007,0,0,0.32297481712699555,TN
Cash Withdrawal,Web,Android,0,SME,Dormant,Below 100k,11.938720969576636,0.4999999999999999,-0.8660254037844387,0,93,43.0,51220.355,0.5,1.1009607210433374,0,0,0.47367082647075504,TN
Deposit,Web,Web Browser,0,Everyday,Active,100k-249k,13.04082647898358,0.4999999999999999,-0.8660254037844387,0,50,68.0,19376.505,0.0,1.32100898219866,0,1,0.6222659312436478,FP
Transfer,ATM,Android,0,SME,Active,250k-499k,12.897104690767684,0.4999999999999999,-0.8660254037844387,0,77,73.6,101325.671,0.2,1.1189473594694317,0,1,0.6957653526659879,FP
Bill Payment,Mobile App,Web Browser,1,Student,Active,Below 100k,10.261622030836202,0.4999999999999999,-0.8660254037844387,0,54,68.0,36344.4225,0.0,0.977220689914267,1,0,0.4821665239765905,FN
Cash Withdrawal,Web,Android,0,Student,Active,1m+,11.994666935431043,0.4999999999999999,-0.8660254037844387,0,77,69.6,30282.393750000003,0.0,1.162459247713267,0,0,0.4688131102863602,TN
Card Purchase,Mobile App,Android,0,SME,Active,100k-249k,10.761380443974897,0.258819045102521,-0.9659258262890682,0,1,60.2,61741.08888888888,0.1111111111111111,0.9755826764228276,0,0,0.3125923626416524,TN
Cash Withdrawal,Mobile App,iOS,0,Student,Active,250k-499k,11.935610652781149,0.258819045102521,-0.9659258262890682,0,55,48.5,18898.782,0.2,1.212117903523581,0,0,0.47033248073025485,TN
Transfer,POS,Android,0,Student,Dormant,500k-999k,6.924228841675026,0.258819045102521,-0.9659258262890682,0,29,78.0,24957.64,0.2857142857142857,0.6838761195345088,1,1,0.542558891439667,TP
Transfer,Mobile App,Android,0,Premium,Active,Below 100k,12.755623292307693,0.258819045102521,-0.9659258262890682,0,79,60.8,94314.458,0.4,1.113600264565269,0,1,0.6697974713888646,FP
Cash Withdrawal,Mobile App,Web Browser,0,Student,Active,500k-999k,8.20315893003876,0.258819045102521,-0.9659258262890682,0,9,58.9,32294.828,0.1,0.7900800557190978,0,0,0.41461023164438054,TN
Card Purchase,ATM,iOS,0,Premium,Active,100k-249k,9.340333010590042,0.258819045102521,-0.9659258262890682,0,15,40.5,52401.51222222222,0.2222222222222222,0.8595364348452715,0,0,0.3322808803005765,TN
Transfer,ATM,iOS,0,Premium,Active,250k-499k,9.730332256916794,1.2246467991473532e-16,-1.0,0,11,51.1,49472.595,0.5,0.9001903307636114,0,1,0.5288516859242512,FP
Card Purchase,Mobile App,Android,0,SME,Dormant,100k-249k,9.314696783690328,1.2246467991473532e-16,-1.0,0,63,76.6,32088.35222222222,0.3333333333333333,0.8976913874518891,1,0,0.3334327861917217,FN
Bill Payment,Mobile App,iOS,0,SME,Active,500k-999k,9.934232059319122,1.2246467991473532e-16,-1.0,0,73,73.4,13168.06,0.4,1.0472933119012142,0,0,0.35923883639183385,TN
Card Purchase,ATM,Android,0,Student,Active,100k-249k,9.15565607146278,1.2246467991473532e-16,-1.0,0,30,76.5,9064.153076923078,0.2307692307692307,1.0047697696681943,0,0,0.3061489287962143,TN
Card Purchase,USSD,POS Terminal,0,Premium,Active,250k-499k,10.109695706120064,1.2246467991473532e-16,-1.0,0,59,60.6,26195.88142857143,0.0,0.9937385756661736,0,0,0.31986346820752787,TN
Bill Payment,USSD,Android,0,Student,Active,250k-499k,9.04608581950882,-0.2588190451025208,-0.9659258262890684,0,9,79.3,51794.195,0.1666666666666666,0.8333525501972112,1,0,0.3390596825532491,FN
Transfer,USSD,Android,0,Student,Active,250k-499k,6.298379231486869,-0.2588190451025208,-0.9659258262890684,0,1,52.8,32689.6275,0.25,0.6059137988301267,0,1,0.5215057766693169,FP
Card Purchase,Mobile App,Android,0,SME,Active,250k-499k,9.717062186624608,-0.2588190451025208,-0.9659258262890684,0,79,69.0,109788.14833333332,0.1666666666666666,0.8372218516947253,0,0,0.30744075247002806,TN
Transfer,Mobile App,iOS,0,Everyday,Active,500k-999k,9.991352356919649,-0.2588190451025208,-0.9659258262890684,0,14,69.9,6566.3425,0.0,1.1366901403281544,0,0,0.4772792351499847,TN
Card Purchase,Mobile App,POS Terminal,0,Everyday,Active,100k-249k,9.451465285246115,-0.2588190451025208,-0.9659258262890684,0,69,51.2,39552.802,0.2,0.8928760384130124,0,0,0.3268282839502926,TN
Cash Withdrawal,Mobile App,iOS,0,Premium,Active,1m+,6.917359015124831,-0.2588190451025208,-0.9659258262890684,0,68,55.3,96281.874,0.0,0.6028175547809956,1,0,0.41932410546431853,FN
Transfer,Mobile App,iOS,0,SME,Active,Below 100k,9.40329107208228,-0.4999999999999997,-0.8660254037844388,0,1,74.9,14861.267000000002,0.3,0.9788384863838898,0,1,0.5011012655359915,FP
Transfer,Web,POS Terminal,0,SME,Active,Below 100k,12.166553655896886,-0.4999999999999997,-0.8660254037844388,0,70,94.9,28227.053333333333,0.3333333333333333,1.1872042054828245,1,1,0.6622543821773438,TP
Transfer,Mobile App,Android,0,Student,Active,100k-249k,8.476989755549127,-0.4999999999999997,-0.8660254037844388,0,35,93.1,2084.8866666666668,0.1666666666666666,1.10912547222124,1,0,0.4694931361580482,FN
Cash Withdrawal,Mobile App,Android,0,Premium,Active,250k-499k,9.364240163190669,-0.4999999999999997,-0.8660254037844388,0,71,78.7,61950.97,0.0,0.8486625732412173,0,0,0.4218560812728139,TN
Transfer,ATM,Android,0,Student,Active,100k-249k,7.048395096781448,-0.4999999999999997,-0.8660254037844388,0,96,54.3,30636.16875,0.125,0.6823248888251054,0,0,0.4931119960830406,TN
Transfer,Mobile App,Web Browser,0,Premium,Active,Below 100k,9.2773726561005,-0.7071067811865471,-0.7071067811865479,0,37,100.0,25472.385,0.0,0.9144422392194572,0,0,0.47568008532864364,TN
Bill Payment,Mobile App,Android,0,Everyday,Active,500k-999k,8.311813425666337,-0.7071067811865471,-0.7071067811865479,0,95,54.2,42162.882,0.2,0.78050185417986,0,0,0.32067023241585485,TN
Transfer,ATM,iOS,0,Everyday,Active,250k-499k,12.221403721698788,-0.7071067811865471,-0.7071067811865479,0,18,75.9,62197.95,0.0,1.1072024199763486,0,1,0.6690128062061221,FP
Card Purchase,Mobile App,POS Terminal,0,SME,Active,Below 100k,5.933146637783467,-0.7071067811865471,-0.7071067811865479,0,14,23.6,13480.261666666667,0.0,0.6239469672959495,0,0,0.29991535562684596,TN
Airtime/Data,POS,POS Terminal,0,Everyday,Active,100k-249k,10.51663300374958,-0.7071067811865471,-0.7071067811865479,0,29,80.5,18893.56,0.2,1.0680439622980888,0,0,0.33368088854593775,TN
Deposit,USSD,POS Terminal,0,Everyday,Active,100k-249k,10.683841715953628,-0.7071067811865471,-0.7071067811865479,0,69,62.0,4350.615,0.125,1.2751797808757936,0,0,0.32586221688200717,TN
Transfer,Web,Android,1,Everyday,Active,500k-999k,9.817444797190143,-0.8660254037844385,-0.5000000000000004,0,20,91.7,13048.95875,0.125,1.035973523702191,0,1,0.6413707266876293,FP
Cash Withdrawal,Web,iOS,0,SME,Active,100k-249k,11.800893296588969,-0.8660254037844385,-0.5000000000000004,0,52,70.1,62590.25166666667,0.1666666666666666,1.0684975022923533,0,0,0.45311996498991114,TN
Cash Withdrawal,Mobile App,Web Browser,0,Everyday,Active,250k-499k,7.962753484431107,-0.8660254037844385,-0.5000000000000004,0,18,58.7,77726.755,0.3333333333333333,0.7071109438249383,0,0,0.4430832760215898,TN
Airtime/Data,USSD,Web Browser,0,Student,Dormant,100k-249k,5.906832156267279,-0.8660254037844385,-0.5000000000000004,0,69,83.2,40669.36749999999,0.5,0.5565523618140853,0,0,0.3274555676950817,TN
Card Purchase,Mobile App,iOS,0,Student,Active,500k-999k,11.297435797811572,-0.8660254037844385,-0.5000000000000004,0,90,76.4,6897.251428571429,0.4285714285714285,1.2781316994076657,0,0,0.31590339003065127,TN
Cash Withdrawal,POS,ATM Terminal,1,Everyday,Active,100k-249k,12.039651346979277,-0.9659258262890684,-0.2588190451025206,0,27,71.8,39417.024,0.0,1.1377505067597673,0,1,0.5924170369764086,FP
Deposit,ATM,Android,0,SME,Active,500k-999k,12.39632855857095,-0.9659258262890684,-0.2588190451025206,0,28,56.7,59446.574,0.2,1.1276719370044483,1,1,0.5507659188667311,TP
Transfer,POS,Android,0,SME,Active,500k-999k,6.496820238030941,-0.9659258262890684,-0.2588190451025206,0,19,50.1,31761.552000000003,0.2,0.6267406060426276,0,1,0.525489127910318,FP
Cash Withdrawal,USSD,Android,0,Premium,Active,Below 100k,10.508157281944715,-0.9659258262890684,-0.2588190451025206,0,62,53.9,87632.896,0.4,0.9233132629197154,0,0,0.44262300767139795,TN
Card Purchase,Web,Web Browser,0,Premium,Active,1m+,8.589863559283351,-0.9659258262890684,-0.2588190451025206,0,31,79.9,33274.191666666666,0.1666666666666666,0.8249515442789692,1,0,0.3562359711707799,FN
Airtime/Data,Mobile App,POS Terminal,0,Student,Active,Below 100k,9.62555050933653,-0.9659258262890684,-0.2588190451025206,0,3,76.2,25581.72857142857,0.4285714285714285,0.9483606770569124,0,0,0.3559334713417937,TN
Airtime/Data,POS,iOS,1,Everyday,Active,250k-499k,5.591658396851496,-1.0,-1.8369701987210292e-16,0,47,87.9,115597.10666666667,0.6666666666666666,0.4796464592004233,0,0,0.27232484687998026,TN
Transfer,POS,Web Browser,0,Everyday,Active,100k-249k,12.475078001360403,-1.0,-1.8369701987210292e-16,0,64,86.6,50876.936,0.2,1.1511364275827265,1,1,0.6858956356121678,TP
Transfer,ATM,iOS,0,Everyday,Active,250k-499k,8.49634129382847,-1.0,-1.8369701987210292e-16,0,50,46.7,10095.368333333334,0.1666666666666666,0.921518960596576,0,1,0.5111407482246701,FP
Transfer,POS,POS Terminal,0,SME,Active,100k-249k,8.413562290223673,-1.0,-1.8369701987210292e-16,0,73,53.1,28185.64,0.1666666666666666,0.8211074415041718,0,1,0.5012573351357784,FP
Transfer,POS,POS Terminal,0,Everyday,Active,Below 100k,7.428933133026921,-1.0,-1.8369701987210292e-16,0,96,53.3,21735.834285714285,0.0,0.7438779448867021,0,0,0.46458220680653994,TN
Card Purchase,USSD,ATM Terminal,0,SME,Active,Below 100k,5.751429128123554,-1.0,-1.8369701987210292e-16,0,9,90.4,18107.802,0.1,0.5866318992574762,0,0,0.3369302851147909,TN
Card Purchase,Web,Android,0,Everyday,Active,100k-249k,7.704829948908025,-0.9659258262890684,0.2588190451025203,0,68,84.1,52919.24285714286,0.1428571428571428,0.7083897171002663,0,0,0.363318401674234,TN
Cash Withdrawal,Mobile App,Android,0,Everyday,Active,100k-249k,7.727160591012582,-0.9659258262890684,0.2588190451025203,0,65,90.9,50148.4975,0.0,0.7139729511610033,0,0,0.4725788418247069,TN
Cash Withdrawal,ATM,iOS,0,Everyday,Active,100k-249k,10.98338123614359,-0.9659258262890684,0.2588190451025203,0,61,85.9,24146.26333333333,0.1111111111111111,1.088333473074247,1,0,0.4598129912406659,FN
Transfer,Mobile App,Android,0,Everyday,Active,100k-249k,11.361568479143344,-0.9659258262890684,0.2588190451025203,0,85,64.2,17912.37,0.2,1.1601365643785406,0,1,0.5385763953189433,FP
Cash Withdrawal,Web,Android,0,SME,Active,100k-249k,11.479162455421282,-0.9659258262890684,0.2588190451025203,0,36,85.6,15971.486666666666,0.3333333333333333,1.186032613244834,1,0,0.4901513587483833,FN
Airtime/Data,POS,Web Browser,0,SME,Active,250k-499k,4.648612743830928,-0.8660254037844386,0.5000000000000001,0,80,94.9,61862.31272727272,0.2727272727272727,0.4213492686876797,0,0,0.3408018018303319,TN
Card Purchase,Mobile App,iOS,0,Student,Dormant,500k-999k,7.952548278605199,-0.8660254037844386,0.5000000000000001,0,25,96.5,30045.171666666665,0.1666666666666666,0.7713064914903827,0,0,0.3556801069162798,TN
Transfer,Mobile App,POS Terminal,0,Everyday,Active,100k-249k,6.256037908185332,-0.8660254037844386,0.5000000000000001,0,53,58.3,33123.59,0.4,0.6010779364966279,0,1,0.5052281026107699,FP
Transfer,Mobile App,Android,0,Everyday,Active,100k-249k,9.668349225665162,-0.8660254037844386,0.5000000000000001,0,18,100.0,2722.49,0.4,1.2223455502476055,0,1,0.5317714314284822,FP
Transfer,Mobile App,Android,0,Premium,Active,250k-499k,12.398041682041992,-0.8660254037844386,0.5000000000000001,0,68,82.0,61807.37,0.0,1.1238463664259708,0,1,0.6855832103192362,FP
Bill Payment,ATM,Web Browser,0,SME,Active,100k-249k,8.375970582787337,-0.8660254037844386,0.5000000000000001,0,36,85.6,36148.38,0.5,0.7980599644314021,0,0,0.38657593464985546,TN
Transfer,Web,Android,0,Everyday,Dormant,250k-499k,12.157616638024184,-0.7071067811865477,0.7071067811865474,0,78,48.7,61163.5675,0.375,1.1030995339411356,0,1,0.5884119811895766,FP
Deposit,POS,iOS,0,Premium,Dormant,250k-499k,13.11542212253763,-0.7071067811865477,0.7071067811865474,0,78,47.9,21232.63,0.3333333333333333,1.3163678159819978,0,0,0.48806279211202375,TN
Deposit,Mobile App,Android,0,Everyday,Active,250k-499k,8.466247205131298,-0.7071067811865477,0.7071067811865474,0,77,53.0,90356.74727272728,0.3636363636363636,0.7419027678040806,0,0,0.31869772391318674,TN
Card Purchase,Web,Android,0,SME,Active,Below 100k,5.771877165121539,-0.7071067811865477,0.7071067811865474,0,79,86.6,7714.32,0.0,0.644833076546515,0,0,0.3196923527879058,TN
Card Purchase,Mobile App,POS Terminal,0,Everyday,Active,250k-499k,10.434783815722628,-0.7071067811865477,0.7071067811865474,0,53,60.5,218826.855,0.5,0.8486295803008487,0,0,0.30326942225946774,TN
Cash Withdrawal,Mobile App,iOS,0,Premium,Dormant,Below 100k,10.10477887355221,-0.5000000000000004,0.8660254037844384,0,51,62.4,8884.502222222223,0.4444444444444444,1.111370763221099,1,0,0.4469632969649252,FN
Deposit,POS,Web Browser,0,Student,Active,500k-999k,9.182059203213283,-0.5000000000000004,0.8660254037844384,0,24,55.1,81040.4842857143,0.2857142857142857,0.8123763203650808,0,0,0.32409169916321356,TN
Transfer,Mobile App,Android,0,Student,Active,Below 100k,8.71535856937148,-0.5000000000000004,0.8660254037844384,0,19,93.0,70411.16076923077,0.2307692307692307,0.7807976962555754,1,1,0.5506604691588786,TP
Airtime/Data,Mobile App,Android,0,Everyday,Active,1m+,5.114454622735253,-0.5000000000000004,0.8660254037844384,0,30,100.0,36589.49,0.0,0.4867412207180414,0,0,0.320118886391544,TN
Cash Withdrawal,Mobile App,Android,0,Everyday,Restricted,500k-999k,11.717327771122909,-0.5000000000000004,0.8660254037844384,0,38,52.1,36131.552500000005,0.5,1.1164730049811369,0,0,0.42677340880526143,TN
Card Purchase,POS,Android,0,Everyday,Active,500k-999k,7.252960698677571,-0.5000000000000004,0.8660254037844384,0,31,67.3,20550.82,0.0,0.730357095393107,0,0,0.31903777169617975,TN
Card Purchase,ATM,Android,0,Everyday,Active,Below 100k,6.3267396388657176,-0.2588190451025215,0.965925826289068,0,63,82.5,54417.100000000006,0.75,0.5801978478104486,0,0,0.3244150081653857,TN
Card Purchase,POS,iOS,0,Student,Active,1m+,10.690430129831968,-0.2588190451025215,0.965925826289068,0,2,60.8,37834.04,0.5,1.014176958730362,0,0,0.31525033180227413,TN
Card Purchase,Mobile App,Web Browser,0,Premium,Dormant,100k-249k,8.80691967263954,-0.2588190451025215,0.965925826289068,0,24,68.2,101947.095,0.0,0.7636795315591316,0,0,0.36722636289104205,TN
Cash Withdrawal,Web,iOS,0,Student,Active,500k-999k,11.120075302790008,-0.2588190451025215,0.965925826289068,0,31,40.8,34996.297,0.2,1.062797243075992,0,0,0.46209390661330396,TN
Transfer,Web,Android,0,Everyday,Active,100k-249k,12.34952126202419,-0.2588190451025215,0.965925826289068,0,68,57.1,104460.33,0.1666666666666666,1.0686145521274877,1,1,0.6384141827424005,TP
Transfer,POS,Web Browser,0,Everyday,Active,Below 100k,8.814135752874607,0.0,1.0,1,78,38.3,38419.792,0.0,0.8349602249805903,1,1,0.5163292506594019,TP
Transfer,POS,iOS,0,Everyday,Active,500k-999k,6.586516423001513,0.0,1.0,1,80,97.1,92153.546,0.2,0.5761865401021645,0,0,0.49298853068226056,TN
Card Purchase,Mobile App,iOS,0,SME,Active,100k-249k,7.324397687680427,0.0,1.0,1,60,75.2,14732.34714285714,0.2857142857142857,0.7631275133967849,0,1,0.5289452973699078,FP
Card Purchase,Web,Android,0,Student,Active,250k-499k,6.0328703711666005,0.0,1.0,1,12,66.9,14614.446666666665,0.0,0.6290901615850768,1,0,0.4799036037424014,FN
Bill Payment,Mobile App,POS Terminal,0,Premium,Active,1m+,7.005779953029268,0.0,1.0,1,80,63.2,9224.823333333332,0.0,0.7673562762763334,1,0,0.4932424349973681,FN
Transfer,Web,Android,0,Premium,Active,250k-499k,11.989487292147428,0.0,1.0,1,93,67.6,7568.903333333333,0.0,1.3423168124384213,0,1,0.6240159765615075,FP
Transfer,ATM,Android,0,Everyday,Active,250k-499k,12.618523330913344,0.2588190451025207,0.9659258262890684,1,17,45.0,6010.785,0.25,1.4501587888700784,0,1,0.7303750598918054,FP
Transfer,Mobile App,iOS,1,SME,Active,500k-999k,10.819257949059322,0.2588190451025207,0.9659258262890684,1,58,72.5,17400.04857142857,0.0,1.10804397068845,1,1,0.669305645691912,TP
Transfer,Mobile App,Android,0,Everyday,Active,250k-499k,11.192765241120872,0.2588190451025207,0.9659258262890684,1,77,88.2,30579.40583333333,0.25,1.0837181335998176,1,1,0.6351204976849371,TP
Transfer,Mobile App,Android,0,Everyday,Active,100k-249k,11.190476224926076,0.2588190451025207,0.9659258262890684,1,25,71.7,30844.0375,0.0,1.0825933319273522,0,1,0.646483467795657,FP
Deposit,POS,ATM Terminal,0,Premium,Active,250k-499k,7.716313796053292,0.2588190451025207,0.9659258262890684,1,56,78.1,48288.008,0.2,0.7154699083353023,0,0,0.4865679757454825,TN
Bill Payment,USSD,ATM Terminal,0,Student,Active,250k-499k,6.465786961959058,0.4999999999999999,0.8660254037844387,1,61,100.0,23071.378333333338,0.3333333333333333,0.6435929758392104,0,0,0.4660260997091536,TN
Airtime/Data,Mobile App,Android,0,Everyday,Active,250k-499k,8.94557893658897,0.4999999999999999,0.8660254037844387,1,46,71.0,16808.36,0.2,0.9194103693349944,1,1,0.5613297036428825,TP
Transfer,Mobile App,iOS,0,Everyday,Active,100k-249k,6.47067565710463,0.4999999999999999,0.8660254037844387,1,94,98.8,92721.72,0.4,0.5657486230248024,0,0,0.48974691452013003,TN
Deposit,Mobile App,Android,0,Everyday,Active,100k-249k,12.225631174409308,0.4999999999999999,0.8660254037844387,1,41,33.3,14838.353999999998,0.0,1.2728352760068449,0,1,0.6920656476677672,FP
Bill Payment,Mobile App,Android,0,Premium,Active,1m+,9.346731421880497,0.4999999999999999,0.8660254037844387,1,41,83.8,30863.4075,0.25,0.9041701538864894,0,1,0.5195183086445452,FP
Cash Withdrawal,Mobile App,ATM Terminal,0,Everyday,Active,1m+,7.535029715391374,0.4999999999999999,0.8660254037844387,1,44,90.6,108388.43444444444,0.2222222222222222,0.6499365060367931,0,1,0.5470242991060412,FP
Card Purchase,Mobile App,iOS,0,Student,Active,250k-499k,9.92128228300304,0.7071067811865476,0.7071067811865476,1,83,59.4,21165.7025,0.25,0.9960942183577538,0,0,0.4538826983557341,TN
Card Purchase,POS,POS Terminal,0,Student,Active,500k-999k,9.582354861205946,0.7071067811865476,0.7071067811865476,1,31,40.8,37952.26909090909,0.1818181818181818,0.9087873726716884,0,0,0.3878066636407471,TN
Deposit,Web,iOS,0,Student,Active,100k-249k,9.373074678278709,0.7071067811865476,0.7071067811865476,1,36,73.2,19918.1725,0.125,0.9468289703505048,0,0,0.4907581748651238,TN
Bill Payment,Mobile App,ATM Terminal,0,Everyday,Active,100k-249k,10.547175019828662,0.7071067811865476,0.7071067811865476,1,30,100.0,42677.98818181818,0.1818181818181818,0.9892803652776052,0,0,0.49483400463153854,TN
Bill Payment,Mobile App,iOS,0,Everyday,Active,Below 100k,7.828918122820025,0.7071067811865476,0.7071067811865476,1,46,62.4,2284.334,0.2,1.0122378311771738,0,0,0.46340196860427424,TN
Transfer,Web,iOS,0,Everyday,Dormant,250k-499k,8.785452354469871,0.7071067811865476,0.7071067811865476,1,61,54.1,29321.373333333333,0.3333333333333333,0.8541086656356596,0,1,0.6163708431860607,FP
Transfer,Mobile App,iOS,0,Everyday,Active,500k-999k,10.953330201824173,0.8660254037844386,0.5000000000000001,1,69,63.8,43062.346666666665,0.3333333333333333,1.0265127815366897,0,1,0.6018350916445023,FP
Airtime/Data,Web,POS Terminal,0,Everyday,Active,1m+,9.278842589778966,0.8660254037844386,0.5000000000000001,1,33,38.1,38243.805,0.1666666666666666,0.8793641951884696,1,0,0.4792975459128156,FN
Card Purchase,Mobile App,Android,0,Everyday,Active,250k-499k,7.454314774699239,0.8660254037844386,0.5000000000000001,1,4,40.4,32226.716666666664,0.0,0.7181018061667763,1,0,0.4481184037794778,FN
Bill Payment,POS,iOS,0,SME,Dormant,250k-499k,6.305380726364039,0.8660254037844386,0.5000000000000001,1,21,41.8,24929.384285714284,0.0,0.6228248483413599,1,0,0.4238941482459211,FN
Card Purchase,Mobile App,Android,0,Everyday,Active,500k-999k,6.832665286342558,0.8660254037844386,0.5000000000000001,1,18,26.6,57378.8425,0.125,0.623563540654466,0,0,0.4455276623693413,TN
Bill Payment,ATM,iOS,0,Everyday,Active,100k-249k,7.609604486835983,0.9659258262890684,0.2588190451025207,0,21,47.0,112524.82333333336,0.0,0.6542554415649492,0,0,0.4333561139404939,TN
Transfer,POS,iOS,0,SME,Active,100k-249k,12.37082895771957,0.9659258262890684,0.2588190451025207,0,43,76.9,64800.805,0.5,1.1165926414622611,1,1,0.6433924309342335,TP
Transfer,Mobile App,ATM Terminal,0,Everyday,Active,250k-499k,12.2933043732408,0.9659258262890684,0.2588190451025207,0,2,91.7,127770.80333333332,0.3333333333333333,1.0455267183871524,1,1,0.6158432219763906,TP
Card Purchase,Web,ATM Terminal,0,Premium,Active,250k-499k,9.93026774072107,0.9659258262890684,0.2588190451025207,0,73,83.0,49832.27666666667,0.1666666666666666,0.9180718749422576,1,0,0.4117251066932521,FN
Cash Withdrawal,Mobile App,Android,0,SME,Dormant,250k-499k,10.824256243369868,0.9659258262890684,0.2588190451025207,0,11,56.9,7106.556,0.2,1.2204714784760116,0,1,0.5264409296879072,FP
Card Purchase,Web,Android,0,Student,Active,500k-999k,9.677956152579174,0.9659258262890684,0.2588190451025207,0,4,83.7,5184.632,0.2,1.131442079482806,0,0,0.42548461635640417,TN
Bill Payment,Mobile App,Web Browser,0,Everyday,Active,Below 100k,10.343010066840694,1.0,6.123233995736766e-17,0,24,97.5,29347.984,0.6,1.0054434516362185,0,0,0.35612729056526926,TN
Card Purchase,Mobile App,Android,0,Everyday,Active,Below 100k,7.950738571889286,1.0,6.123233995736766e-17,0,87,38.6,25484.175,0.0,0.7836442344478626,1,0,0.3265459098214909,FN
Airtime/Data,Mobile App,iOS,0,SME,Active,Below 100k,8.003068799358658,1.0,6.123233995736766e-17,0,70,94.9,51658.80857142858,0.4285714285714285,0.7374445028300667,0,0,0.32653016517393035,TN
Transfer,Mobile App,Android,0,Everyday,Active,500k-999k,10.776716074146137,1.0,6.123233995736766e-17,0,50,70.5,7035.812727272728,0.0909090909090909,1.2164832167014592,1,0,0.43742057678794993,FN
Transfer,POS,ATM Terminal,0,Everyday,Active,250k-499k,9.401130138722236,1.0,6.123233995736766e-17,0,95,92.5,10395.852222222222,0.2222222222222222,1.016419886254482,1,0,0.46913016549878306,FN
Airtime/Data,USSD,Web Browser,0,Everyday,Dormant,250k-499k,9.407086558435246,0.9659258262890684,-0.2588190451025206,0,9,50.5,6899.593333333333,0.0,1.064226788959724,0,0,0.3675978877221982,TN
Cash Withdrawal,Mobile App,iOS,0,Everyday,Active,Below 100k,12.057006757874674,0.9659258262890684,-0.2588190451025206,0,50,95.0,74890.50499999999,0.5,1.0742361168724772,0,1,0.5920123970430865,FP
Bill Payment,Mobile App,Android,0,Everyday,Active,250k-499k,9.7316927940694,0.9659258262890684,-0.2588190451025206,0,86,93.4,30361.620000000003,0.0,0.9429050881113252,0,0,0.317938779882359,TN
Transfer,Mobile App,Web Browser,0,Premium,Active,100k-249k,6.7237483026663085,0.9659258262890684,-0.2588190451025206,0,27,54.1,77055.47666666667,0.1666666666666666,0.5975446753610415,1,1,0.5186495775224119,TP
Airtime/Data,Mobile App,Android,1,Everyday,Active,1m+,8.397776572188477,0.9659258262890684,-0.2588190451025206,0,44,90.6,97736.741,0.2,0.7308742473494919,0,0,0.4904258182603777,TN
Bill Payment,Mobile App,iOS,0,Student,Active,100k-249k,9.903958441650444,0.9659258262890684,-0.2588190451025206,0,5,85.8,66566.587,0.2,0.8917686357938714,0,0,0.373740058915621,TN
Bill Payment,ATM,Web Browser,0,Student,Active,250k-499k,7.715810254541698,0.8660254037844387,-0.4999999999999998,0,78,75.8,18099.59833333333,0.1666666666666666,0.7870304108708464,0,0,0.36975501550737994,TN
Airtime/Data,Mobile App,Android,0,Student,Active,1m+,6.606190621154917,0.8660254037844387,-0.4999999999999998,0,21,60.0,81165.92142857144,0.0,0.5843981672509265,1,0,0.33723472874326693,FN
Cash Withdrawal,Mobile App,Android,0,Premium,Active,250k-499k,10.195181690877268,0.8660254037844387,-0.4999999999999998,0,65,77.2,30548.112,0.0,0.987226876618828,0,0,0.4428231039293153,TN
Card Purchase,POS,iOS,0,Premium,Active,100k-249k,10.22717339046296,0.8660254037844387,-0.4999999999999998,0,19,92.4,20469.11625,0.25,1.0302669957134185,0,0,0.32222187868119156,TN
Card Purchase,Web,Android,0,Everyday,Active,100k-249k,11.27827180072501,0.8660254037844387,-0.4999999999999998,0,15,75.8,66547.87833333334,0.1666666666666666,1.0155397639352868,0,0,0.33464596282053294,TN
Bill Payment,Web,Android,0,Student,Active,Below 100k,10.254726648989712,0.7071067811865476,-0.7071067811865475,0,40,55.0,839.82,0.0,1.52274304304315,0,0,0.3461721206482763,TN
Bill Payment,Mobile App,Android,0,Everyday,Dormant,Below 100k,6.925408539219455,0.7071067811865476,-0.7071067811865475,0,73,67.8,16607.58166666667,0.1666666666666666,0.7126610712540152,0,0,0.3433178538929458,TN
Cash Withdrawal,ATM,Web Browser,0,Everyday,Active,500k-999k,8.82987465866421,0.7071067811865476,-0.7071067811865475,0,55,56.8,84018.212,0.0,0.7787309117532234,0,0,0.44256091521649515,TN
Transfer,POS,POS Terminal,0,Everyday,Active,1m+,7.227299324582662,0.7071067811865476,-0.7071067811865475,0,44,67.5,83858.90500000001,0.0,0.6375020934780038,0,1,0.5021160618216337,FP
Deposit,Web,POS Terminal,0,SME,Active,250k-499k,11.866545336925322,0.7071067811865476,-0.7071067811865475,0,68,100.0,62189.89857142857,0.2857142857142857,1.0750665066869611,0,0,0.3659643987540609,TN
Cash Withdrawal,ATM,POS Terminal,0,Everyday,Active,100k-249k,8.37917173351885,0.7071067811865476,-0.7071067811865475,0,1,56.1,61093.9325,0.25,0.7603477018599557,0,0,0.44737161821625554,TN
Transfer,Mobile App,Web Browser,0,Student,Dormant,500k-999k,7.05561478222099,0.4999999999999999,-0.8660254037844387,0,25,96.5,26158.977142857144,0.1428571428571428,0.6936319839122989,0,1,0.5096014138758554,FP
Card Purchase,Mobile App,POS Terminal,0,Everyday,Active,250k-499k,6.321163899441766,0.4999999999999999,-0.8660254037844387,0,17,71.0,39999.82333333333,0.1666666666666666,0.5965244419876135,0,0,0.323168474310531,TN
Airtime/Data,Mobile App,Android,0,Everyday,Dormant,250k-499k,5.32159434345253,0.4999999999999999,-0.8660254037844387,0,56,68.3,47640.122,0.6,0.4940461651322906,0,0,0.324114045843924,TN
Card Purchase,POS,iOS,0,Everyday,Active,100k-249k,7.28526662940865,0.4999999999999999,-0.8660254037844387,0,33,93.2,69691.99444444446,0.3333333333333333,0.6532784524294712,0,0,0.31281176535131894,TN
Transfer,ATM,Web Browser,0,Premium,Active,Below 100k,11.536504677472893,0.4999999999999999,-0.8660254037844387,0,88,58.4,86040.99625,0.125,1.0153058308831473,0,0,0.47961897922796964,TN
Transfer,Web,POS Terminal,0,Everyday,Active,1m+,7.832125285444198,0.258819045102521,-0.9659258262890682,0,86,73.5,149763.70500000002,0.5,0.657232786936758,0,0,0.438882546683899,TN
Transfer,ATM,Android,0,Premium,Active,100k-249k,8.128856549986539,0.258819045102521,-0.9659258262890682,0,44,66.1,6926.361666666667,0.3333333333333333,0.9192175924597756,0,1,0.5347673894481415,FP
Transfer,Web,iOS,0,Premium,Active,1m+,12.205439445101089,0.258819045102521,-0.9659258262890682,0,30,54.7,110971.365,0.5,1.0506500053184904,0,1,0.5755536531192385,FP
Deposit,POS,iOS,0,Everyday,Active,500k-999k,9.805451811762762,0.258819045102521,-0.9659258262890682,0,4,57.7,88853.205,0.1666666666666666,0.8605234826154564,0,0,0.31347100422284935,TN
Transfer,Mobile App,iOS,0,Everyday,Active,500k-999k,9.675918598556228,0.258819045102521,-0.9659258262890682,0,28,64.0,50867.62875,0.25,0.8928593796460751,0,0,0.4899157673251998,TN
Deposit,POS,iOS,1,Everyday,Active,250k-499k,6.926567219631883,0.258819045102521,-0.9659258262890682,0,3,63.6,53998.3,0.0,0.6356557914007401,0,0,0.4757419623247315,TN
Transfer,ATM,ATM Terminal,0,Premium,Active,100k-249k,6.774281027582166,1.2246467991473532e-16,-1.0,0,16,90.8,26574.91769230769,0.3076923076923077,0.6649430825810021,0,1,0.5701548829780158,FP
Airtime/Data,Mobile App,ATM Terminal,0,Everyday,Active,100k-249k,9.207787115188465,1.2246467991473532e-16,-1.0,0,20,71.1,40376.225,0.125,0.8681660134264555,0,0,0.35511675563692874,TN
Transfer,Mobile App,Android,0,Premium,Active,1m+,8.483162665906548,1.2246467991473532e-16,-1.0,0,71,65.3,64276.73636363636,0.1818181818181818,0.7662529783398466,0,0,0.47611944753466307,TN
Cash Withdrawal,Web,Android,0,Student,Active,100k-249k,7.733863064298199,1.2246467991473532e-16,-1.0,0,7,56.1,7040.914999999999,0.125,0.8729324277612965,0,0,0.4414501162667511,TN
Transfer,Mobile App,ATM Terminal,0,Student,Active,1m+,9.131625032958958,1.2246467991473532e-16,-1.0,0,69,86.4,6155.368,0.4,1.046575527421406,0,0,0.47358644024992136,TN
Card Purchase,Web,POS Terminal,0,Student,Active,500k-999k,5.994759114057412,1.2246467991473532e-16,-1.0,0,45,95.4,30895.3425,0.0,0.5798540509887461,0,0,0.2978012531054019,TN
Transfer,Mobile App,Android,0,Everyday,Active,250k-499k,11.040081485746914,-0.2588190451025208,-0.9659258262890684,0,81,44.3,57129.89,0.0,1.0079412452928658,0,0,0.4644700101101094,TN
Cash Withdrawal,Web,iOS,0,Everyday,Dormant,250k-499k,7.351177481701022,-0.2588190451025208,-0.9659258262890684,0,80,69.5,97325.2342857143,0.2857142857142857,0.6400217846645688,0,0,0.40802216002723735,TN
Card Purchase,Web,ATM Terminal,0,Everyday,Active,Below 100k,6.057158650303345,-0.2588190451025208,-0.9659258262890684,0,61,58.2,71101.8325,0.375,0.5421788741197514,0,0,0.3595150466730119,TN
Deposit,Web,POS Terminal,0,Premium,Active,100k-249k,9.657313958920316,-0.2588190451025208,-0.9659258262890684,0,41,34.9,16993.114999999998,0.3,0.9914473198520816,0,0,0.33430489014689335,TN
Transfer,POS,iOS,0,Premium,Restricted,500k-999k,10.20815689582585,-0.2588190451025208,-0.9659258262890684,0,27,66.9,39232.32428571428,0.0,0.9651021041103136,0,1,0.5317100345947127,FP
Transfer,POS,Web Browser,0,SME,Active,250k-499k,11.410952649016885,-0.4999999999999997,-0.8660254037844388,0,15,56.2,35186.53875,0.125,1.090032966411488,0,1,0.5213898224205668,FP
Transfer,POS,POS Terminal,0,Premium,Active,100k-249k,6.698551614401613,-0.4999999999999997,-0.8660254037844388,0,50,90.7,55289.01857142857,0.2857142857142857,0.6134009478104555,1,1,0.556150641389208,TP
Cash Withdrawal,Web,Android,0,Everyday,Active,Below 100k,8.756606863556147,-0.4999999999999997,-0.8660254037844388,0,11,74.4,108988.24307692309,0.3076923076923077,0.7549446926224832,0,0,0.43967355635551353,TN
Transfer,ATM,POS Terminal,0,Everyday,Active,250k-499k,8.041821580301207,-0.4999999999999997,-0.8660254037844388,0,33,53.8,52750.083333333336,0.5,0.7395907683219741,0,1,0.5000931604323745,FP
Transfer,Web,Android,0,Everyday,Active,500k-999k,11.27395901422712,-0.4999999999999997,-0.8660254037844388,0,5,60.0,10061.976,0.1,1.2232207886945594,0,0,0.49021451304267827,TN
Bill Payment,ATM,Web Browser,0,Everyday,Active,Below 100k,8.172226579523949,-0.4999999999999997,-0.8660254037844388,0,40,53.8,102332.72666666668,0.3333333333333333,0.7084110972624561,0,0,0.3529746740574994,TN
Transfer,Mobile App,POS Terminal,0,SME,Active,100k-249k,10.485545897451903,-0.7071067811865471,-0.7071067811865479,0,21,49.2,71792.43333333333,0.2222222222222222,0.937754380931456,0,1,0.5071402218524568,FP
Bill Payment,Web,iOS,0,Everyday,Active,100k-249k,8.807639440010684,-0.7071067811865471,-0.7071067811865479,0,12,68.8,18793.824,0.4,0.89496372559707,0,0,0.35189071771707153,TN
Transfer,ATM,Android,0,Premium,Active,100k-249k,10.089690732739731,-0.7071067811865471,-0.7071067811865479,0,49,49.8,22604.17,0.1111111111111111,1.006359189386938,0,1,0.526451728700192,FP
Cash Withdrawal,POS,Android,0,Everyday,Active,250k-499k,8.926686176724813,-0.7071067811865471,-0.7071067811865479,0,91,71.1,16484.44,0.6,0.9193071184001296,1,0,0.40530961490413814,FN
Airtime/Data,Mobile App,Android,0,Student,Active,500k-999k,6.094336970028611,-0.7071067811865471,-0.7071067811865479,0,50,90.6,11972.64,0.0,0.6489921817532718,0,0,0.3348902215696068,TN
Transfer,Mobile App,Web Browser,0,Everyday,Active,100k-249k,6.622310701470548,-0.8660254037844385,-0.5000000000000004,0,93,80.8,48718.462222222224,0.1111111111111111,0.613527203104382,0,0,0.4490903146665723,TN
Transfer,Mobile App,POS Terminal,0,Everyday,Active,Below 100k,7.395230389139877,-0.8660254037844385,-0.5000000000000004,0,37,67.9,65596.19,0.3333333333333333,0.6667602803835154,0,1,0.5098560027264439,FP
Deposit,POS,ATM Terminal,0,Student,Active,500k-999k,8.038796034869584,-0.8660254037844385,-0.5000000000000004,0,83,79.4,76117.0325,0.25,0.7151928014545751,0,0,0.32187921022564225,TN
Cash Withdrawal,Mobile App,ATM Terminal,0,Premium,Active,1m+,12.069450653347744,-0.8660254037844385,-0.5000000000000004,0,35,45.0,61732.4225,0.0,1.0941808885073876,1,1,0.5271946843169197,TP
Card Purchase,USSD,Android,0,Premium,Active,100k-249k,11.700149485029304,-0.8660254037844385,-0.5000000000000004,0,50,90.7,48479.170000000006,0.375,1.084460742274851,0,0,0.32714608882884944,TN
Cash Withdrawal,USSD,Web Browser,0,Premium,Active,500k-999k,8.320394545441196,-0.8660254037844385,-0.5000000000000004,0,20,77.2,12000.284,0.6,0.8858297924296129,0,0,0.3995690160006621,TN
Transfer,POS,ATM Terminal,0,Everyday,Active,Below 100k,6.934202448996985,-0.9659258262890684,-0.2588190451025206,0,43,60.8,254460.485,0.5,0.5571025550918696,0,0,0.48055434854092366,TN
Deposit,POS,Android,0,Student,Active,Below 100k,8.753472489803576,-0.9659258262890684,-0.2588190451025206,0,3,76.2,24277.24875,0.375,0.8669090926401752,0,0,0.33101403368169957,TN
Bill Payment,USSD,POS Terminal,0,Everyday,Active,1m+,10.434468388491762,-0.9659258262890684,-0.2588190451025206,0,49,83.5,3002.72,0.6666666666666666,1.3030695249874888,0,0,0.3185111295972098,TN
Cash Withdrawal,Mobile App,Android,0,Everyday,Active,100k-249k,11.71566465598326,-0.9659258262890684,-0.2588190451025206,0,38,33.4,50295.64000000001,0.4285714285714285,1.0822091533293898,0,0,0.44772307836960984,TN
Airtime/Data,Mobile App,Android,0,Premium,Active,100k-249k,7.71976491241803,-0.9659258262890684,-0.2588190451025206,0,85,49.7,62564.06166666667,0.5,0.6990031943282569,0,0,0.36857742962577444,TN
Cash Withdrawal,POS,Android,0,Everyday,Active,100k-249k,9.890052201046878,-1.0,-1.8369701987210292e-16,0,59,49.6,59320.045,0.25,0.8998548529839822,0,0,0.4539285701350237,TN
Card Purchase,Mobile App,POS Terminal,0,SME,Active,Below 100k,8.638254403531459,-1.0,-1.8369701987210292e-16,0,53,92.7,79924.3025,0.25,0.7652024890547009,1,0,0.3533670504189427,FN
Airtime/Data,Mobile App,Web Browser,0,Everyday,Active,100k-249k,5.74444445637509,-1.0,-1.8369701987210292e-16,0,86,80.6,4278.773999999999,0.0,0.6869984619372895,1,0,0.3452738379773393,FN
Transfer,Mobile App,iOS,0,Everyday,Active,250k-499k,6.55461693105174,-1.0,-1.8369701987210292e-16,0,83,45.0,13700.061428571427,0.1428571428571428,0.6881322450498172,1,0,0.47701075057474857,FN
Transfer,Web,POS Terminal,0,Everyday,Active,100k-249k,10.441624600711917,-1.0,-1.8369701987210292e-16,0,39,71.6,75712.81222222223,0.1111111111111111,0.9294070904553948,1,0,0.4992137136337406,FN
Transfer,Web,Android,0,SME,Active,250k-499k,11.64789288850862,-1.0,-1.8369701987210292e-16,0,37,66.1,42180.6325,0.0,1.0937255479836672,0,0,0.48937247899053204,TN
Airtime/Data,Mobile App,Android,0,Everyday,Active,Below 100k,9.262164975194196,-0.9659258262890684,0.2588190451025203,0,16,70.4,39954.422000000006,0.2,0.8741586322312604,0,0,0.3902635901123504,TN
Cash Withdrawal,Web,iOS,0,Everyday,Active,100k-249k,11.878708414809022,-0.9659258262890684,0.2588190451025203,0,85,64.2,29252.48833333333,0.1666666666666666,1.1550945592188768,0,0,0.46567223136099484,TN
Card Purchase,ATM,Android,0,Everyday,Active,250k-499k,10.908649414320235,-0.9659258262890684,0.2588190451025203,0,88,97.1,4945.135,0.25,1.2824107114828376,0,0,0.3521791182623098,TN
Transfer,USSD,POS Terminal,0,Student,Active,250k-499k,8.17109638687535,-0.9659258262890684,0.2588190451025203,0,65,57.9,40186.92818181818,0.1818181818181818,0.7707620272801883,0,1,0.5176423770436667,FP
Transfer,Mobile App,iOS,0,Everyday,Active,250k-499k,7.010122318658098,-0.9659258262890684,0.2588190451025203,0,44,65.7,34924.65,0.5,0.6701211995645744,0,1,0.5566353988255065,FP
Transfer,Mobile App,Android,0,Premium,Dormant,500k-999k,9.144736750487228,-0.8660254037844386,0.5000000000000001,0,5,32.1,31869.486,0.2,0.8818933887243875,1,1,0.5522752649280723,TP
Airtime/Data,Mobile App,Android,0,Everyday,Active,500k-999k,6.770915562742133,-0.8660254037844386,0.5000000000000001,0,17,71.4,36646.566,0.1,0.6442905753410719,1,0,0.3901039509601974,FN
Bill Payment,USSD,Android,0,Everyday,Active,250k-499k,10.074912877086549,-0.8660254037844386,0.5000000000000001,0,44,65.7,31167.110000000004,0.4444444444444444,0.9736895822275916,0,0,0.3747110763569754,TN
Airtime/Data,Mobile App,Web Browser,0,SME,Active,500k-999k,5.034156489137602,-0.8660254037844386,0.5000000000000001,0,2,85.1,32149.32857142857,0.4285714285714285,0.4850713211512018,0,0,0.34281987105044276,TN
Card Purchase,Mobile App,Android,0,Everyday,Active,1m+,11.736159972147828,-0.8660254037844386,0.5000000000000001,0,9,74.0,17101.32222222222,0.1111111111111111,1.2040829643628643,0,0,0.3713741323175776,TN
Cash Withdrawal,Mobile App,Android,0,Everyday,Active,250k-499k,12.19272698707039,-0.8660254037844386,0.5000000000000001,0,91,86.2,18026.916666666668,0.1666666666666666,1.244196853017163,1,1,0.6252604207515987,TP
Card Purchase,Web,iOS,0,Everyday,Active,250k-499k,6.270818285059012,-0.7071067811865477,0.7071067811865474,0,83,57.1,7836.085,0.0,0.6993512297187771,0,0,0.355749955557068,TN
Deposit,Mobile App,Android,0,Student,Dormant,Below 100k,9.75074421527093,-0.7071067811865477,0.7071067811865474,0,53,90.5,74689.15,0.4,0.8689648227411032,0,0,0.32693163777861095,TN
Airtime/Data,POS,Web Browser,0,Student,Active,100k-249k,10.193046737110082,-0.7071067811865477,0.7071067811865474,0,38,83.1,40173.14,0.0,0.96151939785656,1,0,0.3596986541889059,FN
Airtime/Data,ATM,Unknown,0,SME,Active,100k-249k,5.772157377462055,-0.7071067811865477,0.7071067811865474,0,2,72.9,59022.9275,0.25,0.5254247182866095,0,0,0.3300080984979805,TN
Cash Withdrawal,Web,iOS,0,Premium,Active,250k-499k,10.729809155764402,-0.7071067811865477,0.7071067811865474,0,14,92.1,45511.645,0.25,1.0003788713200434,0,0,0.44908957366118907,TN
Transfer,Mobile App,Android,0,Student,Active,100k-249k,11.05258333278999,-0.7071067811865477,0.7071067811865474,0,39,53.6,13428.258000000002,0.0,1.162794444421467,0,1,0.568025923157526,FP
Cash Withdrawal,Web,Android,0,Everyday,Active,500k-999k,8.197827794857023,-0.5000000000000004,0.8660254037844384,0,26,53.3,32964.68833333333,0.1666666666666666,0.7880084996578827,0,0,0.4535940691139796,TN
Transfer,ATM,Android,0,SME,Active,500k-999k,6.258471862068579,-0.5000000000000004,0.8660254037844384,0,58,79.9,32125.431666666667,0.0,0.6030846959714126,0,0,0.4939144273896748,TN
Transfer,Mobile App,iOS,0,Everyday,Active,100k-249k,10.73460986268032,-0.5000000000000004,0.8660254037844384,0,39,56.0,9052.2925,0.0,1.1782182847158125,0,1,0.5440389137900397,FP
Transfer,POS,Android,0,Everyday,Active,100k-249k,10.413460713058551,-0.5000000000000004,0.8660254037844384,0,51,61.6,40578.98,0.1666666666666666,0.9813807514234334,0,1,0.5492770283038039,FP
Card Purchase,Mobile App,iOS,0,SME,Active,100k-249k,9.859978095855617,-0.5000000000000004,0.8660254037844384,0,51,82.1,25501.895000000004,0.25,0.9717569779076828,0,0,0.3386092401800145,TN
Cash Withdrawal,POS,iOS,0,SME,Active,250k-499k,7.771973465563183,-0.2588190451025215,0.965925826289068,0,55,77.5,133558.22857142857,0.0,0.6585134470450672,0,0,0.4258363479323743,TN
Card Purchase,Mobile App,iOS,0,Everyday,Active,500k-999k,9.5658978918291,-0.2588190451025215,0.965925826289068,0,21,42.5,84283.56285714285,0.0,0.8434082775338274,0,0,0.34023589692975487,TN
Card Purchase,ATM,Android,0,Student,Active,250k-499k,9.16894112754592,-0.2588190451025215,0.965925826289068,0,33,86.9,16326.9125,0.25,0.945190142878812,0,0,0.35298987807685495,TN
Transfer,Mobile App,POS Terminal,0,Student,Active,1m+,9.29315922259647,-0.2588190451025215,0.965925826289068,0,32,88.0,35406.73,0.2857142857142857,0.8872017473563995,0,1,0.5349409618387152,FP
Cash Withdrawal,Mobile App,ATM Terminal,0,SME,Active,Below 100k,11.19751762790312,-0.2588190451025215,0.965925826289068,0,63,66.9,32796.109,0.1,1.0768815756797376,0,0,0.436650417796741,TN
Cash Withdrawal,POS,POS Terminal,0,Student,Active,250k-499k,9.05184510140074,-0.2588190451025215,0.965925826289068,0,25,100.0,172579.63,0.3333333333333333,0.7506534936511531,0,0,0.40653966982079676,TN
Transfer,Web,Android,0,Premium,Active,100k-249k,8.617850866032,0.0,1.0,1,68,80.9,19702.4,0.0,0.8714982405057042,1,1,0.6229625444967575,TP
Bill Payment,Web,Android,0,Everyday,Active,Below 100k,9.081141295588514,0.0,1.0,1,58,79.5,34457.715,0.5,0.869215250337118,1,0,0.4971226032706282,FN
Cash Withdrawal,POS,iOS,0,Everyday,Active,Below 100k,12.12108148108178,0.0,1.0,1,52,78.8,61255.83714285714,0.2857142857142857,1.0996341826424365,0,1,0.6653604536277034,FP
Card Purchase,Web,iOS,0,Everyday,Restricted,100k-249k,7.906340949583076,0.0,1.0,1,55,89.7,9746.002857142856,0.0,0.8608150441755844,0,1,0.5224588699715035,FP
Cash Withdrawal,ATM,Web Browser,0,Premium,Active,500k-999k,9.366713152536471,0.0,1.0,1,52,43.9,50229.462,0.2,0.8653350866575523,1,1,0.5544646878002991,TP
Card Purchase,Mobile App,Web Browser,0,Student,Dormant,500k-999k,7.4080395372684,0.2588190451025207,0.9659258262890684,1,52,67.0,44679.2725,0.125,0.6918689387580724,0,1,0.5138946555047667,FP
Transfer,Mobile App,iOS,1,Everyday,Active,100k-249k,10.83761997070994,0.2588190451025207,0.9659258262890684,1,13,29.3,30267.046666666665,0.0,1.0503760190772025,0,1,0.6233069603254204,FP
Bill Payment,Mobile App,POS Terminal,0,Everyday,Active,100k-249k,8.14393870616908,0.2588190451025207,0.9659258262890684,1,80,60.6,18480.76,0.4,0.8289384597502162,0,1,0.5332521806474926,FP
Card Purchase,POS,Android,0,Student,Active,500k-999k,10.13495436917574,0.2588190451025207,0.9659258262890684,1,18,66.7,59058.670000000006,0.0,0.9225081308450253,0,0,0.4343391074290396,TN
Transfer,Web,POS Terminal,0,Student,Active,1m+,7.206525648419339,0.2588190451025207,0.9659258262890684,1,36,53.5,68816.73749999999,0.25,0.6469508382630006,0,1,0.574971632961028,FP
Bill Payment,Mobile App,Web Browser,0,SME,Active,500k-999k,7.612608673672119,0.2588190451025207,0.9659258262890684,1,59,37.4,39546.59444444444,0.4444444444444444,0.719170673851508,0,1,0.501001658127126,FP
Bill Payment,Web,iOS,0,Student,Active,Below 100k,7.308355238088994,0.4999999999999999,0.8660254037844387,1,66,83.8,23762.09111111112,0.1111111111111111,0.725331068849502,1,0,0.4697097804037096,FN
Transfer,Mobile App,Web Browser,0,Everyday,Active,250k-499k,11.50281805678106,0.4999999999999999,0.8660254037844387,1,17,42.1,45523.3,0.0,1.0724236824337612,0,1,0.6136537425564716,FP
Deposit,USSD,Web Browser,0,Everyday,Active,250k-499k,7.495075168294812,0.4999999999999999,0.8660254037844387,1,79,57.6,98576.42666666668,0.0,0.6518251568346335,1,1,0.5070144073786992,TP
Card Purchase,Web,Android,0,Student,Active,1m+,7.316129484892428,0.4999999999999999,0.8660254037844387,1,36,69.6,76575.87181818181,0.2727272727272727,0.6505510148464323,0,0,0.46471600506175825,TN
Transfer,USSD,iOS,0,Everyday,Active,500k-999k,9.666140482123089,0.4999999999999999,0.8660254037844387,1,18,26.6,51106.37777777777,0.1111111111111111,0.8915718584733083,0,1,0.5769628591568834,FP
Cash Withdrawal,Mobile App,iOS,0,Everyday,Active,250k-499k,7.393293863521244,0.7071067811865476,0.7071067811865476,1,64,41.9,32910.03428571428,0.1428571428571428,0.7107867992738445,0,1,0.5316939582483015,FP
Cash Withdrawal,Mobile App,iOS,0,SME,Active,250k-499k,6.969734277334116,0.7071067811865476,0.7071067811865476,1,41,78.1,73324.3475,0.25,0.6221498520313573,0,1,0.5584499680245739,FP
Transfer,Web,Android,0,Student,Active,250k-499k,10.916049820145696,0.7071067811865476,0.7071067811865476,1,74,80.2,95545.8575,0.5,0.9519225296319892,1,1,0.5787777137453177,TP
Deposit,POS,Android,0,Premium,Active,100k-249k,10.927379168567391,0.7071067811865476,0.7071067811865476,1,55,79.1,136949.07714285716,0.1428571428571428,0.9239059539723852,0,0,0.45369370419358784,TN
Deposit,Web,iOS,0,Everyday,Active,100k-249k,6.963823654501674,0.7071067811865476,0.7071067811865476,1,17,67.7,2344.542857142857,0.1428571428571428,0.8973684840157783,1,0,0.4767918410230373,FN
Deposit,POS,Web Browser,0,Student,Active,250k-499k,7.226441710296608,0.7071067811865476,0.7071067811865476,1,33,86.9,15578.751111111113,0.2222222222222222,0.7485649275653264,0,1,0.5037772439967891,FP
Card Purchase,Mobile App,iOS,0,Student,Active,500k-999k,7.107900381799215,0.8660254037844386,0.5000000000000001,1,90,76.4,16111.802500000002,0.375,0.7337286390833748,0,0,0.45592990620672735,TN
Deposit,ATM,iOS,0,Everyday,Active,500k-999k,12.844208681686762,0.8660254037844386,0.5000000000000001,1,63,76.1,24666.01111111111,0.0,1.2700412016572251,1,1,0.7018573588981525,TP
Deposit,ATM,iOS,1,Everyday,Active,250k-499k,11.183835809908285,0.8660254037844386,0.5000000000000001,1,15,61.2,17078.6725,0.25,1.1475727488127203,0,1,0.5761392696565925,FP
Airtime/Data,Web,ATM Terminal,0,Premium,Active,Below 100k,9.607998417456738,0.8660254037844386,0.5000000000000001,1,16,73.0,54688.81363636363,0.1818181818181818,0.8807055910952751,1,1,0.513413569978174,TP
Airtime/Data,Mobile App,iOS,0,Everyday,Active,250k-499k,9.32511800704829,0.8660254037844386,0.5000000000000001,1,82,50.8,97981.17454545456,0.2727272727272727,0.8114061224407986,0,1,0.507770334669699,FP
Card Purchase,ATM,POS Terminal,0,SME,Active,100k-249k,11.992130753795612,0.9659258262890684,0.2588190451025207,0,34,93.8,6234.84,0.2222222222222222,1.3724006231430963,1,0,0.40751553007733843,FN
Transfer,Web,Android,0,Student,Active,250k-499k,12.677955040040665,0.9659258262890684,0.2588190451025207,0,62,76.7,33564.35428571429,0.4285714285714285,1.2165484385567518,1,1,0.7029361911595757,TP
Transfer,Mobile App,POS Terminal,0,Everyday,Active,1m+,6.6737150741927165,0.9659258262890684,0.2588190451025207,0,27,100.0,68280.98142857142,0.0,0.5995395329744693,0,1,0.5799105022960342,FP
Card Purchase,Mobile App,POS Terminal,0,Everyday,Active,100k-249k,5.851800099980007,0.9659258262890684,0.2588190451025207,0,4,96.9,34182.42333333333,0.3333333333333333,0.5605443059333944,0,0,0.3451044809880399,TN
Deposit,Mobile App,iOS,0,SME,Active,100k-249k,10.16413033610528,0.9659258262890684,0.2588190451025207,0,1,94.5,29082.878000000004,0.4,0.9889268714457198,0,0,0.4125585386298484,TN
Bill Payment,Web,POS Terminal,0,Premium,Active,Below 100k,7.654770187230627,0.9659258262890684,0.2588190451025207,0,55,40.7,37869.170000000006,0.1666666666666666,0.7261268256777732,0,0,0.3840087291553406,TN
Bill Payment,Web,ATM Terminal,0,Everyday,Active,Below 100k,8.888099980500115,1.0,6.123233995736766e-17,0,51,39.2,41421.58,0.1428571428571428,0.8360092095338987,0,0,0.37636969245292234,TN
Card Purchase,Mobile App,Android,1,SME,Active,1m+,6.285681470832081,1.0,6.123233995736766e-17,0,42,62.7,66483.48,0.2857142857142857,0.5660367223005955,0,0,0.4598478667012085,TN
Transfer,Mobile App,Web Browser,0,Everyday,Active,Below 100k,12.397053973039922,1.0,6.123233995736766e-17,0,44,100.0,63857.12,0.0,1.120443282509371,0,1,0.6288520558436681,FP
Transfer,Mobile App,POS Terminal,0,SME,Active,100k-249k,11.480350825660272,1.0,6.123233995736766e-17,0,92,62.5,83770.122,0.1,1.0127478121275073,1,0,0.44393678573339884,FN
Cash Withdrawal,Mobile App,Android,0,Everyday,Active,100k-249k,9.956292503794495,1.0,6.123233995736766e-17,0,20,46.1,105448.745,0.0,0.8608249448397675,0,0,0.4400609274256531,TN
Deposit,Web,POS Terminal,0,Premium,Active,250k-499k,9.9545199628964,1.0,6.123233995736766e-17,0,87,57.2,137803.4233333333,0.3333333333333333,0.8412087408108031,0,0,0.3382466813703868,TN
Deposit,POS,Android,0,Everyday,Active,Below 100k,9.97694431269734,0.9659258262890684,-0.2588190451025206,0,38,63.2,101139.02625,0.25,0.8657339598577246,0,0,0.3467726595014621,TN
Card Purchase,POS,iOS,0,Everyday,Active,1m+,9.647348719793754,0.9659258262890684,-0.2588190451025206,0,44,90.6,89254.87272727273,0.1818181818181818,0.846313410292655,0,0,0.30311155628059056,TN
Airtime/Data,USSD,Android,0,Premium,Active,250k-499k,7.994588465613951,0.9659258262890684,-0.2588190451025206,0,68,82.0,106936.9275,0.0,0.6903787411610351,0,0,0.33112771400977303,TN
Transfer,Mobile App,iOS,0,Student,Active,250k-499k,9.49505604902436,0.9659258262890684,-0.2588190451025206,0,88,66.3,13239.502142857144,0.2142857142857142,1.000423588548043,1,0,0.4540216219463933,FN
Card Purchase,Mobile App,Android,0,Premium,Dormant,100k-249k,10.048983459055854,0.9659258262890684,-0.2588190451025206,0,63,81.3,60923.01875,0.25,0.9121025988261454,0,0,0.3472987865872408,TN
Transfer,POS,iOS,0,Everyday,Active,500k-999k,11.418321335853443,0.8660254037844387,-0.4999999999999998,0,1,98.3,38381.38833333333,0.1666666666666666,1.081756361742665,0,1,0.5145344214602801,FP
Transfer,ATM,iOS,0,Student,Active,Below 100k,10.588258500200414,0.8660254037844387,-0.4999999999999998,0,95,64.5,11304.87,0.0,1.1344873845763574,1,0,0.4732432630316791,FN
Airtime/Data,Mobile App,iOS,0,Everyday,Active,250k-499k,7.038371175675732,0.8660254037844387,-0.4999999999999998,0,44,87.4,7449.344999999999,0.25,0.7894076767492743,0,0,0.36250982545445387,TN
Deposit,ATM,POS Terminal,0,Everyday,Active,Below 100k,9.62209101797114,0.8660254037844387,-0.4999999999999998,0,43,77.9,39693.84111111111,0.1111111111111111,0.9086894288229606,0,0,0.35783663106378605,TN
Transfer,Mobile App,ATM Terminal,0,Student,Active,250k-499k,6.88587770046282,0.8660254037844387,-0.4999999999999998,0,84,84.9,30851.21125,0.25,0.6661412284577082,0,1,0.5009277263642962,FP
Transfer,USSD,Android,0,Everyday,Restricted,500k-999k,9.034628920221834,0.8660254037844387,-0.4999999999999998,0,38,52.1,53440.874,0.4,0.8299043319379115,0,1,0.5398940865961978,FP
Transfer,POS,POS Terminal,0,Everyday,Active,500k-999k,11.559887005845775,0.7071067811865476,-0.7071067811865475,0,34,41.0,19300.956,0.0,1.1714564098925149,0,1,0.505071840234723,FP
Transfer,Mobile App,iOS,0,Everyday,Active,Below 100k,6.668037633046874,0.7071067811865476,-0.7071067811865475,0,64,53.8,25785.49625,0.125,0.6564575826501805,0,0,0.4977298273561312,TN
Bill Payment,Mobile App,iOS,0,Everyday,Active,Below 100k,7.145353851265932,0.7071067811865476,-0.7071067811865475,0,5,80.8,1371.29,0.0,0.9890808795226184,1,0,0.3477793789747872,FN
Cash Withdrawal,Mobile App,Android,0,Everyday,Active,500k-999k,11.560239397188116,0.7071067811865476,-0.7071067811865475,0,89,51.7,36548.914,0.2,1.1003009464197808,0,0,0.4366483498933496,TN
Card Purchase,Mobile App,Android,0,Premium,Active,250k-499k,9.336990643899671,0.7071067811865476,-0.7071067811865475,0,35,69.8,46237.863,0.2,0.8692384356544334,0,0,0.3208701276512422,TN
Transfer,Mobile App,Android,0,Everyday,Active,100k-249k,10.780389221086908,0.4999999999999999,-0.8660254037844387,0,49,77.3,7577.6,0.25,1.206793701332462,0,0,0.4826304005378056,TN
Transfer,USSD,ATM Terminal,1,Premium,Dormant,1m+,8.40220424864423,0.4999999999999999,-0.8660254037844387,0,80,55.7,9350.436666666666,0.0,0.9189480591962306,1,1,0.5718930856781567,TP
Card Purchase,POS,iOS,0,SME,Active,1m+,8.830743282958412,0.4999999999999999,-0.8660254037844387,0,71,69.6,55347.880000000005,0.4,0.8085715952344993,0,0,0.3069848293147769,TN
Bill Payment,ATM,Android,0,Student,Restricted,100k-249k,10.249716678388165,0.4999999999999999,-0.8660254037844387,0,33,92.9,88147.4975,0.5,0.9001419497055437,0,0,0.35916966695032,TN
Airtime/Data,POS,iOS,0,Premium,Active,Below 100k,10.049479612579734,0.4999999999999999,-0.8660254037844387,0,75,46.4,6867.065,0.0,1.1375089697599428,0,0,0.3184578263531667,TN
Transfer,Mobile App,Android,0,Everyday,Restricted,100k-249k,12.841548048148423,0.4999999999999999,-0.8660254037844387,0,54,80.7,28411.25,0.1666666666666666,1.252274931935613,0,1,0.6344777047484859,FP
Card Purchase,ATM,Web Browser,0,Student,Active,Below 100k,11.147747472360036,0.258819045102521,-0.9659258262890682,0,89,87.0,89011.75555555556,0.1111111111111111,0.9781699009547772,0,0,0.350295920745561,TN
Transfer,ATM,Android,0,Student,Active,250k-499k,6.674914864689064,0.258819045102521,-0.9659258262890682,0,90,47.0,2765.814,0.0,0.8422125412645655,0,0,0.4729449296283789,TN
Transfer,POS,POS Terminal,0,Everyday,Active,250k-499k,8.550450001957682,0.258819045102521,-0.9659258262890682,0,95,52.7,103829.634,0.0,0.7402656086207213,0,0,0.46723695918592484,TN
Transfer,Mobile App,ATM Terminal,0,SME,Active,Below 100k,11.308863079781272,0.258819045102521,-0.9659258262890682,0,86,72.6,20446.92625,0.25,1.139358951379715,0,0,0.4845984151458223,TN
Airtime/Data,POS,Android,0,Everyday,Active,100k-249k,7.203331113553019,0.258819045102521,-0.9659258262890682,0,68,84.1,46581.5925,0.125,0.6701407612658625,1,0,0.33157805756346304,FN
Deposit,POS,Android,0,Premium,Active,100k-249k,9.766513669907814,1.2246467991473532e-16,-1.0,0,26,56.7,92205.76833333333,0.0,0.8543294340906933,0,0,0.3162936671759729,TN
Transfer,Web,Web Browser,0,Everyday,Active,250k-499k,11.617852166544331,1.2246467991473532e-16,-1.0,0,33,28.4,90454.99888888888,0.3333333333333333,1.017983020252014,0,0,0.49375969312022844,TN
Card Purchase,Mobile App,Android,0,SME,Active,250k-499k,11.03512044384713,1.2246467991473532e-16,-1.0,0,78,78.8,100488.1425,0.0,0.9580923167735066,0,0,0.2975594495582127,TN
Card Purchase,USSD,Android,1,Everyday,Active,250k-499k,10.766387001308988,1.2246467991473532e-16,-1.0,0,77,53.0,83222.90583333334,0.3333333333333333,0.9503143693764854,0,1,0.5054167947211637,FP
Transfer,Mobile App,Web Browser,0,Student,Active,250k-499k,8.627083830552587,1.2246467991473532e-16,-1.0,0,27,84.9,27585.662,0.2,0.8437173455701539,0,1,0.505574365776564,FP
Cash Withdrawal,Mobile App,Android,0,SME,Active,100k-249k,8.167008568276202,1.2246467991473532e-16,-1.0,0,58,81.7,85296.70714285714,0.5714285714285714,0.7193128806783124,0,0,0.424097442649863,TN
Cash Withdrawal,Mobile App,iOS,0,Everyday,Active,Below 100k,8.88867674464855,-0.2588190451025208,-0.9659258262890684,0,52,100.0,58757.42444444444,0.4444444444444444,0.8094456878681879,0,0,0.42854343805069833,TN
Card Purchase,ATM,Android,0,Premium,Active,1m+,10.190521164783028,-0.2588190451025208,-0.9659258262890684,0,80,63.2,7194.115,0.25,1.1474316323242228,0,0,0.3105896586510134,TN
Deposit,POS,Android,0,Premium,Active,250k-499k,9.297121555806733,-0.2588190451025208,-0.9659258262890684,0,9,78.2,2175.125,0.0,1.2097276988753234,0,0,0.34819528948648554,TN
Cash Withdrawal,ATM,iOS,0,Everyday,Active,250k-499k,7.214283639230278,-0.2588190451025208,-0.9659258262890684,0,56,79.8,929.1,0.0,1.05544628174412,0,0,0.43311387917019917,TN
Transfer,Mobile App,iOS,0,SME,Active,1m+,11.661681534302252,-0.2588190451025208,-0.9659258262890684,0,19,90.9,11144.5325,0.25,1.251415312360013,0,0,0.494656438566518,TN
Card Purchase,USSD,iOS,0,Everyday,Active,500k-999k,6.111733379498927,-0.4999999999999997,-0.8660254037844388,0,43,89.9,37215.193333333336,0.1666666666666666,0.5807148857349156,0,0,0.27444502973642904,TN
Transfer,Web,Android,0,SME,Active,100k-249k,12.990704356511609,-0.4999999999999997,-0.8660254037844388,0,7,58.7,32070.655,0.3333333333333333,1.2520282417964093,0,1,0.6696736449750639,FP
Cash Withdrawal,USSD,POS Terminal,0,Everyday,Dormant,100k-249k,11.66487329172583,-0.4999999999999997,-0.8660254037844388,0,69,81.8,38736.8625,0.0,1.1041500263968698,0,0,0.40343527087431585,TN
Cash Withdrawal,POS,Web Browser,0,SME,Active,500k-999k,12.188139656370868,-0.4999999999999997,-0.8660254037844388,0,33,39.9,11213.93,0.2222222222222222,1.3070389363007462,1,1,0.5582552375330098,TP
Deposit,Mobile App,iOS,0,Student,Active,100k-249k,12.36648825961008,-0.4999999999999997,-0.8660254037844388,0,92,50.4,36573.494,0.4,1.1769642182323494,0,1,0.5292981763468547,FP
Deposit,Mobile App,iOS,0,Everyday,Active,250k-499k,7.570386549418882,-0.4999999999999997,-0.8660254037844388,0,61,59.8,135681.35666666666,0.0,0.6405771317530081,0,0,0.2999630242763906,TN
Deposit,Mobile App,ATM Terminal,0,SME,Active,100k-249k,9.651118568406613,-0.7071067811865471,-0.7071067811865479,0,46,80.6,56231.23,0.2,0.8824085271548849,0,0,0.3155687833599083,TN
Card Purchase,Web,POS Terminal,0,Student,Active,250k-499k,11.511787818095351,-0.7071067811865471,-0.7071067811865479,0,63,75.9,220057.7825,0.0,0.9357921769978912,0,0,0.31713477625205444,TN
Cash Withdrawal,POS,iOS,0,SME,Restricted,1m+,7.410147440867307,-0.7071067811865471,-0.7071067811865479,0,49,58.0,13730.73,0.25,0.7777669963368286,0,0,0.452738827130794,TN
Bill Payment,Mobile App,Android,0,Student,Active,100k-249k,7.832291919710142,-0.7071067811865471,-0.7071067811865479,0,51,79.4,53448.490000000005,0.4,0.7194504575095921,0,0,0.3407460715218864,TN
Transfer,Mobile App,iOS,0,Everyday,Active,Below 100k,9.392080926687775,-0.7071067811865471,-0.7071067811865479,0,75,86.3,6323.043333333334,0.3333333333333333,1.0731214050097315,0,0,0.46565896363050685,TN
Card Purchase,ATM,iOS,0,Everyday,Active,500k-999k,8.582040414900336,-0.7071067811865471,-0.7071067811865479,0,25,94.5,41469.052,0.3,0.8071344792873599,0,0,0.3269140223117082,TN
Transfer,Web,ATM Terminal,0,Everyday,Active,500k-999k,12.63540091663943,-0.8660254037844385,-0.5000000000000004,0,16,100.0,52977.985,0.0,1.1615928269885338,1,1,0.6371312450482158,TP
Card Purchase,ATM,Android,0,Everyday,Active,Below 100k,8.231594281008284,-0.8660254037844385,-0.5000000000000004,0,60,70.3,242394.3671428572,0.2857142857142857,0.6639279097615955,0,0,0.32640584763392994,TN
Deposit,ATM,Web Browser,0,Everyday,Active,100k-249k,8.473418926564714,-0.8660254037844385,-0.5000000000000004,0,4,96.9,25723.5325,0.25,0.8343920950048269,0,0,0.34844732538877865,TN
Transfer,Mobile App,Android,0,Everyday,Active,100k-249k,9.24132534122395,-0.8660254037844385,-0.5000000000000004,0,60,66.7,67645.814,0.4,0.830900844754741,0,0,0.49997201328773533,TN
Bill Payment,POS,Android,0,Premium,Active,100k-249k,8.312954805976624,-0.8660254037844385,-0.5000000000000004,0,52,55.6,67131.798,0.4,0.7479426569392251,0,0,0.34390515062846383,TN
Card Purchase,ATM,Android,0,Everyday,Active,100k-249k,9.69106816625154,-0.9659258262890684,-0.2588190451025206,0,86,64.4,6103.053333333333,0.0,1.1117807113869766,0,0,0.3476197058827207,TN
Airtime/Data,ATM,Android,0,SME,Active,Below 100k,10.783426077157296,-0.9659258262890684,-0.2588190451025206,0,54,53.8,189435.3933333333,0.0,0.8873926869060021,0,0,0.3604166385971082,TN
Cash Withdrawal,Mobile App,Web Browser,0,Everyday,Active,1m+,9.952431514401898,-0.9659258262890684,-0.2588190451025206,0,14,51.0,53988.888,0.0,0.9133560294920826,0,0,0.4319299250950699,TN
Airtime/Data,Web,Android,0,Premium,Active,250k-499k,7.478294050474703,-0.9659258262890684,-0.2588190451025206,0,83,51.1,162920.70833333334,0.0,0.6231379420442464,0,0,0.3495924361841376,TN
Transfer,Web,Android,0,Everyday,Active,Below 100k,10.254259910438243,-0.9659258262890684,-0.2588190451025206,0,3,84.2,86509.83,0.2,0.9020265184155544,1,1,0.5036294730852395,TP
Airtime/Data,Mobile App,Android,0,Everyday,Dormant,100k-249k,10.694260411880514,-0.9659258262890684,-0.2588190451025206,0,81,41.2,45227.84428571428,0.0,0.997646352802798,0,0,0.34560655237868415,TN
Card Purchase,POS,POS Terminal,0,Everyday,Active,1m+,9.700644666241423,-1.0,-1.8369701987210292e-16,0,65,71.6,45904.27285714285,0.2857142857142857,0.9037024115041355,0,0,0.33426544310911394,TN
Cash Withdrawal,Mobile App,Android,0,Premium,Dormant,Below 100k,7.587041843478894,-1.0,-1.8369701987210292e-16,0,75,70.7,16985.52375,0.125,0.7789430257051129,1,0,0.46623791023428757,FN
Transfer,Mobile App,ATM Terminal,0,Everyday,Active,500k-999k,12.423075863524122,-1.0,-1.8369701987210292e-16,0,12,63.9,25927.654166666664,0.1666666666666666,1.2223702418610145,0,1,0.6531641801812329,FP
Bill Payment,Mobile App,iOS,0,Everyday,Active,500k-999k,9.34505656245046,-1.0,-1.8369701987210292e-16,0,84,57.2,9231.681666666664,0.1666666666666666,1.0234983435418972,0,0,0.31729660084582983,TN
Airtime/Data,Mobile App,Android,1,SME,Active,250k-499k,5.591471937527057,-1.0,-1.8369701987210292e-16,0,81,61.0,18340.35,0.0,0.5695753580213064,0,0,0.3311556967385617,TN
Bill Payment,Mobile App,POS Terminal,0,Premium,Active,1m+,7.4364168915956546,-0.9659258262890684,0.2588190451025203,0,26,71.5,19680.11375,0.25,0.7521093299515743,0,0,0.3668464930022224,TN
Cash Withdrawal,Mobile App,iOS,0,SME,Active,100k-249k,7.573798441850023,-0.9659258262890684,0.2588190451025203,0,36,62.5,38678.9,0.1666666666666666,0.717006949272,1,0,0.4839134444409736,FN
Card Purchase,ATM,Android,0,Student,Active,100k-249k,11.849705368542825,-0.9659258262890684,0.2588190451025203,0,47,56.6,38807.096666666665,0.1111111111111111,1.1214532015649523,0,0,0.35495857188262486,TN
Card Purchase,Web,Android,0,Everyday,Active,100k-249k,6.1591165299175,-0.9659258262890684,0.2588190451025203,0,55,61.3,45186.3275,0.125,0.5746209991461259,0,0,0.32681956322864686,TN
Card Purchase,Mobile App,Android,1,Premium,Active,500k-999k,10.59379721113567,-0.9659258262890684,0.2588190451025203,0,76,67.6,19376.92142857143,0.0,1.073127598889473,1,1,0.5658935001888562,TP
Card Purchase,Mobile App,Android,0,Everyday,Dormant,Below 100k,7.86414326281409,-0.9659258262890684,0.2588190451025203,0,73,67.8,14380.328571428572,0.1428571428571428,0.8214331709499647,0,0,0.378210186948181,TN
Deposit,Web,Android,0,Premium,Active,100k-249k,7.439717933449585,-0.8660254037844386,0.5000000000000001,0,52,55.6,56622.38833333333,0.3333333333333333,0.6797877685409325,0,0,0.34215835908100345,TN
Deposit,POS,Android,0,Everyday,Active,Below 100k,9.749981414946888,-0.8660254037844386,0.5000000000000001,0,61,68.9,128662.47333333331,0.0,0.8287308337987114,0,0,0.33553767982241817,TN
Airtime/Data,POS,iOS,0,Everyday,Active,250k-499k,4.616802270217799,-0.8660254037844386,0.5000000000000001,0,64,41.9,28999.28625,0.125,0.4493211553079499,0,0,0.3446794783889452,TN
Card Purchase,Web,Web Browser,0,Everyday,Active,Below 100k,10.931835983785325,-0.8660254037844386,0.5000000000000001,0,43,60.8,169982.25666666668,0.3333333333333333,0.907699309143151,0,0,0.35639797993319516,TN
Card Purchase,ATM,Android,0,Premium,Active,Below 100k,9.170477292549856,-0.8660254037844386,0.5000000000000001,0,34,96.1,16847.625,0.25,0.9422990512064752,0,0,0.35503141352582296,TN
Cash Withdrawal,POS,Android,0,Premium,Active,250k-499k,9.402138550080918,-0.7071067811865477,0.7071067811865474,0,4,67.8,9516.47,0.0,1.0263352537882309,0,0,0.47733008107077723,TN
Cash Withdrawal,Mobile App,Android,0,SME,Active,1m+,11.4863127676965,-0.7071067811865477,0.7071067811865474,0,53,66.8,29811.528,0.0,1.1148854786165932,1,0,0.46739741443346,FN
Transfer,Mobile App,Android,0,Student,Active,250k-499k,9.747288025253622,-0.7071067811865477,0.7071067811865474,0,67,63.5,65479.72125,0.5,0.8789646346544924,0,1,0.5254377594443649,FP
Deposit,Web,ATM Terminal,0,SME,Active,500k-999k,10.807622096442202,-0.7071067811865477,0.7071067811865474,0,67,74.5,54929.22583333333,0.25,0.9902694977062476,0,0,0.3514658356609425,TN
Transfer,ATM,Android,0,Everyday,Active,250k-499k,11.75732580146664,-0.7071067811865477,0.7071067811865474,0,60,77.8,9720.24,0.4,1.2804659267110363,0,1,0.5457565543186758,FP
Card Purchase,Mobile App,Android,0,Everyday,Active,Below 100k,10.31325572251311,-0.7071067811865477,0.7071067811865474,0,25,48.1,130210.81857142856,0.0,0.8757177317301901,0,0,0.32011262039427213,TN
Deposit,Web,POS Terminal,0,Student,Active,250k-499k,11.225187657631954,-0.5000000000000004,0.8660254037844384,0,85,42.0,9405.987142857144,0.2857142857142857,1.2269026620930092,0,0,0.36786880225318047,TN
Airtime/Data,Mobile App,Web Browser,0,SME,Active,500k-999k,8.98125671310392,-0.5000000000000004,0.8660254037844384,0,91,33.6,115374.472,0.2,0.770529984797569,0,0,0.342961657803411,TN
Deposit,ATM,POS Terminal,0,Premium,Active,100k-249k,8.630670080026302,-0.5000000000000004,0.8660254037844384,0,85,75.8,44467.914,0.4,0.8064128247982645,0,0,0.30430792442668964,TN
Transfer,Mobile App,iOS,0,Everyday,Active,100k-249k,7.013078793955446,-0.5000000000000004,0.8660254037844384,0,62,63.6,49164.16428571429,0.1428571428571428,0.6491823891256501,0,1,0.5339843155979537,FP
Card Purchase,POS,iOS,0,Everyday,Active,250k-499k,9.687003030590622,-0.5000000000000004,0.8660254037844384,0,17,52.5,37915.249,0.1,0.918797207903165,0,0,0.3074200611617258,TN
Transfer,Mobile App,POS Terminal,0,SME,Active,Below 100k,7.738893269169816,-0.2588190451025215,0.965925826289068,0,79,86.6,6481.956666666666,0.0,0.8817310312479888,0,1,0.5193718165718293,FP
Airtime/Data,POS,iOS,0,SME,Active,1m+,4.90852873782488,-0.2588190451025215,0.965925826289068,0,42,62.7,58240.02375,0.25,0.4473545646930018,0,0,0.33636450674713214,TN
Transfer,Mobile App,iOS,0,Everyday,Active,Below 100k,7.944960139520883,-0.2588190451025215,0.965925826289068,0,50,81.8,4142.907499999999,0.25,0.9538460659436276,0,1,0.5317200395370231,FP
Airtime/Data,POS,Android,0,Everyday,Active,1m+,9.08147692466579,-0.2588190451025215,0.965925826289068,0,42,63.5,47922.511666666665,0.1666666666666666,0.8426438061472876,0,0,0.36382814260857316,TN
Airtime/Data,POS,Android,0,SME,Active,500k-999k,9.00785447447564,-0.2588190451025215,0.965925826289068,0,25,92.4,47937.27,0.3333333333333333,0.8357887148858055,0,0,0.3709411973111424,TN
Deposit,Mobile App,iOS,0,Student,Active,500k-999k,12.825084442022233,-0.2588190451025215,0.965925826289068,0,6,57.5,119109.71285714286,0.2857142857142857,1.0973044453002052,0,0,0.4813442218094452,TN
Transfer,Mobile App,iOS,0,Premium,Active,Below 100k,10.80779254151072,0.0,1.0,1,54,81.0,8261.164,0.2,1.198277316932318,1,1,0.6250331215122524,TP
Transfer,ATM,iOS,0,Everyday,Active,Below 100k,9.205903543794715,0.0,1.0,1,79,86.8,12577.0075,0.25,0.975232109018904,0,1,0.6026704346301888,FP
Deposit,Mobile App,Web Browser,0,Everyday,Active,250k-499k,8.614488671933577,0.0,1.0,1,23,67.3,27756.54,0.2857142857142857,0.8419770702207772,0,1,0.5229180081632601,FP
Deposit,USSD,Android,1,Everyday,Active,500k-999k,11.876103756229565,0.0,1.0,1,88,61.1,15021.8275,0.5,1.2348654462629354,1,1,0.6304184415243653,TP
Airtime/Data,Mobile App,ATM Terminal,0,Student,Active,Below 100k,7.166181028440913,0.0,1.0,1,29,54.7,84788.215,0.1666666666666666,0.6314971144304727,0,1,0.5118822091258459,FP
Transfer,Mobile App,Web Browser,0,SME,Active,100k-249k,11.761891215042311,0.0,1.0,1,93,55.7,62785.7275,0.25,1.0646655167347192,0,1,0.5887452251569987,FP
Bill Payment,Mobile App,ATM Terminal,0,Everyday,Active,100k-249k,10.726811097652805,0.2588190451025207,0.9659258262890684,1,19,68.6,40602.12375,0.25,1.010857063242369,0,1,0.5144202251521293,FP
Card Purchase,Mobile App,Android,0,SME,Active,100k-249k,7.953086333707285,0.2588190451025207,0.9659258262890684,1,2,37.0,96943.2577777778,0.1111111111111111,0.6926634328535402,0,0,0.46025560100166035,TN
Card Purchase,Web,ATM Terminal,0,Premium,Active,500k-999k,7.903574124610625,0.2588190451025207,0.9659258262890684,1,20,77.2,10684.533333333333,0.5,0.8519861656724218,0,0,0.491814125529293,TN
Cash Withdrawal,ATM,Web Browser,0,Everyday,Active,1m+,11.952352547373035,0.2588190451025207,0.9659258262890684,1,37,82.5,60684.301666666666,0.0,1.0852498687580558,1,1,0.5946875237955624,TP
Card Purchase,ATM,Android,0,SME,Active,500k-999k,8.245287350544094,0.2588190451025207,0.9659258262890684,1,83,57.2,6320.012857142857,0.0,0.9421425366565892,0,1,0.512998927557731,FP
Transfer,POS,iOS,0,Everyday,Active,Below 100k,11.022593079646835,0.4999999999999999,0.8660254037844387,1,33,39.9,52222.885,0.0,1.0146638602664817,1,1,0.5554304967680411,TP
Transfer,Mobile App,Android,0,Everyday,Active,100k-249k,8.784822035173931,0.4999999999999999,0.8660254037844387,1,51,78.7,39841.83,0.0,0.8293281133902126,1,1,0.6323913127422087,TP
Card Purchase,POS,Android,0,Premium,Active,100k-249k,10.381767463681808,0.4999999999999999,0.8660254037844387,1,72,55.7,89093.71599999999,0.0,0.9108846828999384,0,0,0.43443852190899424,TN
Card Purchase,Mobile App,Android,0,Everyday,Active,Below 100k,6.815387765285878,0.4999999999999999,0.8660254037844387,1,12,91.7,50868.11000000001,0.3333333333333333,0.6288992117778233,0,0,0.49643624448465506,TN
Card Purchase,Mobile App,Android,0,Everyday,Active,250k-499k,11.050899052951788,0.4999999999999999,0.8660254037844387,1,41,36.2,4863.360000000001,0.2,1.3016845712783385,0,1,0.5740555390160834,FP
Transfer,Mobile App,Web Browser,0,Everyday,Active,Below 100k,12.902449779170995,0.4999999999999999,0.8660254037844387,1,79,86.8,12052.552,0.2,1.3730224899899337,1,1,0.7004860453383841,TP
Airtime/Data,POS,POS Terminal,0,Everyday,Active,Below 100k,9.364232446939514,0.7071067811865476,0.7071067811865476,1,41,66.3,40745.52857142857,0.1428571428571428,0.8821593367504079,0,0,0.4908696233871718,TN
Deposit,ATM,Android,0,Everyday,Dormant,500k-999k,9.260504829467036,0.7071067811865476,0.7071067811865476,1,1,70.4,29712.365,0.2857142857142857,0.8991346861867092,0,0,0.4475117835561702,TN
Deposit,ATM,Android,0,Everyday,Active,Below 100k,10.544966894891534,0.7071067811865476,0.7071067811865476,1,6,92.2,32700.498571428576,0.1428571428571428,1.014409636598424,0,0,0.4743601098631002,TN
Transfer,ATM,Android,0,Premium,Active,1m+,10.76951435478184,0.7071067811865476,0.7071067811865476,1,32,88.7,43104.41,0.125,1.0091937824164288,0,1,0.6171502282718736,FP
Transfer,Mobile App,iOS,0,Everyday,Active,250k-499k,7.527142888228201,0.7071067811865476,0.7071067811865476,1,16,61.8,34975.92166666667,0.3333333333333333,0.7194440490024879,0,1,0.6322954029077462,FP
Deposit,Mobile App,Android,0,Everyday,Active,250k-499k,8.761227405352441,0.8660254037844386,0.5000000000000001,1,5,59.0,14345.185,0.1666666666666666,0.9153702150036384,0,0,0.4881547796447648,TN
Transfer,Mobile App,iOS,0,Everyday,Active,500k-999k,11.668577959366374,0.8660254037844386,0.5000000000000001,1,10,79.1,91742.615,0.5,1.021163035860425,0,1,0.5803860088845261,FP
Card Purchase,Mobile App,POS Terminal,0,Everyday,Active,500k-999k,11.75071294860013,0.8660254037844386,0.5000000000000001,1,46,80.7,25719.2625,0.0,1.1571317736444229,1,0,0.4958797203549356,FN
Transfer,Web,iOS,0,Everyday,Active,100k-249k,8.067098850444864,0.8660254037844386,0.5000000000000001,1,73,63.7,34373.938,0.0,0.7723345832911945,1,1,0.6141388102594484,TP
Card Purchase,ATM,Android,0,Student,Active,100k-249k,6.649152929630518,0.8660254037844386,0.5000000000000001,1,85,41.4,37354.82,0.0,0.6315538401795624,1,0,0.4445301432537406,FN
Deposit,Mobile App,Android,0,Everyday,Active,100k-249k,13.33844017794926,0.8660254037844386,0.5000000000000001,1,31,59.5,42681.28,0.0,1.2510801697410572,0,1,0.6313749645254945,FP
Deposit,Mobile App,iOS,0,Everyday,Active,500k-999k,9.004018293042002,0.9659258262890684,0.2588190451025207,0,16,59.6,58706.624285714286,0.1428571428571428,0.8200138328314208,0,0,0.43126232922160124,TN
Airtime/Data,Mobile App,Android,0,SME,Active,Below 100k,9.443166495527144,0.9659258262890684,0.2588190451025207,0,86,72.6,27235.062222222223,0.2222222222222222,0.9246858291299012,0,0,0.4289832957156754,TN
Airtime/Data,Web,iOS,0,Everyday,Active,100k-249k,6.96152350819032,0.9659258262890684,0.2588190451025207,0,8,76.5,125056.75125,0.5,0.5931500164644143,0,0,0.4298114988485876,TN
Bill Payment,ATM,Android,0,SME,Dormant,Below 100k,11.243138187988404,0.9659258262890684,0.2588190451025207,0,30,68.8,101007.05222222222,0.1111111111111111,0.9757165313012104,0,0,0.40664917772538495,TN
Card Purchase,ATM,Android,0,Premium,Active,1m+,9.53904609861354,0.9659258262890684,0.2588190451025207,0,26,71.5,17681.84111111111,0.2222222222222222,0.9753276804496992,0,0,0.4020621552450008,TN
Transfer,Web,POS Terminal,0,Premium,Active,100k-249k,9.03849692752632,1.0,6.123233995736766e-17,0,76,79.8,55441.27,0.25,0.8274664638693809,0,1,0.5012950381280951,FP
Cash Withdrawal,Mobile App,ATM Terminal,0,Everyday,Active,250k-499k,7.892788184254437,1.0,6.123233995736766e-17,0,84,86.4,22017.47666666667,0.0,0.7893074522621332,0,0,0.41610669207475637,TN
Transfer,POS,Android,0,Student,Active,Below 100k,7.953522192214831,1.0,6.123233995736766e-17,0,35,82.9,32997.548,0.4,0.7644516435999819,0,1,0.5048909472124806,FP
Deposit,POS,Android,0,SME,Active,250k-499k,12.521834210564892,1.0,6.123233995736766e-17,0,78,73.7,71297.75571428573,0.2857142857142857,1.1205587616614825,1,1,0.5256299004039309,TP
Card Purchase,Mobile App,Web Browser,0,Everyday,Active,100k-249k,6.070368144703448,1.0,6.123233995736766e-17,0,8,57.7,17924.405714285713,0.4285714285714285,0.6198064196674211,0,0,0.31416103136144247,TN
Bill Payment,ATM,ATM Terminal,0,Premium,Active,250k-499k,7.04648190299145,1.0,6.123233995736766e-17,0,72,59.2,32794.634999999995,0.0,0.6776733545603189,0,0,0.34595233334463205,TN
Bill Payment,POS,iOS,0,SME,Active,250k-499k,7.235936093713796,0.9659258262890684,-0.2588190451025206,0,30,88.4,12676.403333333334,0.3333333333333333,0.7659039493364355,0,0,0.3905824715715687,TN
Card Purchase,Web,POS Terminal,0,Student,Dormant,100k-249k,6.158037746933798,0.9659258262890684,-0.2588190451025206,0,43,81.5,14544.028333333334,0.0,0.6424658157216323,0,0,0.2836842179473381,TN
Bill Payment,POS,Android,0,Everyday,Active,1m+,9.8473985666542,0.9659258262890684,-0.2588190451025206,0,89,50.5,6534.201818181818,0.1818181818181818,1.1209385402806678,0,0,0.33369031713595754,TN
Deposit,Mobile App,Android,0,Everyday,Active,250k-499k,13.3361477963531,0.9659258262890684,-0.2588190451025206,0,94,72.4,93846.915,0.0,1.164786966238662,0,1,0.6267505298282972,FP
Bill Payment,Web,POS Terminal,0,Everyday,Active,500k-999k,6.9530918673704285,0.9659258262890684,-0.2588190451025206,0,29,82.8,32967.488333333335,0.1666666666666666,0.6683539708142969,0,0,0.35480123280232284,TN
Bill Payment,Mobile App,iOS,0,SME,Active,100k-249k,10.447635760408415,0.8660254037844387,-0.4999999999999998,0,7,58.7,90106.12285714288,0.2857142857142857,0.915756033188241,0,0,0.3658281884145278,TN
Card Purchase,Mobile App,Android,0,Student,Active,250k-499k,6.833947261837413,0.8660254037844387,-0.4999999999999998,0,10,75.9,111595.925,0.6666666666666666,0.5879853546519191,0,0,0.30009765378844977,TN
Airtime/Data,POS,Web Browser,0,Everyday,Dormant,Below 100k,10.6568585687261,0.8660254037844387,-0.4999999999999998,0,45,47.8,25398.422857142858,0.4285714285714285,1.0507150864848045,0,0,0.3794706878903966,TN
Card Purchase,Mobile App,Android,0,Everyday,Active,500k-999k,8.947483586240002,0.8660254037844387,-0.4999999999999998,0,54,54.4,12554.368333333332,0.0,0.9480371867701256,0,0,0.3150311242210118,TN
Deposit,Mobile App,Android,0,Everyday,Active,Below 100k,12.459905195125163,0.8660254037844387,-0.4999999999999998,0,96,83.4,22825.64625,0.125,1.2415601576349415,0,1,0.6293425980322506,FP
Deposit,Web,ATM Terminal,0,Premium,Active,250k-499k,8.025408466996844,0.8660254037844387,-0.4999999999999998,0,4,67.8,10165.6675,0.0,0.8697866859852224,0,0,0.3558980634263664,TN
Transfer,USSD,Android,0,Everyday,Active,250k-499k,12.236478176574328,0.7071067811865476,-0.7071067811865475,0,54,86.8,71543.89142857143,0.4285714285714285,1.0946851119708998,1,1,0.6140595046291967,TP
Airtime/Data,Mobile App,iOS,0,Premium,Active,100k-249k,5.118532589406052,0.7071067811865476,-0.7071067811865475,0,61,38.6,28833.0875,0.25,0.4984298667589266,0,0,0.30053708353162417,TN
Airtime/Data,Mobile App,iOS,0,SME,Active,100k-249k,4.756087071304952,0.7071067811865476,-0.7071067811865475,0,19,33.2,83566.83333333333,0.5,0.4196517562711302,0,0,0.3287030934360682,TN
Cash Withdrawal,Web,POS Terminal,0,Student,Active,500k-999k,10.822272970092747,0.7071067811865476,-0.7071067811865475,0,86,92.1,86816.474,0.1,0.9516961551987196,0,0,0.3973805685543508,TN
Bill Payment,POS,Android,0,Everyday,Active,250k-499k,6.780126432010229,0.7071067811865476,-0.7071067811865475,0,41,61.4,85804.32,0.3333333333333333,0.5968507168579188,0,0,0.34819780125075833,TN
Airtime/Data,Mobile App,iOS,0,Everyday,Active,250k-499k,9.98583590785246,0.7071067811865476,-0.7071067811865475,0,71,77.7,78101.04250000001,0.25,0.8863872233355714,0,0,0.32647959893309647,TN
Transfer,Mobile App,Android,0,Everyday,Active,100k-249k,10.440789660262066,0.4999999999999999,-0.8660254037844387,0,61,85.2,40573.804,0.0,0.9839681025664472,0,0,0.4806998324814275,TN
Airtime/Data,Mobile App,iOS,0,Student,Active,100k-249k,6.663375323004042,0.4999999999999999,-0.8660254037844387,0,55,66.5,19742.99,0.375,0.6737075956025825,0,0,0.3390523293014773,TN
Cash Withdrawal,Mobile App,Android,0,Everyday,Active,250k-499k,8.438933227044462,0.4999999999999999,-0.8660254037844387,0,82,50.8,90750.68,0.25,0.7392274229558338,0,0,0.4337663867577938,TN
Deposit,Mobile App,ATM Terminal,0,SME,Active,100k-249k,7.445055341576999,0.4999999999999999,-0.8660254037844387,0,51,82.1,24231.01,0.2,0.7374678953346655,0,0,0.3518080418054628,TN
Card Purchase,POS,Android,0,Student,Active,500k-999k,10.096703713688612,0.4999999999999999,-0.8660254037844387,0,70,69.2,51967.4725,0.375,0.9298525264370608,0,0,0.2953106893901985,TN
Card Purchase,POS,Android,0,Premium,Active,100k-249k,11.56995294246061,0.258819045102521,-0.9659258262890682,0,12,68.2,116900.59833333331,0.3333333333333333,0.9915044878323156,0,0,0.3060663423840397,TN
Deposit,USSD,Web Browser,0,Everyday,Active,1m+,11.865436180532631,0.258819045102521,-0.9659258262890682,0,67,99.6,16583.295,0.125,1.2211998731330445,0,0,0.34903951106475944,TN
Card Purchase,Mobile App,iOS,0,SME,Dormant,Below 100k,9.66606884427583,0.258819045102521,-0.9659258262890682,0,4,57.2,15049.265,0.0,1.0048775579960736,0,0,0.31396687622004793,TN
Card Purchase,Mobile App,Web Browser,0,Premium,Active,250k-499k,6.464712906518606,0.258819045102521,-0.9659258262890682,0,70,87.1,8152.384,0.4,0.7178078745647024,1,0,0.32540456572176185,FN
Cash Withdrawal,Mobile App,iOS,0,Everyday,Active,500k-999k,11.477488528297474,0.258819045102521,-0.9659258262890682,0,89,49.2,60620.10111111112,0.1111111111111111,1.0422333265114794,0,0,0.4267698576001351,TN
Card Purchase,Mobile App,POS Terminal,0,Premium,Active,1m+,11.879282386927043,0.258819045102521,-0.9659258262890682,0,87,93.6,82936.606,0.2,1.0488651021660482,0,0,0.3240826450417707,TN
